feature,weight
OFT_distance,0.0012965950972559995
Average_speed_OFT,-0.07350058640664549
Total_time_mobile_OFT,-0.030130854925768863
Absolute_turn_angle_OFT,0.051561985278676815
Time_inCenter_OFT,-0.037836077058635224
Total_distance_travelled_NOR1,-0.009568431062343955
Average_speed_NOR1,1.3174904940743933e-06
Time_investigating_Piramidka_NOR1,0.0034993650382522767
Latency_to_first_investigation_Piramidka_NOR1,-0.03327430343505883
Time_investigating_Stakan_NOR1,0.013570415150827997
Latency_to_first_investigation_Stakan_NOR1,0.008363531744554545
Total_distance_travelled_NOR2,0.014239135870454363
Average_speed_NOR2,0.011439800960938617
Time_investigating_Piramidka_zone_NOR2,-0.025474590691120975
Latency_to_first_investigation_Piramidka_zone_NOR2,-0.012229248370222491
Time_investigating_Stakan_zone_NOR2,0.022657706252097978
Latency_to_first_investigation_Stakan_zone_NOR2,0.03856268839758633
Learning_T1mean,0.01278477080691023
Learning_T1max,-0.03986583640400254
Learning_T1sum,0.012784770806910291
Learning_T2mean,0.03436544242840099
Learning_T2max,-0.014396254472738623
Learning_T2sum,0.02164990729133826
Learning_T3mean,-0.026396044963876403
Learning_T3max,0.006283091740312394
Learning_T3sum,-0.02370151524772954
EnduranceT,0.007151674771206512
rear_support,0.0665363373469823
rear_nosupport,-0.023351776150729305
Weight,0.022108277397031223
Grip,0.056790852147108876
