group,domain,mean_week0,mean_week16,mean_week24,delta_0_minus_16,delta_16_minus_24,delta_0_minus_24,week0_gt_week16,week16_gt_week24
PBS,D1,0.057097765496035076,0.49649805797355423,1.343358121731127,-0.43940029247751916,-0.8468600637575727,-1.2862603562350918,False,False
PBS,D2,-0.4453580242117269,-0.021642971834317553,-1.7796070448630734,-0.4237150523774093,1.7579640730287558,1.3342490206513467,False,True
PBS,D3,0.010870017943054906,0.36173257215309007,1.1262756354025127,-0.35086255421003515,-0.7645430632494227,-1.1154056174594578,False,False
LPS,D1,-0.057349368581744053,0.6865559587614268,0.8400860025401173,-0.7439053273431708,-0.1535300437786905,-0.8974353711218614,False,False
LPS,D2,0.20048689781402557,0.3013692943776016,-1.312487519189858,-0.10088239656357606,1.6138568135674596,1.5129744170038835,False,True
LPS,D3,0.04391151568374866,0.4482910436220254,0.6656716716237181,-0.4043795279382767,-0.21738062800169272,-0.6217601559399695,False,False
run,D1,-0.26898378306020604,-0.15476120021420328,-0.5089391061377129,-0.11422258284600276,0.3541779059235096,0.23995532307750683,False,True
run,D2,0.2119197861368545,-0.5110966602398038,1.1816934753802961,0.7230164463766583,-1.6927901356201,-0.9697736892434417,True,False
run,D3,-0.32014776942746265,-0.29043841698561534,-0.7968394897441559,-0.029709352441847303,0.5064010727585405,0.4766917203166932,False,True
MCC,D1,0.3006837489707944,0.37595371839789926,0.6536146354776224,-0.07526996942710484,-0.2776609170797232,-0.352930886506828,False,False
MCC,D2,-0.07761964965144132,-1.0658825259562232,-2.0017128508855526,0.9882628763047819,0.9358303249293294,1.9240932012341112,True,True
MCC,D3,0.29056322317613253,0.23460213373302033,0.31522398667662826,0.055961089443112205,-0.08062185294360794,-0.02466076350049573,True,False
