state,group,week,mean_eNRI,N,O,D,I,old_mean_eNRI,delta
LPS^0,LPS,0,0.9843859864538926,14,14,0,0,0.9789701077836063,0.005415878670286367
LPS^16,LPS,16,0.8112193071467781,14,12,2,0,0.805028384262257,0.006190922884521166
LPS^24,LPS,24,0.6781151313600278,14,11,3,1,0.647775323777226,0.030339807582801748
MCC^0,MCC,0,0.9992794691285009,14,14,0,1,0.9891298075697824,0.010149661558718437
MCC^16,MCC,16,0.7864215654217191,14,11,3,0,0.7858298041366607,0.0005917612850584453
MCC^24,MCC,24,0.7781151313600279,14,11,3,0,0.7779965122234879,0.00011861913653998801
PBS^0,PBS,0,1.0,11,11,0,0,1.0,0.0
PBS^16,PBS,16,0.8077142188742997,11,9,2,1,0.847775323777226,-0.04006110490292625
PBS^24,PBS,24,0.7085347454736781,11,8,3,0,0.7477753237772261,-0.03924057830354799
run^0,run,0,0.9964068919131532,15,15,0,1,0.983306833007037,0.013100058906116208
run^16,run,16,0.797729454103458,15,12,3,1,0.806070232120453,-0.008340778016995065
run^24,run,24,0.7781151313600279,15,12,3,0,0.7532846141729982,0.024830517187029666
