feature,old_weight,new_weight,delta,abs_delta
OFT_distance,0.0012623919005973,0.0007747095333980304,-0.0004876823671992695,0.0004876823671992695
Average_speed_OFT,-0.0815313278480054,-0.039150086735013113,0.04238124111299229,0.04238124111299229
Total_time_mobile_OFT,-0.0209922639552595,-0.015073499168794854,0.005918764786464647,0.005918764786464647
Absolute_turn_angle_OFT,0.054011907512884,0.03805991763729914,-0.015951989875584854,0.015951989875584854
Time_inCenter_OFT,-0.0453409015457576,-0.02664488581832984,0.01869601572742776,0.01869601572742776
Total_distance_travelled_NOR1,-0.0116926301610997,0.003096568636510768,0.014789198797610469,0.014789198797610469
Average_speed_NOR1,-8.443363987684781e-07,3.819733861213509e-06,4.664070259981987e-06,4.664070259981987e-06
Time_investigating_Piramidka_NOR1,-0.0002882849406474,-0.0027604229248682777,-0.0024721379842208777,0.0024721379842208777
Latency_to_first_investigation_Piramidka_NOR1,-0.0449085537678629,-0.028998631695186163,0.01590992207267674,0.01590992207267674
Time_investigating_Stakan_NOR1,0.0121107963524794,0.005489300149273432,-0.006621496203205968,0.006621496203205968
Latency_to_first_investigation_Stakan_NOR1,0.0109112257392057,0.015803383776177207,0.004892158036971506,0.004892158036971506
Total_distance_travelled_NOR2,0.020031696121194,0.005972220233205526,-0.014059475887988475,0.014059475887988475
Average_speed_NOR2,0.0101829968386534,0.0009689786129226916,-0.009214018225730708,0.009214018225730708
Time_investigating_Piramidka_zone_NOR2,-0.0375367736970525,-0.01856068111398314,0.01897609258306936,0.01897609258306936
Latency_to_first_investigation_Piramidka_zone_NOR2,-0.0144151499450838,-0.00907619331871019,0.00533895662637361,0.00533895662637361
Time_investigating_Stakan_zone_NOR2,0.0270473362063146,0.016543227693011156,-0.010504108513303443,0.010504108513303443
Latency_to_first_investigation_Stakan_zone_NOR2,0.0422026229754464,0.029908156476743056,-0.012294466498703343,0.012294466498703343
Learning_T1mean,0.0141924553708078,0.003550541072395654,-0.010641914298412146,0.010641914298412146
Learning_T1max,-0.0373700250188123,-0.013832878110165757,0.023537146908646542,0.023537146908646542
Learning_T1sum,0.0141924553708078,0.0035505410723957785,-0.010641914298412023,0.010641914298412023
Learning_T2mean,0.0365679751514874,0.016360357014423843,-0.02020761813706356,0.02020761813706356
Learning_T2max,-0.0208228797521978,5.273791383895514e-05,0.020875617666036756,0.020875617666036756
Learning_T2sum,0.0168755910561076,0.0018606220110805793,-0.01501496904502702,0.01501496904502702
Learning_T3mean,-0.028540811419933,-0.016063248438080314,0.012477562981852687,0.012477562981852687
Learning_T3max,0.015848603521577,0.006472002962352819,-0.00937660055922418,0.00937660055922418
Learning_T3sum,-0.0275385888690463,-0.021941496493810147,0.005597092375236153,0.005597092375236153
EnduranceT,0.0204057411827047,0.022918963075161537,0.002513221892456837,0.002513221892456837
rear_support,0.0703284295316389,0.03852990493378975,-0.03179852459784915,0.03179852459784915
rear_nosupport,-0.0239140880880959,-0.007533628726174187,0.01638045936192171,0.01638045936192171
Weight,0.0046966734701604,-0.004159699658244674,-0.008856373128405075,0.008856373128405075
