group,week,n,pc1_explained_variance_ratio,pc1_percent,rank_max
PBS,0,11,0.3967419579906756,39.674195799067554,10
PBS,16,9,0.4561552561362328,45.615525613623284,8
PBS,24,6,0.6247822692810105,62.47822692810105,5
LPS,0,14,0.38367008940553116,38.36700894055311,13
LPS,16,12,0.44578146919208445,44.57814691920844,11
LPS,24,11,0.5545808210235778,55.45808210235778,10
run,0,15,0.3437088179642982,34.37088179642982,14
run,16,12,0.4029731542650626,40.29731542650626,11
run,24,11,0.48625525834680383,48.62552583468038,10
MCC,0,14,0.5495305823468982,54.95305823468982,13
MCC,16,8,0.6190767478709114,61.90767478709114,7
MCC,24,10,0.47964137831523374,47.964137831523374,9
