group,week,count,mean,std,sem
LPS,0,14,143.76260164417081,0.7337953121596029,0.1961150464372906
LPS,16,12,143.5558623221169,0.6313364526723878,0.18225113544981328
LPS,24,11,144.0451950809372,1.2877217608763039,0.38826271956385977
MCC,0,14,143.49544684071978,1.617289451364592,0.4322387873035643
MCC,16,11,-1687.4277290085715,4437.055640430357,1337.822612112507
MCC,24,11,144.59239986100334,0.7452346786491755,0.2246967099854905
PBS,0,11,144.02681091477714,0.6718299005631606,0.2025643366463438
PBS,16,9,143.86986434325974,0.9215207272796119,0.30717357575987064
PBS,24,8,144.29582840301566,1.2187183519201477,0.4308820054996148
run,0,15,143.66000706844275,0.6371160702645849,0.16450266198239014
run,16,12,144.0719078355621,0.8166168513605956,0.23573697947891226
run,24,12,143.76292680413977,1.3763621431338018,0.3973215269203554
