feature,reference_primary_domain,reference_primary_loading,reference_cross_loading_count,bootstrap_prob_loading_ge_0_40_in_reference_domain,bootstrap_prob_any_loading_ge_0_40,bootstrap_prob_reference_domain_is_dominant
OFT_distance,D2,0.926464342480688,1,0.994,1.0,0.994
Average_speed_OFT,D2,0.9185889166209494,1,0.994,1.0,0.992
Total_time_mobile_OFT,D2,0.8576186349749617,1,0.994,1.0,0.992
Absolute_turn_angle_OFT,D2,0.9434776555653972,1,0.996,1.0,0.992
Time_inCenter_OFT,unassigned,0.33589214803745737,0,0.372,0.676,0.492
Total_distance_travelled_NOR1,D3,0.6329816113264058,2,0.86,1.0,0.682
Average_speed_NOR1,D3,0.6272599305920271,2,0.858,1.0,0.668
Time_investigating_Piramidka_NOR1,D3,0.942373519766787,1,0.986,1.0,0.974
Latency_to_first_investigation_Piramidka_NOR1,unassigned,-0.3856306390371797,0,0.484,0.56,0.742
Time_investigating_Stakan_NOR1,D3,0.8505372594801763,1,0.97,0.996,0.96
Latency_to_first_investigation_Stakan_NOR1,unassigned,-0.3903653479864251,0,0.388,0.67,0.502
Total_distance_travelled_NOR2,D4,0.4703421755428663,2,0.464,1.0,0.35
Average_speed_NOR2,D4,0.47188575751383305,2,0.47,1.0,0.354
Time_investigating_Piramidka_zone_NOR2,D3,0.5229234703917938,2,0.63,0.972,0.576
Latency_to_first_investigation_Piramidka_zone_NOR2,unassigned,-0.252401952198033,0,0.23,0.522,0.412
Time_investigating_Stakan_zone_NOR2,D4,0.4201208781343468,2,0.452,0.954,0.386
Latency_to_first_investigation_Stakan_zone_NOR2,unassigned,-0.39154952621135064,0,0.388,0.834,0.368
Learning_T1mean,D4,0.7231215608657537,1,0.856,1.0,0.746
Learning_T1max,D4,0.5751904676828634,1,0.722,0.996,0.612
Learning_T1sum,D4,0.7231215525664256,1,0.856,1.0,0.746
Learning_T2mean,D1,0.9763840133679654,1,1.0,1.0,1.0
Learning_T2max,D1,0.9653196452642829,1,1.0,1.0,1.0
Learning_T2sum,D1,0.9763840074068958,1,1.0,1.0,1.0
Learning_T3mean,D1,0.8219677841075742,1,0.994,1.0,0.976
Learning_T3max,D1,0.81298173700753,1,0.992,1.0,0.972
Learning_T3sum,D1,0.8219677772467281,1,0.994,1.0,0.976
EnduranceT,D1,0.4447570256428114,1,0.718,0.856,0.704
rear_support,D2,0.8304943555892687,1,0.996,1.0,0.994
rear_nosupport,D2,0.6852457393930059,1,0.972,0.98,0.986
Weight,unassigned,-0.34785763514270174,0,0.244,0.592,0.346
Grip,unassigned,-0.2843860396224704,0,0.266,0.476,0.444
