mouse_id,group,week,status,OFT_distance,Average_speed_OFT,Total_time_mobile_OFT,Absolute_turn_angle_OFT,Time_inCenter_OFT,Total_distance_travelled_NOR1,Average_speed_NOR1,Time_investigating_Piramidka_NOR1,Latency_to_first_investigation_Piramidka_NOR1,Time_investigating_Stakan_NOR1,Latency_to_first_investigation_Stakan_NOR1,Total_distance_travelled_NOR2,Average_speed_NOR2,Time_investigating_Piramidka_zone_NOR2,Latency_to_first_investigation_Piramidka_zone_NOR2,Time_investigating_Stakan_zone_NOR2,Latency_to_first_investigation_Stakan_zone_NOR2,Learning_T1mean,Learning_T1max,Learning_T1sum,Learning_T2mean,Learning_T2max,Learning_T2sum,Learning_T3mean,Learning_T3max,Learning_T3sum,EnduranceT,rear_support,rear_nosupport,Weight
1.1,LPS,0,observed,0.3909882881766931,0.4029930652068954,0.24242712447550754,0.7654655424214651,-0.3903328530555166,-1.0825298019804683,-1.064373985696615,-1.082515061665744,0.925294556360156,-0.6383899183594846,-0.9723175781536485,-0.9748565748576622,-0.9865296180858582,-0.8458218100151806,2.558176560493081,-0.4264779545974139,2.7270164648569724,-0.5027532670424557,-0.4097069653783416,-0.5027532670424557,-0.3244960822063907,-0.17193805636142845,-0.3244960822063907,-0.2396945405328091,-0.2870276640543749,-0.2396945405328091,-0.16532418195310147,0.09649790792793683,-0.16887161317983773,0.8269987804950161
1.1,LPS,16,observed,1.2195785100285814,1.159919170291152,0.4749045958549397,-0.35232092067426063,0.44505993348391815,0.742001660411431,0.7484188136901985,2.0684488538891896,-0.7146267861030066,1.2548294670332558,-0.9237203188855324,0.7514072842458892,0.7617989328848334,0.6688582822255392,0.6543306923192116,0.8286561743746618,1.0508701363178283,0.26924701031183607,-0.13315476374796092,0.26924701031183607,0.6356567089796425,0.034387611272285984,0.6356567089796425,0.8938926973373241,0.9052410943253353,0.8938926973373241,-1.0453174654200035,-0.6187218802438315,0.5910506461294317,1.4425174905942195
1.1,LPS,24,observed,-0.7272491070473164,-0.7323960924194894,-0.7484435202039393,-2.1499108192687695,-0.829759116495335,-0.40772500169179055,-0.4245647623836219,0.7428709307936661,1.1805878400316765,-0.06219271410952005,1.4248679178132506,-0.9207347626396989,-0.8836867621464058,0.28710964109169934,0.8984134959312463,-0.559598241003543,0.8435728872052131,1.9419142779128018,1.9409867484798942,1.9419142779128018,1.5958095001656758,1.6849929523420015,1.5958095001656758,1.1206101449113508,0.9797578917240672,1.1206101449113508,-0.41916839833778474,-1.1295931575093803,-1.0554475823739855,1.196310006554539
1.3,LPS,0,observed,0.6948482670103903,0.4029930652068954,0.553430319520881,0.6781657561753135,0.15049947117810594,0.45932276697823265,0.4285142020337021,0.3082552183033303,-0.060885106420795254,0.1682861675904658,-0.9547220187634684,-0.47973589526115346,-0.4723153383885961,-0.5133310580599006,0.3736354681653719,0.8286561743746618,-1.2454757171174256,-0.5027532670424557,-1.1010874694542934,-0.5027532670424557,0.935704456225278,0.3438761127228577,0.935704456225278,-0.07480912411533518,0.3836235125342121,-0.07480912411533518,0.7654379447907371,1.1182404624590343,0.08443580658991875,0.950102522514857
1.3,LPS,16,death,,,,,,,,,,,,,,,,,,,,,,,,,,,,,,
1.3,LPS,24,death,,,,,,,,,,,,,,,,,,,,,,,,,,,,,,
1.4,LPS,0,observed,-0.38336456110918066,-0.5431645661484251,-0.09647336713539818,-0.1568566992691271,1.611229632612667,0.11374737557184021,0.10860959037720568,0.4821015032994648,-0.9309500669710861,-0.012804382316665978,-0.855013848885782,0.1936282289900981,0.24758465318757097,-0.5379600026491806,-0.423223096568035,-0.654684159865064,-0.6811195327985919,-0.28830874555515246,-0.13315476374796092,-0.28830874555515246,0.0655659892129353,0.034387611272285984,0.0655659892129353,0.15190832345869149,0.08555632293928454,0.15190832345869149,-1.4345452638765177,-1.1295931575093803,-0.29552532306471596,1.0321716838614172
1.4,LPS,16,observed,0.26911756548317817,0.2137615389358314,-0.2380263163753193,-0.9786095872041526,-0.5593429543785237,0.7761150152443499,0.7484188136901985,1.047101929536901,0.580131674386823,0.5633928219332986,0.5274943889140726,1.0824552145002444,1.0703275007031905,0.2624806965024192,-0.23298208787041982,1.113913930959224,0.7225789826211154,1.2556918091534313,1.2496062444039424,1.2556918091534313,1.2057474287463499,1.5818301185251442,1.2057474287463499,1.223663530172272,1.5013754735151905,1.223663530172272,0.44390193737013833,-1.23176741296249,-0.9287938724891073,1.6476903939606207
1.4,LPS,24,observed,-0.6065219434139282,-0.6377803292839573,-1.2474951587651206,-2.2527499674667357,1.067982878360144,0.11179296461787104,1.0683234253466949,0.2865244326788136,-0.9206110866354793,1.5840850123189498,-0.8399319408370564,-0.014322456440435519,-0.060943914630786265,-0.04538111086358075,0.4755759332033392,0.10600319102710298,-1.2598596078721784,1.770358660722959,0.9730540427735618,1.770358660722959,1.775838148513057,1.6849929523420015,1.775838148513057,1.0999994678591665,0.9797578917240672,1.0999994678591665,-2.8845034278658286,-1.640464434774929,-0.6754864527193507,1.4835520712675003
1.5,LPS,0,observed,1.15553920266148,1.3491506965622162,1.0245846615165304,1.038801173158166,0.3798703229736155,-0.1238023921969755,-0.1046601507271255,-0.5392454210528244,0.0051253064911556045,-0.49022492298092224,-0.8323909868126935,-0.45310181732423804,-0.4723153383885961,-0.05769558315822071,0.5035736665588373,-0.8068216300434974,1.5246924200038054,-0.9316423100170623,-0.8245352678239126,-0.9316423100170623,-0.3244960822063907,-0.3782637239951429,-0.3244960822063907,-0.9198468832548891,-0.88316204324423,-0.9198468832548891,-0.5037831371326791,-0.5165476247907217,0.4643969362445535,0.6218258771286148
1.5,LPS,16,observed,0.6428980125646295,0.5922245914779597,0.725980264944726,0.033194935388745045,0.3895280430492159,0.5071169984889369,0.5351490725858676,0.8080632876672166,-0.9524233338219616,-0.2597460412809365,0.8961632523273672,0.6018466927539782,0.6589560769453808,0.6319148653416191,-0.7792968336020618,1.7604981792175667,-1.2302457151418047,-0.717197788529759,-0.8245352678239126,-0.717197788529759,0.8456901320515873,0.3438761127228577,0.8456901320515873,0.04885493819777027,0.08555632293928454,0.04885493819777027,-1.8914648533689475,-0.7208961356969412,-0.6754864527193507,-0.8964536077827535
1.5,LPS,24,observed,-2.443404525137634,-2.4354798288590667,-2.694011315016193,-2.7639775157242,-0.9287266029700499,-2.0570701731188037,-2.024087820666104,-1.3215537035354286,3.6539900587806757,-1.0170337954380326,-0.855013848885782,-1.973805228760825,-2.014958177480383,-1.0428533667294204,3.281092393544019,-1.2442168568064935,3.254143755457622,-0.6314199799348378,-0.8245352678239126,-0.6314199799348378,-1.404667972290678,-1.2035663945300006,-1.404667972290678,-0.6519080815764939,-0.3615444614531068,-0.6519080815764939,-1.9760795921638419,-2.1513357120404777,-1.4354087120286203,-2.2505947700010016
2.1,MCC,0,observed,-1.059698062384184,-0.5431645661484251,-1.2206310954057193,-0.6396245172103457,-0.448279173509119,-0.7495692449133323,-0.7444693740401185,-0.886937991045093,0.7423741350378827,-0.8524060227951856,0.7218834259865369,-0.4175897134083505,-0.4723153383885961,-0.3778718628188606,0.5717732734504352,-0.4264779545974139,0.7961906588366153,-0.07386422406784918,0.5582257403279908,-0.07386422406784918,0.995714005674405,1.1691787832577154,0.995714005674405,0.9557247284938769,1.128791486521531,0.9557247284938769,0.9008215268625682,-1.1295931575093803,-1.0554475823739855,-0.7733498657629125
2.1,MCC,16,observed,0.0652373216205682,0.024530012664767096,0.09364154279267058,-0.22722032698352532,-0.6269469949077265,1.560366828955309,1.6014977781075228,6.2842212650454465,-0.5054612608518854,3.691320502147392,-0.5609166419356311,2.2704033829942127,2.30444177197662,4.572545999626419,-0.46988598549386507,3.491061902497246,-0.3672122698566321,1.0412472876661278,1.1113301435887522,1.0412472876661278,1.1757426540217863,0.7565274479902865,1.1757426540217863,0.19312967756305996,0.08555632293928454,0.19312967756305996,-0.18224712971208035,-0.005676347525172925,-0.04221790329495949,0.5397567157820546
2.1,MCC,24,observed,-0.5191213581042357,-0.5431645661484251,-0.4167756610359492,-1.9653590711444047,-0.08611467067410401,0.532524340890538,0.6417839431380329,2.4161414238814585,0.9857378260144724,0.39876504929045165,1.280751907569872,0.9936749547105258,0.9674846447637384,0.8660129836627255,0.563876476862987,0.37243393567708444,0.8630334452851729,1.3414696177483525,1.2496062444039424,1.3414696177483525,0.18558508811118946,0.24071327890600042,0.18558508811118946,0.790839312076403,0.7562074995278716,0.790839312076403,1.6285082804986601,0.30084641883415636,-1.1821012922588636,0.3345838124156535
2.4,MCC,0,observed,-0.6349475543370804,-0.5431645661484251,-0.4684373213424897,-0.4748898205638576,-0.1730341513545075,-0.7012419922333638,-0.6378345034879529,-0.5609762066773412,1.3977064270794184,-0.7371665819451927,0.6515011884258171,-0.5847356255893786,-0.5751581943280484,-0.39018633511350065,-0.9429758901418968,-0.9209247326773224,1.060177359747374,-1.832309300263736,-1.792467973530245,-1.832309300263736,-1.2546440986678604,-1.306729228346858,-1.2546440986678604,-0.7961828209417836,-0.88316204324423,-0.7961828209417836,-1.70531242802018,-0.41437336933761193,0.9710117757840665,0.4576875544354945
2.4,MCC,16,death,,,,,,,,,,,,,,,,,,,,,,,,,,,,,,
2.4,MCC,24,death,,,,,,,,,,,,,,,,,,,,,,,,,,,,,,
3.1,run,0,observed,-0.2608403760955931,-0.5431645661484251,-0.34134963698840026,-0.3197581004044461,-0.8007859562685339,-0.3078723693162672,-0.3179298918314563,0.32998600392784705,-0.23823838448543405,-0.47376214571663755,-0.02550890620586931,-0.5418820771139568,-0.5751581943280484,-0.48870211347062065,-0.02551170480019042,-0.6737013436373681,1.1058673656742364,-0.9316423100170623,-1.2393635702694836,-0.9316423100170623,-1.404667972290678,-1.2035663945300006,-1.404667972290678,-1.3320604242985739,-1.4047796250353533,-1.3320604242985739,-1.1468551519738768,0.30084641883415636,0.71770435601431,-0.9374881884560329
3.1,run,16,observed,-1.0438516011224268,-1.0162433818260856,-1.0914769446393682,-1.4154577175798955,-0.36135969282871544,-1.034735570469764,-1.064373985696615,-0.25674520793410605,-0.9396984349473687,-0.5231504775094916,-0.8441213597394802,-1.2290754341401453,-1.192215329964763,-0.6364757810063006,1.5035952707693199,-0.5405810572312388,3.2482209769115467,-1.1889757358018263,-0.962811368639103,-1.1889757358018263,-0.5345295052783355,-0.6877522254457146,-0.5345295052783355,0.13129764640650723,0.011039525540552656,0.13129764640650723,-0.8422420923122568,-0.005676347525172925,-1.308755002143742,-0.6912807044163523
3.1,run,24,observed,-2.230865905534064,-2.1516325394524705,-1.9118641103072311,-2.6311945408438033,-1.047057818196344,-2.0801677571202593,-2.1307226912182697,-1.0173227047921938,2.9334426600068513,-1.1322732362880255,3.6460978198783502,-1.7902691147724639,-1.809272465601478,-0.8458218100151806,1.6507628435353994,-1.09207938662806,1.760757450625926,-0.6743088842322984,-1.2393635702694836,-0.6743088842322984,-0.9245915766976615,0.034387611272285984,-0.9245915766976615,0.19312967756305996,0.3836235125342121,0.19312967756305996,-0.5376290326506369,-1.640464434774929,-1.4354087120286203,-1.0605919304758737
3.3,run,0,observed,0.5870269841984331,0.4029930652068954,0.31372021569853314,1.430864513189633,-0.5231265040950221,1.924597961285954,1.921402389764019,-0.30020677918313965,1.4549684720150864,0.02012117221190345,-0.9010974568124438,0.16682341978435608,0.1447417972481188,-0.7103626147741405,0.2042132868346656,-0.14122019801285127,-0.07107334255289638,-0.6314199799348378,-0.547983066193532,-0.6314199799348378,0.03556121448837176,-0.3782637239951429,0.03556121448837176,0.13129764640650723,0.3836235125342121,0.13129764640650723,-0.04686354764024929,0.7095434406465954,1.6042803252084576,0.006307167029411362
3.3,run,16,imputed,2.1040397602466663,2.011461038510941,1.361418686715174,0.10539185861431247,-0.40240500315001715,1.1234671438816233,1.1749582958988605,0.24306286142978,0.45765452271886636,0.9749622535404161,0.42275891635347757,-0.2041240210477235,-0.174365913934001,-0.17039161865667504,0.6045212891792898,0.43002943356992945,0.31531922958141473,-0.4169754584475344,-0.547983066193532,-0.4169754584475344,1.0857283298480955,0.6533646141734293,1.0857283298480955,0.3580150939805339,1.0542746891227992,0.3580150939805339,-0.7576273535173624,1.0160662070059245,1.0976654856689447,-0.3835213493667506
3.3,run,24,observed,1.8446152191778966,1.7276137491043442,0.39844533860125947,-1.5142810756105392,-0.2527103419782109,1.0966384116953172,1.0683234253466949,-0.1263604941870054,1.0931041602688503,0.18474894485475044,1.951896815738165,0.7631877417949094,0.7617989328848334,-0.020752166274300626,1.3112005902751283,-0.3884435870528055,0.673504531810782,1.4701363306407345,1.802710647664704,1.4701363306407345,1.8658524726867476,2.0976442876094303,1.8658524726867476,0.5435111874501921,0.5326571073316759,0.5435111874501921,0.9685133178984837,-0.41437336933761193,1.6042803252084576,-0.404038639703391
3.4,run,0,observed,-0.9159363519682415,-0.5431645661484251,-1.0139844541795573,-0.7431620636982816,-0.926336317251339,0.004833383318823048,0.00197471982504009,-0.03943735168893818,0.34233512666786803,0.29998838570474323,-0.9388022269342581,-0.5826868503634619,-0.5751581943280484,-0.5502744749438206,0.16831875689171935,-0.4835295059143264,-1.2319379375835402,1.2556918091534313,0.2816735386976101,1.2556918091534313,0.6956662584287696,0.034387611272285984,0.6956662584287696,0.5847325415545606,0.8307242969266034,0.5847325415545606,0.2915954075393284,-1.1295931575093803,-1.0554475823739855,-0.15783115566370898
3.4,run,16,observed,-1.2822019823688593,-1.3000906712326816,-1.45104210037289,-1.6342309819127514,-0.8780477168733369,-0.8476451400579743,-0.851104244592284,-0.1046297085624887,2.094394640463381,-0.16096937769522818,1.4014071719596777,-1.846098239678691,-1.809272465601478,-1.0428533667294204,3.281092393544019,-1.2442168568064935,3.254143755457622,1.0412472876661278,0.5582257403279908,1.0412472876661278,0.30560418700944364,0.5502017803565721,0.30560418700944364,0.04885493819777027,0.6816907021291396,0.04885493819777027,-0.9776256743840879,-1.0274189020562705,-1.4354087120286203,-0.1988657363369898
3.4,run,24,observed,-0.876075150443821,-0.9216276186905534,-1.0894104782271066,-2.199846297001568,-0.952870903159051,-1.0812860859188516,-1.064373985696615,-0.778284062922509,-0.39332308951953526,-0.5725388093023457,0.5283322726945573,-0.44217501611934956,-0.4723153383885961,-0.4148152797027807,-0.3736886452467691,0.14403755857171135,0.2301422520760462,0.912580574773746,1.1113301435887522,0.912580574773746,0.935704456225278,2.303969955243145,0.935704456225278,0.6671752497632976,0.6816907021291396,0.6671752497632976,0.2408265642623917,-1.3339416684155998,-1.1821012922588636,-0.44507322037667035
4.1,LPS,0,observed,1.3074691920783283,1.3491506965622162,1.455442908473078,1.368707065382373,-0.1440609911277064,-0.9204913665241032,-0.9577391151444495,-0.6696301347999251,-0.9007284321439278,-0.7042410274166234,0.2828323250125225,0.7949437577966165,0.7617989328848334,0.2747951687970591,-0.8525216746856721,-0.2743404844189805,-0.9324145653963334,0.39791372320421803,-0.13315476374796092,0.39791372320421803,-0.024448334960755318,0.13755044508914321,-0.024448334960755318,0.23435103166742843,0.16007312033801643,0.23435103166742843,0.8838985791035893,0.1986721633810466,-0.04221790329495949,0.17044548972253318
4.1,LPS,16,observed,0.789110206680844,0.6868403546134918,0.4036115046319135,-0.05227155534623742,0.6961606554495288,-0.018441874405720645,0.00197471982504009,3.6765269901034325,-0.08235837327167071,0.151823390326181,-0.5391316636430273,-0.6386867065385152,-0.6780010502675009,-0.9073941714883806,-0.3636381768627442,1.0568623796423118,-0.584662853619661,0.6981360532864427,0.41994963951280045,0.6981360532864427,2.105890670483256,1.891318619975716,2.105890670483256,1.656487748268141,1.5758922709139223,1.656487748268141,0.5115937284060539,-0.21002485843139243,2.1108951647479706,0.04734174770269218
4.1,LPS,24,observed,-1.4841218392712519,-1.4893221975037456,-1.5626312866350174,-2.3583827088245792,0.6092411747691249,-0.6374571256447289,-0.6378345034879529,-0.4957838498037908,-0.06406633113944342,-0.556076032038061,-0.9429916458366818,-0.6351013498931614,-0.6780010502675009,-0.46395002415839426,0.5947457726139209,-0.5403908853935159,0.503436176416351,2.2421366079950262,2.632367252555846,2.2421366079950262,0.8456901320515873,0.3438761127228577,0.8456901320515873,0.4610684792414551,0.2345899177367483,0.4610684792414551,0.7485149970317582,-1.0274189020562705,-1.308755002143742,0.12941090904925234
4.3,LPS,0,observed,-0.7280659349474071,-0.5431645661484251,-0.5789932743984866,-1.0560444976044892,1.041424148152243,-0.30698400070082676,-0.3179298918314563,-0.6261685635508915,2.6010046769081114,-0.6713154728880539,-0.2961453673024469,0.6032125429045894,0.5561132210059286,-0.2054692506939007,-0.7620674592294476,-0.14122019801285127,-0.17599113394050567,0.5694693403940607,0.0051213370672294175,0.5694693403940607,-0.6845533789011532,-0.9972407268962862,-0.6845533789011532,-0.7137401127330466,-0.7341284484467663,-0.7137401127330466,0.630054362718906,-0.5165476247907217,-0.16887161317983773,-1.5940414792285171
4.3,LPS,16,observed,-0.6243287916359029,-0.6377803292839573,-0.46947055454862074,-1.2157158066487004,-0.6824788853424287,-0.10390293521110609,-0.1046601507271255,0.7863325020426994,0.5809269805664853,1.9462661121332132,0.5283322726945573,-1.7656838120614649,-1.809272465601478,-1.0428533667294204,3.281092393544019,-1.2442168568064935,3.254143755457622,-1.6178647787764329,-1.1010874694542934,-1.6178647787764329,-0.7445629283502803,-0.06877522254457123,-0.7445629283502803,0.3580150939805339,0.16007312033801643,0.3580150939805339,0.494670780647075,-0.6187218802438315,-0.8021401626042289,-2.16852560865444
4.3,LPS,24,death,,,,,,,,,,,,,,,,,,,,,,,,,,,,,,
4.4,LPS,0,observed,-0.35722606830628195,-0.5431645661484251,-0.49013521867123694,-0.3765029614644447,-0.9166785971757386,-0.0648147161317197,-0.1046601507271255,0.13440893330719608,1.0278890535365617,-0.17743215495951298,0.8567827146445833,0.8760411104891483,0.8646417888242859,0.4348833086273792,0.1611398509031301,1.7604981792175667,-0.5271272906006494,0.655247148988982,0.2816735386976101,0.655247148988982,0.605651934255079,0.13755044508914321,0.605651934255079,0.3580150939805339,0.08555632293928454,0.3580150939805339,-0.5545519804096157,-0.21002485843139243,-1.1821012922588636,0.7859641998217367
4.4,LPS,16,observed,-0.15579630814394382,-0.16470151360629687,-0.3816457320275019,-1.1403760911182717,-0.7669839360039323,0.620650507542245,0.6417839431380329,2.3292182813833917,0.0281891857013552,0.8103344808975691,0.1470951525739914,0.7387731703527367,0.7617989328848334,-0.8827652268991005,0.7167871744199381,2.2169105897528665,-1.192170710202753,1.2556918091534313,1.387882345219133,1.2556918091534313,1.4457856265428581,1.3755044508914298,1.4457856265428581,0.6877859268154818,0.3836235125342121,0.6877859268154818,-0.6391667192045102,-0.9252446466031607,0.71770435601431,1.2783791679010992
4.4,LPS,24,observed,-1.7982738496460904,-1.773169486910342,-2.119543984739524,-2.63398813400368,-0.977015203348052,-0.9880073812975887,-0.9577391151444495,-1.2128997754128448,2.5612393679250083,0.20121172211903507,2.490656086589866,-0.5015894976709304,0.1447417972481188,-0.5502744749438206,0.16831875689171935,-0.8828903651327141,-0.8985701165616208,0.9983583833686672,0.6965018411431811,0.9983583833686672,0.0055564397638082205,-0.4814265578120001,0.0055564397638082205,0.3992364480849024,0.011039525540552656,0.3992364480849024,-0.6560896669634891,-2.1513357120404777,-1.4354087120286203,0.6218258771286148
6.2,LPS,0,observed,-1.6086064112450567,-1.4893221975037456,-1.5254348912143083,-1.7723392437541634,-0.23822376186481029,-0.9755702206814203,-0.9577391151444495,-0.8652072054205762,-0.9285641484320999,-0.9182571318523244,1.742425870616975,-1.3711238498036953,-1.397901041843668,-0.6734191978902206,-0.9609231551133699,-1.1301137541726685,2.229503066986696,-0.11675312836530984,1.5261584460343232,-0.11675312836530984,1.8958572474113111,0.962853115624001,1.8958572474113111,1.2648848842766405,1.128791486521531,1.2648848842766405,1.239280482042146,-1.640464434774929,-1.4354087120286203,0.5889982125899914
6.2,LPS,16,death,,,,,,,,,,,,,,,,,,,,,,,,,,,,,,
6.2,LPS,24,death,,,,,,,,,,,,,,,,,,,,,,,,,,,,,,
6.3,LPS,0,observed,-1.242667512004475,-1.4893221975037456,-1.4210783373950966,-1.514193775824293,-0.9311651772891393,-0.7021303608488045,-0.7444693740401185,-0.4088607073057236,0.10851510984722307,-0.3749854821309294,-0.8575275002272362,-0.5709063928144418,-0.5751581943280484,-0.3778718628188606,-0.9465653431361913,-1.1110965704003641,0.8867245594694716,-2.7758651948078708,-2.7604006792365774,-2.7758651948078708,-0.5945390547274626,-0.3782637239951429,-0.5945390547274626,-0.6519080815764939,-0.7341284484467663,-0.6519080815764939,-1.70531242802018,-0.823070391150051,-1.4354087120286203,0.469997928637479
6.3,LPS,16,observed,-1.600601497824169,-1.5839379606392778,-1.5729636186963254,-1.7276417531961337,-1.0301568080640433,-1.2404817418058065,-1.277643726800946,-1.3215537035354286,3.6539900587806757,-0.9511826863808939,3.2238043945140316,-1.3294654202100582,-1.2950581859042156,-0.45175869658670065,-0.9544621397236395,-0.5215638734589347,0.7411934294802073,-0.717197788529759,-1.1010874694542934,-0.717197788529759,-0.8045724777994073,-1.1004035607131435,-0.8045724777994073,-0.6725187586286782,-0.43606125885183866,-0.6725187586286782,-2.0099254876818,-1.1295931575093803,-1.308755002143742,-0.23990031701026915
6.3,LPS,24,imputed,-2.064396379495603,-2.0570167763169382,-2.0616829251961986,-2.541799559727744,-1.047057818196344,-1.758933665776939,-1.8108180795617734,-0.97386113354316,3.6539900587806757,-1.000571018173748,3.6460978198783502,-1.161465851684898,-1.192215329964763,-1.0428533667294204,3.281092393544019,-0.21698376100999775,2.3362189095471035,-1.703642587371354,-1.9307440743454354,-1.703642587371354,-0.7445629283502803,-0.7909150592625718,-0.7445629283502803,-0.3221372487415461,-0.6596116510480343,-0.3221372487415461,-0.9268568311071512,-1.9469872011342582,-1.4354087120286203,-0.6912807044163523
8.2,MCC,0,observed,-0.34742413350519485,-0.5431645661484251,-0.4260747598911266,0.07413853513819017,-0.7911282361929333,-0.454808538310142,-0.4245647623836219,-0.1263604941870054,0.32245247217631656,1.1395900261832632,-0.9471810647391057,0.35240830899863357,0.35042750912702353,1.0382924510647389,-0.26026193062705893,2.0837903033467375,-0.5262811793797817,2.3279144165899477,1.5261584460343232,2.3279144165899477,1.775838148513057,2.2008071214262874,1.775838148513057,1.5946557171115883,1.4268586761164586,1.5946557171115883,1.4931246984268292,-1.3339416684155998,-1.1821012922588636,-0.48610780104995116
8.2,MCC,16,observed,-0.9535104353724081,-0.9216276186905534,-0.923059932040046,-1.3533002697726355,0.12876960100800508,-0.4340207127088322,5116.343063812726,0.7428709307936661,0.8433780198549642,1.3371433533546795,0.7998066175716197,-0.10241979115484878,-0.060943914630786265,0.3486820025648993,1.3664781663872654,1.9316528331683038,0.1362239065597186,3.7003593541086888,3.7385760590773685,3.7003593541086888,0.995714005674405,0.6533646141734293,0.995714005674405,1.8007624876334307,1.6504090683126542,1.8007624876334307,0.7654379447907371,-1.0274189020562705,1.4776266153235795,-0.7733498657629125
8.2,MCC,24,observed,-1.3022959487110877,-1.3000906712326816,-1.4975375946487766,-2.3662396895867333,-0.8080051020250449,-0.016132116005575108,0.00197471982504009,0.8297940732917333,0.663638823251339,0.8267972581618538,1.4265436853742206,-0.40017512398805943,-0.3694724824491435,1.1614371740111389,0.6414086615397511,1.6654122603560457,0.7598078763392991,2.8425812681594755,2.0792628492950844,2.8425812681594755,1.2357522034709134,1.2723416170745727,1.2357522034709134,1.2442742072244564,1.3523418787177266,1.2442742072244564,1.7469689148115124,-0.7208961356969412,0.5910506461294317,-0.6912807044163523
8.3,MCC,0,observed,-1.2688060048073737,-1.4893221975037456,-1.4097127721276577,-1.2489770252084842,-0.8732188568355367,-1.515165317700039,-1.490913467905277,-0.6044377779263748,0.9483584355703557,-0.8359432455309009,2.692586077686693,-1.3982701215470903,-1.397901041843668,-0.7842494485419806,2.0886761088393437,-1.0350278353111473,2.4731830985966274,-0.07386422406784918,-0.13315476374796092,-0.07386422406784918,-0.024448334960755318,0.034387611272285984,-0.024448334960755318,-0.1778625093762564,0.08555632293928454,-0.1778625093762564,-1.1468551519738768,0.7095434406465954,-0.16887161317983773,-2.0043872859613194
8.3,MCC,16,observed,-1.6113836261053647,-1.5839379606392778,-1.4572414996096748,-1.8836464712180068,-0.9939403577805417,-1.2882759733165106,637.6785006217747,-0.8217456341715426,1.9854376938496785,-0.7371665819451927,0.8383492714739187,-1.84473238952808,-1.809272465601478,-1.0428533667294204,3.281092393544019,-1.2442168568064935,3.254143755457622,-0.20253093696023117,-0.4097069653783416,-0.20253093696023117,0.4556280606322613,1.2723416170745727,0.4556280606322613,0.3580150939805339,0.3836235125342121,0.3580150939805339,0.12236592994953954,-1.8448129456811486,-1.1821012922588636,-2.373698512020841
8.3,MCC,24,observed,-2.009505544609515,-1.962401013181406,-2.2331996374139127,-2.6272660504627265,-1.047057818196344,-1.6754270159255231,-1.7041832090096078,-0.97386113354316,1.9297662612733346,-0.4079110366594987,1.91754358073829,-1.7233424573925222,-1.7064296096620255,-1.0428533667294204,3.281092393544019,-1.2442168568064935,3.254143755457622,-0.8887534057196017,-0.547983066193532,-0.8887534057196017,-0.2344817580327001,-0.3782637239951429,-0.2344817580327001,-0.15725183232407214,-0.43606125885183866,-0.15725183232407214,-1.1976239952508134,-1.9469872011342582,-1.308755002143742,-1.8812835439414786
8.4,MCC,0,observed,-0.17915758608653465,-0.5431645661484251,-0.6296217014988963,-0.8447790148888021,1.0148654179443422,1.5955462261267568,1.6014977781075228,2.133641210762741,-0.9524233338219616,2.4566122073260397,-0.8977459216905047,0.7022366788238911,0.6589560769453808,0.4102543640380993,0.3355872664258488,-0.33139203573589304,0.2682172570150979,0.8696916704762853,0.14339743788241976,0.8696916704762853,0.0655659892129353,0.24071327890600042,0.0655659892129353,0.4198471251370866,0.6071739047304078,0.4198471251370866,-1.1468551519738768,-0.823070391150051,0.211089516474797,0.4576875544354945
8.4,MCC,16,observed,-0.6666404768605952,-0.6377803292839573,-0.5283648472980768,-0.9628956256798453,-0.8949487270056378,0.5362554890753883,14393.576801851123,0.5472938601730148,-0.8641443478794733,1.090201694390409,-0.13443379766888816,-0.40632144966580913,-0.3694724824491435,-0.36555739052422065,0.33343359462927213,0.9617764607807908,-1.2480140507800288,1.2985807134508918,0.41994963951280045,1.2985807134508918,1.5658047254411123,1.3755044508914298,1.5658047254411123,1.0999994678591665,0.9797578917240672,1.0999994678591665,0.9515903701395049,-0.10785060297828268,0.211089516474797,0.6218258771286148
8.4,MCC,24,observed,-1.759882938341833,-1.773169486910342,-0.24939188164275816,-2.4510950818179924,-0.8200772521195454,-0.5503970013315503,-0.5311996329357875,0.17787050455622969,0.9388147614144111,-0.4243738139237835,-0.25844059718063267,-1.0694416977874779,-1.0893724740253108,-0.7964407761136743,0.3233831262452471,0.752777611123168,0.0803805659824428,2.628136746672172,2.632367252555846,2.628136746672172,0.8456901320515873,0.3438761127228577,0.8456901320515873,0.5022898333458236,0.2345899177367483,0.5022898333458236,-0.8591650400712357,-0.7208961356969412,-0.8021401626042289,0.6218258771286148
9.1,MCC,0,observed,1.9200901171462665,2.295308327917537,1.9958238752794917,1.8046821978956544,0.2591488220286105,2.9153066412253086,2.8811162247335087,2.829026350747278,-0.8442616933879219,1.8310266712832204,-0.8173090787639679,1.870550751402825,1.89307034821881,2.552972543305459,-0.8790836268434524,2.273962141069779,-1.2480140507800288,2.413692225184869,1.387882345219133,2.413692225184869,1.265756978195477,1.1691787832577154,1.265756978195477,1.5534343630072198,1.0542746891227992,1.5534343630072198,0.32544130305728614,2.6508542942556805,0.9710117757840665,2.566865001042099
9.1,MCC,16,death,,,,,,,,,,,,,,,,,,,,,,,,,,,,,,
9.1,MCC,24,death,,,,,,,,,,,,,,,,,,,,,,,,,,,,,,
9.2,MCC,0,observed,2.4036522339998925,2.295308327917537,1.937962815736166,1.7220093003205488,0.3557260227846145,2.1676556144705006,2.13467213086835,-0.4305914929302405,-0.8132447523811016,0.6786322627832914,-0.8943943865685657,0.3261156935993707,0.35042750912702353,-0.5749034195331006,-0.4002505974045493,0.27715784497784063,-0.36044338008968957,-0.6743088842322984,1.802710647664704,-0.6743088842322984,0.7256710331533331,0.5502017803565721,0.7256710331533331,0.29618306282398116,0.45814030993294397,0.29618306282398116,-0.6391667192045102,2.6508542942556805,2.6175100042874835,2.058036200693423
9.2,MCC,16,observed,-0.8502633888009583,-0.8270118555550213,-1.2650601232693444,-1.47796436453214,-0.7911282361929333,-0.6705044381391192,-0.6378345034879529,0.13440893330719608,0.9046165956889426,0.18474894485475044,0.8810813442786414,-0.049663829087496475,-0.060943914630786265,0.0038767783149792814,-0.9228749533738467,0.29617502875014473,0.2648328121316266,-1.4463091615865902,-1.2393635702694836,-1.4463091615865902,0.4556280606322613,0.8596902818071438,0.4556280606322613,0.15190832345869149,0.3091067151354802,0.15190832345869149,0.2746724597803495,-0.10785060297828268,-1.1821012922588636,2.2221745233865433
9.2,MCC,24,observed,150.5876689010331,-2.2462483025880022,1.9110987523767653,-2.6160916778232193,-1.047057818196344,-0.8272126619028405,-0.851104244592284,-0.7565532772979922,2.623273249938649,-0.39144825939521405,2.8769205093933405,-0.3842971159872059,0.24758465318757097,0.4841411978059392,-0.37727809824106373,-0.08416864669593878,-0.29106225997852864,2.285025512292487,1.802710647664704,2.285025512292487,1.4757904012674217,1.9944814537925732,1.4757904012674217,0.3167937398761654,0.9797578917240672,0.3167937398761654,0.22390361650341284,-0.31219911388450217,-1.0554475823739855,2.7145894914659072
9.3,MCC,0,observed,1.750189913927425,1.3491506965622162,1.617660521835615,1.3920161083100955,-0.016096200126000958,3.4097726125795456,3.4142905774943357,2.350949067007908,-0.8538053675438665,3.148048852425996,-0.8349046381541477,4.46686115644562,4.464141746705121,2.503714654126899,-0.767810584020319,1.969687200712912,-1.2598596078721784,0.5265804360966,0.5582257403279908,0.5265804360966,0.6956662584287696,0.5502017803565721,0.6956662584287696,0.9763354055460611,0.9052410943253353,0.9763354055460611,1.7638918625704911,1.0160662070059245,1.224319195553823,0.17044548972253318
9.3,MCC,16,observed,-1.510587063234187,-1.4893221975037456,-1.5832959507576334,-1.6993566224523806,-0.9915259277616417,-0.957092153480256,-0.9577391151444495,-0.9086687766696099,1.7174195113035653,-0.6877782501523386,1.9368149076894394,-1.1560024510824538,-1.192215329964763,-0.7596205039527006,2.836000222251485,-0.9779762839942351,3.1653020772665013,0.912580574773746,1.6644345468495134,0.912580574773746,2.0758858957586925,2.0976442876094303,2.0758858957586925,0.708396603867666,1.6504090683126542,0.708396603867666,-0.8083961967942991,-1.3339416684155998,-1.0554475823739855,-0.5681769623965113
9.3,MCC,24,observed,-2.0871041951181213,-2.0570167763169382,1.1878355080851986,-1.6497703438645666,-1.047057818196344,-1.8655378996298106,-1.9174529501139388,-1.3215537035354286,3.6539900587806757,-0.9676454636451784,3.0930945247584085,-1.8549762656576627,-1.9121153215409301,-0.9566520606669405,2.622068823791525,-1.2442168568064935,3.254143755457622,0.26924701031183607,-0.13315476374796092,0.26924701031183607,0.8156853573270237,1.9944814537925732,-1.1646297744941698,0.02824426114558603,-0.212510866655643,0.02824426114558603,-0.04686354764024929,-2.049161456587368,-1.4354087120286203,-1.3067994145155557
10.1,MCC,0,imputed,-1.8111797304675217,-1.4893221975037456,-1.7248488999975546,-1.795648286681886,0.5899257346179242,-1.6930167145112467,-1.7041832090096078,-0.36539913605669,-0.9269735360727758,-0.8524060227951856,1.1383116648874627,-1.4629772724322891,-1.5007438977831205,-0.7103626147741405,-0.9594873739156519,-0.8448559975881056,1.2497062732217652,-0.07386422406784918,0.2816735386976101,-0.07386422406784918,-1.4646775217398051,-1.306729228346858,-1.4646775217398051,-3.1664106819429714,-3.3422163574023824,-3.1664106819429714,-0.7996198284759302,-1.5382901793218193,-1.1821012922588636,0.10068670257795607
10.1,MCC,16,death,,,,,,,,,,,,,,,,,,,,,,,,,,,,,,
10.1,MCC,24,death,,,,,,,,,,,,,,,,,,,,,,,,,,,,,,
10.3,MCC,0,observed,-0.6872245399428779,-0.5431645661484251,-0.12023773087640693,-0.7868119568213574,-0.5859016845864248,-0.8270349881797524,-0.851104244592284,-0.9303995622941266,-0.021915103617354395,-0.9182571318523244,1.7499668246413378,-0.23115116784994094,-0.26662962650969096,-0.6734191978902206,-0.4304020025566242,-0.8828903651327141,0.26314058968989107,1.1699140005585098,0.8347779419583714,1.1699140005585098,0.8756949067761509,0.962853115624001,0.8756949067761509,0.3580150939805339,0.08555632293928454,0.3580150939805339,0.19005772098545506,-1.23176741296249,-1.1821012922588636,-0.6215219172717752
10.3,MCC,16,observed,-1.4048895329624649,-1.3947064343682138,-1.445875934342236,-1.8398219785224386,-0.11508783090090512,-1.3405120479044177,-1.1710088562487806,-0.7348224916734754,0.30575104240341316,-0.5066877002452069,-0.34222897522910867,-1.327587376252968,-1.2950581859042156,-0.5133310580599006,1.273152388535605,-1.0540450190834516,2.7490153565995357,0.5694693403940607,0.2816735386976101,0.5694693403940607,0.27559941228488005,0.24071327890600042,0.27559941228488005,0.9557247284938769,1.203308283920263,0.9557247284938769,-0.7576273535173624,-1.5382901793218193,-1.1821012922588636,-1.4299031565353968
10.3,MCC,24,observed,-2.1281089557026682,-2.0570167763169382,0.39431240577673643,-2.418532261548178,0.9351892273206385,-1.3174144639029621,-1.277643726800946,-0.778284062922509,0.3741473738543503,-0.720703804680908,0.47219405940207826,-1.4283188248605336,-1.397901041843668,-0.9688433882386341,2.2458941499894483,-1.0728720310180329,2.7439386892743283,0.8696916704762853,0.9730540427735618,0.8696916704762853,0.7256710331533331,0.13755044508914321,0.7256710331533331,1.1206101449113508,1.128791486521531,1.1206101449113508,-0.06378649539922818,-1.9469872011342582,-1.4354087120286203,-1.6761106405750774
11.1,run,0,imputed,-0.5745022897303773,-0.5431645661484251,-0.6492531324153814,-0.7342574855011741,-0.421720443301218,-0.5503970013315503,-0.5311996329357875,-0.4088607073057236,0.4345906435086666,-0.22682048675236705,0.5651991590358868,0.05414078235894374,0.04189894130866627,-0.5872178918277405,0.015408059334768227,-0.8828903651327141,0.6244300810004485,-0.07386422406784918,-0.6862591670087222,-0.07386422406784918,-0.5645342800028991,-0.4814265578120001,-0.5645342800028991,-3.1664106819429714,-3.3422163574023824,-3.1664106819429714,-0.5900410014518488,-0.5165476247907217,-1.4354087120286203,-0.1988657363369898
11.1,run,16,observed,-0.870520720723205,-0.8270118555550213,-1.5213019583897849,-1.781331121737517,-0.8949487270056378,-0.42087285720031137,-0.1046601507271255,0.13440893330719608,0.5864941238241196,0.7444833718404302,0.746182055620595,0.23835982142261034,0.24758465318757097,-0.4640731688813406,0.12668110215790163,0.08698600725479887,0.8325734413339315,1.427247426343274,0.9730540427735618,1.427247426343274,0.3656137364585707,0.4470389465397149,0.3656137364585707,0.44045780218927083,0.2345899177367483,0.44045780218927083,0.4608248851291172,-0.6187218802438315,-1.4354087120286203,-0.11679657499042817
11.1,run,24,observed,-1.8052985695868693,-1.773169486910342,2.7872805111756915,-1.6302151917454286,-1.047057818196344,-0.16200224266092117,-0.2112950212792911,-0.21328363668507264,0.842582713675302,0.2506000539118893,1.399731404398708,-0.8136862570855573,-0.6780010502675009,-0.6857336701848605,1.5839990178415198,-0.0651514629236345,1.4781563028560756,0.1405802974194541,-0.27143086456315124,0.1405802974194541,0.4556280606322613,0.13755044508914321,0.4556280606322613,0.02137403573633347,0.16007312033801643,-0.7755721438895994,-1.2653157862867288,-0.823070391150051,-0.6754864527193507,-0.3630040590301101
11.2,run,0,observed,-0.9077680729673355,-0.5431645661484251,-1.1142080751742458,-0.9697050090070451,-0.3565308327909152,-0.09590761767214073,-0.1046601507271255,0.17787050455622969,-0.8561912860828527,-0.2762088185452211,0.3423220734269404,-0.277590072970717,-0.26662962650969096,-0.4640731688813406,-0.3543055990775782,-0.6166497923204557,-0.6151228575709022,0.09769139312199344,1.387882345219133,0.09769139312199344,0.39561851118313424,0.4470389465397149,0.39561851118313424,0.5022898333458236,0.45814030993294397,0.5022898333458236,-1.0791633609379612,-1.0274189020562705,-1.308755002143742,0.2935492317423742
11.2,run,16,death,,,,,,,,,,,,,,,,,,,,,,,,,,,,,,
11.2,run,24,death,,,,,,,,,,,,,,,,,,,,,,,,,,,,,,
12.1,LPS,0,observed,0.6442049372047743,0.4029930652068954,0.17010080004635084,1.564433186146245,-0.44103588345241873,0.7750489729058212,0.7484188136901985,0.004024219560095237,-0.9460608843846652,-0.45729936845235286,-0.7385480033984003,0.16716488232200896,0.1447417972481188,-0.3162995013456606,-0.9573337021190753,-0.008099911606722007,-0.3570589352062183,0.4408026275016787,-0.13315476374796092,0.4408026275016787,0.9056996815007144,1.066015949440858,0.9056996815007144,0.9351140514416927,0.6816907021291396,0.9351140514416927,0.15621182546749732,0.6073691851934856,1.4776266153235795,1.565621232614062
12.1,LPS,16,observed,-0.24188996881349126,-0.25931727674182903,-0.282455344238944,-0.8466996101862174,0.5247361241076214,-0.5944600846574042,-0.6378345034879529,-0.4957838498037908,1.2609137641775445,-0.556076032038061,0.6154721858649724,-0.10276125369250136,-0.060943914630786265,-0.4025008074081406,-0.2616977118247768,-0.5976326085481515,-0.3274450424758447,0.8268027661788246,0.2816735386976101,0.8268027661788246,1.1457378792972228,0.962853115624001,1.1457378792972228,0.708396603867666,0.9797578917240672,0.708396603867666,0.9008215268625682,-0.7208961356969412,-1.0554475823739855,1.5245866519407811
12.1,LPS,24,observed,-0.2575730644952305,-0.21200939517406295,-0.16466675874003187,-1.4027992485742036,1.447072535627649,-0.11331964253477657,-0.1046601507271255,0.6776785739201155,0.6270547389868845,-0.09511826863808948,-0.5550514554722379,0.04150666846579148,0.04189894130866627,-0.04538111086358075,0.3721996869676541,-0.122203014240547,-0.13368557289711483,1.2556918091534313,0.6965018411431811,1.2556918091534313,1.385776077093731,1.066015949440858,1.385776077093731,0.9763354055460611,1.2778250813189949,0.9763354055460611,0.037751191154645126,-0.21002485843139243,3.504085973481631,1.8528632973270218
12.2,LPS,0,observed,0.9006888978332178,1.3491506965622162,0.8685664473907779,0.36091833295679837,-0.781470516117333,0.535722467906124,0.5351490725858676,-0.582706992301858,0.689088621000525,0.23413727664760464,1.0913901731803162,0.14787224894462783,0.1447417972481188,-0.07001005545286067,-0.1274521698381578,-0.3694264032805014,-0.3359061546845229,-2.475642864725646,-1.9307440743454354,-2.475642864725646,-0.26448653275726364,-0.06877522254457123,-0.26448653275726364,0.06946561524995451,-0.212510866655643,0.06946561524995451,1.1377427954882726,0.09649790792793683,1.9842414548630924,1.7092422649705405
12.2,LPS,16,observed,1.7224177653243455,1.632997985968812,0.7735089924267435,-0.8565644860320326,0.10945416085680418,0.6178077279728351,0.6417839431380329,0.11267814768267917,-0.9389031287677067,1.0737389171261242,-0.9186930162026238,0.93306535427716,0.9674846447637384,-0.24241266757782068,0.3370230476235667,0.0109172721655821,-0.20306669300827568,2.928359076754397,3.3237477566317977,2.928359076754397,1.9858715715850017,1.2723416170745727,1.9858715715850017,1.1824421760679036,1.4268586761164586,1.1824421760679036,0.5792855194419694,-0.7208961356969412,3.757393393251388,0.4576875544354945
12.2,LPS,24,observed,1.6489032543161926,2.1060768016464726,0.8943972775440482,-0.7012581663001288,0.6865270796741173,2.4092918778703445,2.454576742524846,4.480566058210553,-0.9349265978693964,2.7694049753474483,-0.8608790353491753,0.7059927667380715,0.6589560769453808,0.6565438099308992,0.38583960834597353,1.1899826660484412,0.00507666732520709,0.39791372320421803,0.6965018411431811,0.39791372320421803,0.48563283535682483,0.4470389465397149,0.48563283535682483,1.223663530172272,1.0542746891227992,1.223663530172272,0.8162067880676738,-1.4361159238687096,-1.308755002143742,0.4166529737622137
12.3,LPS,0,observed,0.033217667937017345,0.4029930652068954,0.02854785080642944,0.5275736249007018,1.0752261684168447,0.36693243097241063,0.3218793314815365,1.8076794263949885,-0.9524233338219616,2.1438194393046293,-0.9396401107147427,1.4165763075934747,1.4816989244610008,0.9028332558236992,-0.6357187138302768,1.2850685849099621,-1.1676334847975862,-0.030975319770388525,0.14339743788241976,-0.030975319770388525,-1.0446106755959157,-0.894077893079429,-1.0446106755959157,-1.084732299672363,-1.1067124354404256,-1.084732299672363,0.2408265642623917,-0.5165476247907217,1.4776266153235795,1.7913114263171022
12.3,LPS,16,observed,0.4867205180673099,0.4029930652068954,0.5017686592143404,-0.25306106371238624,-0.1682052913167074,-0.02643719194468601,0.00197471982504009,-0.01770656606442147,-0.7090596428453719,0.5963183764618679,-0.655597509130409,0.5330419914169463,0.5561132210059286,0.12702150126137926,-0.052073656957970775,2.4831511625651252,-0.26990947945683325,-0.20253093696023117,-0.962811368639103,-0.20253093696023117,0.6956662584287696,0.13755044508914321,0.6956662584287696,-0.7137401127330466,-0.43606125885183866,-0.7137401127330466,-0.9776256743840879,0.40302067428726607,1.0976654856689447,1.196310006554539
12.3,LPS,24,observed,-1.2181626750017576,-1.1581670265293837,0.6867174031117558,-1.8741307945171761,-0.6727728766664504,-1.2324864242668412,-1.277643726800946,-1.3215537035354286,3.6539900587806757,-0.1280438231666589,3.068795895124351,0.24143298426148532,0.24758465318757097,0.4348833086273792,0.37507124936308966,3.87140557794333,-1.2598596078721784,-0.2454198412576918,-0.8245352678239126,-0.2454198412576918,-0.41451040638008135,-0.4814265578120001,-0.41451040638008135,-0.48702266515902,-0.3615444614531068,-0.48702266515902,-0.9776256743840879,-0.41437336933761193,0.5910506461294317,1.2783791679010992
12.4,LPS,0,observed,2.509839861011668,2.295308327917537,1.4740411061834326,1.402055583728403,-0.4048194331689172,-0.01630978972866313,0.00197471982504009,0.5907554314220487,-0.8386945501302875,1.188978357976117,0.14960880391544554,0.7800901374087214,0.8646417888242859,3.3780421870463386,-0.5840305907124342,1.1899826660484412,-0.9281840092919943,1.0841361919635886,0.5582257403279908,1.0841361919635886,-1.1646297744941698,-0.5845893916288574,-1.1646297744941698,0.6877859268154818,0.8307242969266034,0.6877859268154818,-1.0283945176610245,3.0595513160681196,1.0976654856689447,0.4166529737622137
12.4,LPS,16,observed,-0.5432994639469169,-0.5431645661484251,-0.32378467248417636,-0.8898257045918163,-0.6269469949077265,-0.028569276621743526,0.00197471982504009,2.763833993873728,0.898254146251646,2.851718861668872,-0.16375972998585475,0.41216425308786764,0.45327036506647606,0.8782043112344191,-0.22221372888753593,3.852388394171026,-0.8021134373826897,1.1270250962610493,0.2816735386976101,1.1270250962610493,2.4059384177288914,2.510295622876859,2.4059384177288914,2.1923653516249315,2.022993055306314,2.1923653516249315,1.3408181685960192,-0.31219911388450217,-0.5488327428344725,0.9090679418415777
12.4,LPS,24,observed,-0.7346005581481316,-0.6850882108517233,-0.8610659396721975,-1.5373282191795232,-0.2502959119593108,-0.15009810321401712,-0.1046601507271255,3.2636420632376137,0.28586838791186175,0.7938717036332842,0.2258562279395589,-0.14954162135093024,-0.1637867705702388,2.639296994090885,-0.09083974929635266,0.8858978975292974,-1.2556290517678392,3.9576927798934527,4.983060966414081,3.9576927798934527,2.6459766155253996,2.407132789060002,2.6459766155253996,3.5526700370690913,3.662362598078415,3.5526700370690913,1.1208198477292937,-0.7208961356969412,-0.5488327428344725,1.0321716838614172
12.5,LPS,0,observed,1.6391013195151058,1.3491506965622162,0.9532915702935042,0.8650745985283241,-0.2044217416002089,1.4749057681499238,1.4948629075553572,2.3292182813833917,0.48787615754602437,3.0821977433688574,-0.7184387926667661,1.8131850450771603,1.7902274922793575,3.538130326876659,-0.8015514421666885,2.4260996112482127,-1.1693257072393222,0.26924701031183607,0.0051213370672294175,0.26924701031183607,-0.8345772525239709,-1.2035663945300006,-0.8345772525239709,-0.5900760504199412,-0.5850948536493025,-0.5900760504199412,-1.70531242802018,1.1182404624590343,0.08443580658991875,0.6628604578018957
12.5,LPS,16,observed,0.992990450543454,0.9706876440200877,0.6557204069278314,-0.4810881053873343,-0.31307109245071346,0.6760847091457386,0.6417839431380329,7.41422211752032,-0.9190204742761552,1.5346966805260958,0.24010025220779974,1.2227963174755305,1.173170356642643,2.294368625118019,-0.5029089530413756,2.863494838011209,-1.165095151134983,1.5130252349381952,0.8347779419583714,1.5130252349381952,1.2057474287463499,0.4470389465397149,1.2057474287463499,1.5122130089028514,1.5758922709139223,1.5122130089028514,0.8838985791035893,0.09649790792793683,-0.8021401626042289,0.17044548972253318
12.5,LPS,24,observed,-0.3173648667818615,-0.3539330398773612,-0.27315624538376687,-1.9481610132539129,0.17464377136710696,0.2317227277023515,0.2152444609293709,0.6776785739201155,0.9833519074754863,1.5017711259975264,-0.6187306227890796,-0.5821746565569828,-0.5751581943280484,0.7058016991094591,0.13314211754763197,0.8857077256915741,0.1548383534188105,2.0705809908051838,2.2175389501102747,2.0705809908051838,2.3459288682797643,2.2008071214262874,2.3459288682797643,1.1824421760679036,1.2778250813189949,1.1824421760679036,-0.5545519804096157,0.09649790792793683,-1.1821012922588636,0.6218258771286148
16.1,PBS,0,observed,-0.4389088583153404,-0.5431645661484251,-0.27212301217763585,-0.0052169705595616804,-0.013681770107100994,-0.3153346656859682,-0.3179298918314563,-1.1042458472902608,0.45924513507819037,-0.4079110366594987,-0.045618116937503485,-0.5756868683415806,-0.5751581943280484,-0.5502744749438206,-0.19349810493317893,-0.16023738178515537,-0.24706447649340216,0.22635810601437542,0.0051213370672294175,0.22635810601437542,-1.5546918459134957,-1.7193805636142867,-1.5546918459134957,-0.3839692798980988,-0.2870276640543749,-0.3839692798980988,-0.21609302523003812,-0.31219911388450217,0.211089516474797,0.49872213510877533
16.1,PBS,16,observed,-0.28959271817878135,-0.3539330398773612,-0.35581490187423165,-0.9791333859216295,-0.5086399239816215,0.2740090737973242,0.4285142020337021,6.153836551298346,0.10215266040992653,0.8926483672189927,-0.022995254864415053,-0.07151743149727342,-0.060943914630786265,0.6319148653416191,0.3018464082794794,2.1218246708913457,-0.07445778743636769,-0.07386422406784918,-0.13315476374796092,-0.07386422406784918,0.9657092309498415,0.4470389465397149,0.9657092309498415,0.48167915629363933,0.5326571073316759,0.48167915629363933,-0.013017652122291522,-0.31219911388450217,-0.29552532306471596,1.0321716838614172
16.1,PBS,24,observed,45.05350420932965,-2.4354798288590667,3.266700718820387,-2.7327241922480776,-1.047057818196344,-1.4846054373288828,-1.490913467905277,-0.9086687766696099,0.07988408737938905,-1.000571018173748,0.03481872598903346,-0.19649272027818546,-0.1637867705702388,-0.43932107956911426,2.0154512677557332,0.33439956813247623,3.2262220851689842,2.1134698951026443,1.387882345219133,2.1134698951026443,1.1157331045726593,1.4786672847082871,1.1157331045726593,1.5534343630072198,1.5013754735151905,1.5534343630072198,-0.18224712971208035,-1.23176741296249,-1.308755002143742,0.4166529737622137
16.2,PBS,0,observed,-0.10891038667874416,-0.5431645661484251,-0.16156705912163932,-0.6235613565410538,0.0877242906867033,0.9253609426383703,0.9616885547945296,2.4813337807550093,-0.84744291810657,0.9749622535404161,-0.16292184620536992,1.1244551066315343,1.0703275007031905,0.3486820025648993,-0.9702557328985358,2.3500308761589963,-0.2555255887020803,-0.28830874555515246,-0.13315476374796092,-0.28830874555515246,0.8756949067761509,0.3438761127228577,0.8756949067761509,0.8526713432329557,0.6071739047304078,0.8526713432329557,-0.04686354764024929,-0.31219911388450217,-1.1821012922588636,-1.265764833842275
16.2,PBS,16,observed,-1.0345397630613942,-1.0162433818260856,-1.3177550167820156,-1.6752618814484428,-0.1730341513545075,-0.3821399855671013,-0.4245647623836219,0.11267814768267917,0.18009266601680823,-0.4079110366594987,0.3439978409879101,-0.3086631638971186,-0.26662962650969096,0.04082019519889936,-0.21503482289894668,1.6654122603560457,-1.2243229365957302,1.1270250962610493,0.9730540427735618,1.1270250962610493,1.2057474287463499,0.962853115624001,1.2057474287463499,0.27557238577179693,0.3091067151354802,0.27557238577179693,1.222357534283167,-0.9252446466031607,-1.308755002143742,-0.23990031701026915
16.2,PBS,24,observed,-1.2140785355013046,-1.2054749080971496,-1.152437703801086,-2.195219408330522,-0.7693742217226435,-0.915516502277636,-0.9577391151444495,-0.9086687766696099,1.7913829860121366,0.3493767174975974,-0.9689660430317094,-0.4778578513040634,-0.4723153383885961,0.6074090654752855,-0.21790638529438242,0.4294854869939971,1.3774690675728052,0.5265804360966,0.0051213370672294175,0.5265804360966,-0.29449130748182717,-0.2751008901782857,-0.29449130748182717,-0.05419844706315094,0.6071739047304078,-0.05419844706315094,0.5792855194419694,-0.41437336933761193,-1.4354087120286203,-0.9785227691293137
16.3,PBS,0,observed,0.3289093677698089,0.4029930652068954,-0.10990539881509884,0.49536000377587186,0.28087869219871137,0.16900390345224536,0.2152444609293709,0.17787050455622969,-0.8760739405744041,-0.4079110366594987,-0.5416453149844817,0.4939445308557046,0.45327036506647606,0.7796885328772992,-0.18416552714801293,0.27715784497784063,-0.6667356420438392,-0.717197788529759,-0.8245352678239126,-0.717197788529759,-1.4346727470152416,-1.2035663945300006,-1.4346727470152416,-0.7137401127330466,-0.6596116510480343,-0.7137401127330466,-1.1299322042148978,-0.005676347525172925,-0.04221790329495949,-0.9785227691293137
16.3,PBS,16,observed,-0.319488619322097,-0.3539330398773612,-0.282455344238944,-0.9012619765900622,-0.7331819157393309,-0.012933988989988838,0.00197471982504009,4.045950345720217,0.8529216940109088,0.859722812690423,1.3368901208623507,0.5951881732697493,0.5561132210059286,0.6565438099308992,-0.2710302896099428,2.692340184060471,-0.34775171177667236,0.05480248882453279,-0.4097069653783416,0.05480248882453279,-0.2344817580327001,-0.6877522254457146,-0.2344817580327001,0.48167915629363933,0.3836235125342121,0.48167915629363933,-0.8930109355891934,-0.21002485843139243,-0.16887161317983773,-0.9374881884560329
16.3,PBS,24,observed,-1.758576013701688,-1.773169486910342,1.0669472229678933,-2.4545870732678385,-0.9721863433102519,-0.473819626680571,-0.4245647623836219,-0.1046297085624887,1.2179672304757931,-0.5231504775094916,1.2438850212285426,-0.7173938214674777,-0.1637867705702388,-0.18084030610462068,-0.8912877670240541,-0.21728893310206787,-0.03976722738078727,-0.5027532670424557,-0.962811368639103,-0.5027532670424557,-0.174472208583573,-0.4814265578120001,-0.174472208583573,0.23435103166742843,0.16007312033801643,0.23435103166742843,0.20698066874443397,-0.7208961356969412,-0.9287938724891073,-0.9374881884560329
17.1,PBS,0,observed,-0.9159363519682415,-0.5431645661484251,-1.3880148747989105,-1.3042377899022983,-0.15371871120330677,-0.7495692449133323,-0.7444693740401185,1.3078713570311025,-0.8999331259642659,0.38230227202616673,-0.4687494260823075,-0.9297835198874972,-0.9865296180858582,-0.2054692506939007,0.20780273982896022,1.7604981792175667,1.2573212742095752,-1.5749758744789721,-0.27143086456315124,-1.5749758744789721,-0.8045724777994073,-0.6877522254457146,-0.8045724777994073,-0.8167934979939678,-0.88316204324423,-0.8167934979939678,-0.8760879878302146,-1.23176741296249,-0.5488327428344725,0.950102522514857
17.1,PBS,16,observed,-1.735051370179079,-1.67855372377481,-2.095779620998515,-2.2607815478013817,-0.9166785971757386,-1.0752451793338553,-1.064373985696615,0.24306286142978,-0.9245876175337896,0.8761855899547076,-0.827363684129785,-1.2137096199457709,-1.192215329964763,-0.5379600026491806,2.1396463413583278,0.5053640502454906,2.2041197303606617,-1.7894203959662756,-1.9307440743454354,-1.7894203959662756,-1.7347204942608772,-1.925706231248001,-1.7347204942608772,-0.7755721438895994,-0.9576788406429619,-0.7755721438895994,-1.823773062333032,-1.5382901793218193,-1.4354087120286203,3.2480390402185493
17.1,PBS,24,observed,140.45900293990988,-2.3408640657235344,1.583563826033298,-2.6398372196821724,-1.047057818196344,-1.6873311553724268,-1.7041832090096078,-1.0390534904167106,2.3560503735721974,-0.9511826863808939,2.6280690265893667,-0.8116374818596408,-0.7808439062069533,-0.26691846744415426,2.353577739818287,-0.23611594503664904,0.9256456756293914,-0.5456421713399164,-1.1010874694542934,-0.5456421713399164,-1.4946822964643687,-1.306729228346858,-1.4946822964643687,-0.8992362062027048,-1.032195638041694,-0.8992362062027048,-2.432999181656272,-1.5382901793218193,-1.4354087120286203,0.8269987804950161
17.2,PBS,0,observed,-0.24450381809378113,-0.5431645661484251,-0.2535248144672814,-0.12603987472423556,-0.7549117859094318,-1.1299686860449962,-1.1710088562487806,-1.1259766329147776,-0.5929449406147116,-0.8688688000594703,0.9682212574490565,-0.3721751959005328,-0.3694724824491435,-0.4640731688813406,-0.04561264156824041,0.7335702555131409,-1.0060262416118335,0.6981360532864427,0.0051213370672294175,0.6981360532864427,0.0055564397638082205,0.13755044508914321,0.0055564397638082205,1.0175567596504296,0.8307242969266034,1.0175567596504296,-0.48686018937370024,0.8117176960997051,-0.16887161317983773,-0.5681769623965113
17.2,PBS,16,observed,0.8226001505845577,0.781456117749024,0.7290799645631186,-0.3096313251998925,-0.15130428118440664,1.633568402867614,1.8147675192118533,4.045950345720217,-0.9381078225880446,4.926028796968743,-0.030536208888777824,0.5209200713302728,0.5561132210059286,-0.2670416121671007,-0.46988598549386507,1.7414809954452621,-0.05245889569380452,3.185692502539161,2.0792628492950844,3.185692502539161,2.886014813321908,2.303969955243145,2.886014813321908,0.9145033743895085,1.4268586761164586,0.9145033743895085,0.7992838403086948,0.1986721633810466,0.4643969362445535,0.5807912964553354
17.2,PBS,24,observed,-0.8736246667435492,-0.9216276186905534,-0.8352351095189272,-2.1195304936551085,-0.44584059919002994,2.1175516245596517,2.13467213086835,4.306719773214419,-0.8665302664184594,2.621239979968886,-0.8349046381541477,1.2683815662521745,1.2760132125820955,1.7526549888768055,-0.6823816027561068,0.8288463462123847,-0.7386550958176035,3.528803736918846,2.632367252555846,3.528803736918846,3.606129406711433,2.7166212905105738,3.606129406711433,2.5427468615120636,2.7681610292936325,2.5427468615120636,1.2731263775601036,-0.41437336933761193,-1.0554475823739855,0.48230830283946213
17.3,PBS,0,observed,0.1165341137462569,0.4029930652068954,0.928493973346365,0.3901637613492592,1.7150501234253714,0.18819266554576236,0.2152444609293709,-0.1046297085624887,-0.9150439433778449,-0.1938949322237976,-0.34641839413153247,0.6284807706908939,0.6589560769453808,-0.4640731688813406,0.19416281845064062,-0.027117095379026117,0.005922778546074859,0.011913584527072134,-0.4097069653783416,0.011913584527072134,0.6356567089796425,1.4786672847082871,0.6356567089796425,0.33740441692834966,0.45814030993294397,0.33740441692834966,0.5623625716829905,-0.005676347525172925,0.08443580658991875,-1.2247302531689956
17.3,PBS,16,observed,-1.2500189631052903,-1.2054749080971496,-1.1658697354807863,-1.6100489411225676,-0.057141510447302736,-0.942345234463942,-0.9577391151444495,-0.4957838498037908,1.2911353990047028,-0.7371665819451927,1.501953225617849,-0.9999540713751404,-0.9865296180858582,-0.6734191978902206,0.14391047653051586,2.14084185466365,0.5694328516440404,-1.0174201186119836,-1.377639671084674,-1.0174201186119836,0.39561851118313424,-0.17193805636142845,0.39561851118313424,0.09007629230213875,0.16007312033801643,0.09007629230213875,-1.5868517937073277,-1.1295931575093803,-0.8021401626042289,-0.6092115430697921
17.3,PBS,24,death,,,,,,,,,,,,,,,,,,,,,,,,,,,,,,
17.4,PBS,0,observed,-2.115039709301219,-2.4354798288590667,3.4289183321829246,-2.4666344437698076,-1.047057818196344,-0.26132185386718015,-0.2112950212792911,0.11267814768267917,-0.9023190445032521,-0.012804382316665978,0.45040908110947453,-0.4846871020571185,-0.4723153383885961,0.7304306436987392,-0.9767167482882662,0.6384843366516201,-0.18699057981178724,1.3843585220458132,0.9730540427735618,1.3843585220458132,2.5859670660762726,2.510295622876859,2.5859670660762726,2.6458002467729846,2.395577042299973,2.6458002467729846,0.7992838403086948,-0.21002485843139243,0.9710117757840665,-1.1836956724957148
17.4,PBS,16,observed,-0.6212248456155587,-0.6377803292839573,-0.7587758522652475,-1.0517668080784277,-0.590730544624225,-0.32581741534816744,-0.3179298918314563,-0.14809127981152212,-0.21676511763455847,0.39876504929045165,-0.9647766241292856,-0.4445652538829188,-0.4723153383885961,-0.45175869658670065,-0.25021146224303403,-0.445495138369718,0.1903750246952589,2.628136746672172,3.0471955550014167,2.628136746672172,2.165900219932383,1.7881557861588588,2.165900219932383,1.4091596236419301,1.7249258657113862,1.4091596236419301,-0.30070776402493254,-0.823070391150051,-0.5488327428344725,3.4121773629116725
17.4,PBS,24,observed,-1.5455472973580635,-1.4893221975037456,-1.7878761255715339,-2.4780707157680535,-0.7500587815714426,-1.2374612885133085,-1.277643726800946,-0.8000148485470258,1.6768588961408006,-0.8688688000594703,1.8630811350067804,-0.6963938754018326,-0.6780010502675009,-0.7102394700511941,0.8323675608362251,-0.5403908853935159,3.0832292888423227,1.9848031822102623,1.2496062444039424,1.9848031822102623,2.3459288682797643,1.6849929523420015,2.3459288682797643,1.5328236859550357,1.5758922709139223,1.5328236859550357,0.12236592994953954,-1.640464434774929,-0.8021401626042289,2.7145894914659072
17.5,PBS,0,observed,-0.08277189387584545,0.4029930652068954,-0.02518027591237255,-0.2959252587592467,-0.6921366054180292,-0.17976961496973304,-0.2112950212792911,-0.32193756480765656,0.5578631013562856,-0.49022492298092224,1.0972553596437096,-0.2347365244952951,-0.26662962650969096,-0.27935608446174065,-0.14109209121647742,-0.3694264032805014,-0.043151672264258346,0.22635810601437542,0.8347779419583714,0.22635810601437542,-1.1346249997696063,-1.306729228346858,-1.1346249997696063,-0.5694653733677569,0.2345899177367483,-0.5694653733677569,0.630054362718906,1.3225889733652538,0.8443580658991883,-1.1016265111491546
17.5,PBS,16,death,,,,,,,,,,,,,,,,,,,,,,,,,,,,,,
17.5,PBS,24,death,,,,,,,,,,,,,,,,,,,,,,,,,,,,,,
18.1,PBS,0,observed,-0.8440554967602699,-0.5431645661484251,-0.8300689434882731,-0.7097262455660055,-0.7959570962307335,-0.29774496710024434,-0.3179298918314563,-0.7565532772979922,1.1654770226180975,-0.9182571318523244,-0.9228824351050475,-0.6038575276979334,-0.5751581943280484,-0.5749034195331006,0.21211008342211374,-0.6166497923204557,0.054151118135540535,0.011913584527072134,-0.13315476374796092,0.011913584527072134,0.18558508811118946,0.7565274479902865,0.18558508811118946,-0.05419844706315094,0.16007312033801643,-0.05419844706315094,1.1038968999703147,-0.31219911388450217,-0.5488327428344725,-0.48610780104995116
18.1,PBS,16,observed,0.03566815163728919,0.024530012664767096,-0.13883592858676164,-0.9167140387556311,-0.759740645947232,0.21608744007059713,0.2152444609293709,0.15613971893171277,1.144799061946884,0.3329139402333128,0.581956834645582,2.0971111451354334,2.098756060097715,1.2599529523682589,0.15898617910655324,2.635288632743558,-0.0846111220867814,1.770358660722959,1.2496062444039424,1.770358660722959,2.4659479671780185,1.891318619975716,2.4659479671780185,1.5534343630072198,1.3523418787177266,1.5534343630072198,0.6469773104778849,-0.6187218802438315,0.33774322635967524,0.21148007039581254
18.1,PBS,24,observed,-0.6617395094600516,-0.6377803292839573,-0.8744979713518981,-2.1967035046967065,-0.5593188100783346,-0.17603846678488272,-0.2112950212792911,-0.4088607073057236,0.16259593006424283,1.188978357976117,0.28869751147591594,0.8051876339261993,0.7617989328848334,0.48426434252888556,0.9113355267107066,0.3914511194493889,0.5228967344963106,2.2421366079950262,1.5261584460343232,2.2421366079950262,1.265756978195477,1.3755044508914298,1.265756978195477,1.038167436702614,0.8307242969266034,1.038167436702614,0.7315920492727793,-0.7208961356969412,-1.308755002143742,-0.034727413643868
18.2,PBS,0,observed,-1.0221239789800172,-0.5431645661484251,-1.2443954591467281,-0.9992996365444905,-1.0204990879884428,-1.4693254971433045,-1.490913467905277,-1.3215537035354286,3.6539900587806757,-1.000571018173748,-0.8323909868126935,-1.3152947248974685,-1.192215329964763,-1.0059099498455004,2.566073357080529,-0.9399419164496265,-0.19799002568306884,-0.9316423100170623,-0.962811368639103,-0.9316423100170623,1.4757904012674217,1.4786672847082871,1.4757904012674217,-0.1984731864284406,-0.3615444614531068,-0.1984731864284406,0.8669756313446104,-0.10785060297828268,-0.9287938724891073,-0.23990031701026915
18.2,PBS,16,imputed,4.636602298674514,-0.8114923805853193,-0.4937264567400861,-1.2335297484160699,-0.6208896786882578,-1.0736461158260624,-1.064373985696615,-0.5175146354283076,2.070535455073519,0.02012117221190345,2.0147380992745223,-0.9579541792438503,-0.9865296180858582,-0.5749034195331006,0.6579201453135062,-0.5215638734589347,0.6024311892578854,0.26924701031183607,-0.547983066193532,0.26924701031183607,1.5958095001656758,1.7881557861588588,1.5958095001656758,0.9145033743895085,1.203308283920263,0.9145033743895085,-0.9437797788661301,-0.31219911388450217,-0.8021401626042289,-0.15783115566370898
18.2,PBS,24,observed,-1.0567574819438579,-1.0162433818260856,-0.5862259068414021,-2.1080942216568626,0.06116556047880216,-0.5830889663797645,-0.6378345034879529,0.41690914642591426,-0.9190204742761552,0.38230227202616673,0.3121582573294891,0.06814074640270722,0.04189894130866627,0.2872327858146456,0.4009153109220111,0.46751985453860534,-0.38328838305312063,0.26924701031183607,-0.13315476374796092,0.26924701031183607,0.3656137364585707,0.7565274479902865,0.3656137364585707,0.7496179579720345,1.0542746891227992,0.7496179579720345,0.0039052956366873604,-0.10785060297828268,-0.16887161317983773,-0.6502461237430714
18.3,PBS,0,observed,-0.11707866567965013,-0.5431645661484251,-0.3630475343171472,-0.05209695577374512,-0.40240500315001715,-0.31355792845508706,-0.3179298918314563,-0.5392454210528244,0.2270157306168697,-1.049959349966602,3.3587036831720782,0.24996954770280427,0.24758465318757097,-0.45175869658670065,-0.1611930279845273,-0.5976326085481515,-1.2040162672949024,-0.6743088842322984,-0.547983066193532,-0.6743088842322984,-1.284648873392424,-1.306729228346858,-1.284648873392424,-1.3732817784029423,-1.3302628276366213,-1.3732817784029423,-0.21609302523003812,-0.21002485843139243,-0.42217903294959425,-0.3219694783568293
18.3,PBS,16,death,,,,,,,,,,,,,,,,,,,,,,,,,,,,,,
18.3,PBS,24,death,,,,,,,,,,,,,,,,,,,,,,,,,,,,,,
19.1,MCC,0,observed,-0.3898991843099052,-0.5431645661484251,-0.6761171957747827,-0.003558274620884799,-0.7669839360039323,-0.17834822518502824,-0.2112950212792911,0.1996012901807464,0.5666114693325681,0.21767449938331973,-0.7142493737643423,-0.20605367133246272,-0.1637867705702388,0.04082019519889936,-0.24231466565558582,0.04895163971019049,0.3866728279365922,0.4836915317991394,0.5582257403279908,0.4836915317991394,-0.2344817580327001,-0.3782637239951429,-0.2344817580327001,-0.09541980116751941,-0.06347727185817924,-0.09541980116751941,-0.2668618685069748,-0.7208961356969412,-0.16887161317983773,-1.0277642659372503
19.1,MCC,16,observed,-0.9257382867693282,-0.9216276186905534,-1.199966431283103,-1.4731628762886018,-0.9480661874214399,-0.747614833959363,-0.7444693740401185,-1.3215537035354286,3.6539900587806757,-0.4079110366594987,2.40519194098042,-0.2818583546913766,-0.26662962650969096,-0.3162995013456606,0.4540392152375714,2.0837903033467375,0.21152780521695433,0.6981360532864427,0.0051213370672294175,0.6981360532864427,0.8456901320515873,0.5502017803565721,0.8456901320515873,1.038167436702614,0.7562074995278716,1.038167436702614,-0.5714749281685947,-0.9252446466031607,-1.308755002143742,-0.7323152850896316
19.1,MCC,24,observed,-1.6205320985863791,-1.5839379606392778,-1.814740188930935,-2.453102976901654,-0.8611225624408473,-0.6968001491561607,-0.7444693740401185,-0.97386113354316,0.84178740749564,0.46461615834759024,1.1994771808628504,-0.7441986306732197,-0.7808439062069533,-0.7841263038190341,1.2595124671572853,-0.3121846801258658,2.3767264194176962,0.783913861881364,1.2496062444039424,0.783913861881364,1.71582859906393,1.9944814537925732,1.71582859906393,1.0793887908069824,1.0542746891227992,1.0793887908069824,1.4931246984268292,-0.823070391150051,-1.1821012922588636,-0.6912807044163523
19.2,MCC,0,observed,0.7765310570194487,0.4029930652068954,0.7900407237248367,1.6303445247620896,1.0728117383979443,0.0037673409802942903,0.00197471982504009,-0.6478993491754083,0.7041994384141042,-0.30913437307379055,-0.8365804057151173,-0.4583944866578557,-0.4723153383885961,-0.4025008074081406,-0.977434638887125,-0.16023738178515537,-0.7462700968054138,-0.030975319770388525,0.9730540427735618,-0.030975319770388525,-0.024448334960755318,0.5502017803565721,-0.024448334960755318,0.9557247284938769,0.6816907021291396,0.9557247284938769,1.7131230192935545,0.1986721633810466,0.211089516474797,-0.6502461237430714
19.2,MCC,16,observed,-0.7927587046345812,-0.8270118555550213,-0.9220266988339153,-1.0861629238594115,-0.02092506016380123,-1.7251756583901965,-1.7041832090096078,-1.1477074185392944,2.8443683678847007,-0.5396132547737763,3.5145500663422427,-1.2309534780972355,-1.192215329964763,-0.6734191978902206,2.945119593278042,-0.9019075489050183,1.8495991288170468,0.655247148988982,1.1113301435887522,0.655247148988982,0.0655659892129353,-0.06877522254457123,0.0655659892129353,-0.09541980116751941,0.011039525540552656,-0.09541980116751941,1.1208198477292937,-1.0274189020562705,0.08443580658991875,-0.034727413643868
19.2,MCC,24,observed,-1.5680917474005638,-1.5839379606392778,-0.19773022133621768,-2.2333694149200904,-0.7790319417982439,-0.7779970406074315,-0.7444693740401185,-0.6261685635508915,1.492347862459203,-0.3255971503380752,1.4617348041545803,-0.5712478553520943,-0.5751581943280484,-0.3532429182295807,-0.08725029630205804,-0.7497700787265849,0.7462700968054141,0.8268027661788246,0.9730540427735618,0.8268027661788246,1.1457378792972228,0.962853115624001,1.1457378792972228,0.23435103166742843,0.5326571073316759,0.23435103166742843,1.8992754446423223,-1.0274189020562705,-1.4354087120286203,-0.3630040590301101
19.3,MCC,0,observed,-0.3702953147077313,-0.5431645661484251,-0.4498391236321353,-0.29671095683546206,3.0236711936692258,-0.06534773730098407,-0.1046601507271255,0.5038322889239815,-0.9524233338219616,0.9749622535404161,-0.9279097377879562,-0.898368966423443,-0.8836867621464058,-0.5379600026491806,2.113084389200547,-0.9779762839942351,0.12437834946756915,-0.4169754584475344,-0.6862591670087222,-0.4169754584475344,-0.3244960822063907,0.13755044508914321,-0.3244960822063907,0.2137403546152442,0.16007312033801643,0.2137403546152442,0.15621182546749732,-0.41437336933761193,-0.42217903294959425,-0.5681769623965113
19.3,MCC,16,observed,-1.2960880566703992,-1.3000906712326816,-1.5553986541921017,-1.8890590579652682,-0.926336317251339,-0.760940363190972,-0.7444693740401185,-0.03943735168893818,0.5085541182172378,-0.24328326401665168,1.1575829918386122,-0.7911497296004749,-0.7808439062069533,-0.34092844593494065,0.5645943674618459,-0.3123748519635888,1.14309625939242,-0.6743088842322984,-1.1010874694542934,-0.6743088842322984,-0.26448653275726364,-0.5845893916288574,-0.26448653275726364,0.09007629230213875,0.3091067151354802,0.09007629230213875,0.4777478328880961,-0.7208961356969412,-0.8021401626042289,0.006307167029411362
19.3,MCC,24,observed,-1.6275568185271583,-0.9216276186905534,-1.7103836351117232,-2.3539304197260256,-0.3782365586608271,-1.5244043513006216,-1.490913467905277,-1.1259766329147776,3.058305730213794,-0.885331577323755,3.3302156346355956,-1.2290754341401453,-1.192215329964763,-0.7349915593634205,2.5926353092383096,-0.8448559975881056,2.8217809215941676,0.011913584527072134,-0.4097069653783416,0.011913584527072134,1.5057951759919852,1.5818301185251442,1.5057951759919852,0.007633584093401788,0.45814030993294397,0.007633584093401788,2.08542786999109,-1.0274189020562705,-1.4354087120286203,-0.28093489768354996
19.4,MCC,0,observed,-0.1873258650874403,-0.5431645661484251,-0.28142211103281317,-0.15284090910180412,-0.7766416560795328,-0.735710694512459,-0.7444693740401185,-0.474053064179274,-0.020324491258030257,-0.5066877002452069,0.4948169214751669,-0.16746840457770046,-0.060943914630786265,1.1244937571272193,0.18339445946775673,0.35322658006705737,-0.5998928555952816,1.1270250962610493,0.9730540427735618,1.1270250962610493,0.18558508811118946,-0.2751008901782857,0.18558508811118946,0.48167915629363933,0.3091067151354802,0.48167915629363933,1.4085099596319346,0.1986721633810466,-0.9287938724891073,-1.3067994145155557
19.4,MCC,16,observed,-1.1962716872793298,-1.2054749080971496,-1.4820390965568142,-1.6597225194966279,-0.9939403577805417,-0.6218218380129745,-0.6378345034879529,1.5251792132762703,1.2219437613741033,0.9584994762761312,1.4089481259840404,-0.19051712586926203,-0.1637867705702388,-0.008437693979660673,0.8359570138305197,1.9126356493960002,0.8012673261618222,0.1405802974194541,-0.547983066193532,0.1405802974194541,0.48563283535682483,0.4470389465397149,0.48563283535682483,0.110686969354323,-0.2870276640543749,0.110686969354323,0.9177444746215471,-1.1295931575093803,-1.4354087120286203,-0.6912807044163523
19.4,MCC,24,observed,-1.4231864779244943,-1.3947064343682138,-1.66802107366036,-2.466721743556054,-0.9963306434992529,-0.9100086168619042,-0.9577391151444495,-0.32193756480765656,0.9769894580381897,0.4152278265547363,0.9774379790343888,-0.9996126088374877,-0.9865296180858582,-0.2054692506939007,2.357885083411441,0.6004499691070114,-1.0001034630657586,-0.3740865541500738,-0.6862591670087222,-0.3740865541500738,-0.6545486041765897,-0.2751008901782857,-0.6545486041765897,-0.7137401127330466,-0.5850948536493025,-0.7137401127330466,0.782360892549716,-0.7208961356969412,-0.5488327428344725,-0.8964536077827535
20.1,run,0,observed,0.15900916455096753,0.4029930652068954,0.16390140080956575,-0.023462625885007377,-0.21890832171360955,-0.24728562974321858,-0.2112950212792911,0.5255630745484982,-0.9110674124795346,-0.9347199091166091,1.672043633056255,-0.3849800410625113,-0.3694724824491435,-0.5379600026491806,-0.3356404435072461,-0.6737013436373681,0.1362239065597186,-0.588531075637377,-0.962811368639103,-0.588531075637377,-0.5645342800028991,-0.4814265578120001,-0.5645342800028991,-0.11603047821970366,-0.2870276640543749,-0.11603047821970366,-0.4360913460967636,-0.31219911388450217,-0.16887161317983773,-0.6502461237430714
20.1,run,16,observed,-0.5820171064112106,-0.6377803292839573,-0.5986247053149719,-0.9136585462370158,-0.7186953356259302,-0.3959985359679746,-0.4245647623836219,-0.7565532772979922,0.7519178091938276,0.46461615834759024,0.8970011361078519,-0.019615125774053166,-0.060943914630786265,-0.6611047255955806,0.45762866823186604,0.23912347743323223,0.6438906390804084,0.26924701031183607,0.5582257403279908,0.26924701031183607,0.605651934255079,0.5502017803565721,0.605651934255079,0.708396603867666,0.6071739047304078,0.708396603867666,-0.2668618685069748,-0.7208961356969412,-0.8021401626042289,-0.15783115566370898
20.1,run,24,observed,-0.3835279266891987,-0.448548803012893,-0.2617906801163277,-1.8374648842937926,-0.28409793222391216,-0.05184453434628722,0.00197471982504009,-0.169822065436039,-0.2223322608921929,-0.5066877002452069,0.881919228059126,0.436920287067693,0.45327036506647606,-0.2916705567563807,0.10155493119783923,0.33420939629475327,-0.35621282398535054,0.4408026275016787,-0.27143086456315124,0.4408026275016787,1.0857283298480955,1.4786672847082871,1.0857283298480955,0.9969460825982454,1.0542746891227992,0.9969460825982454,-0.1314782864351437,-0.31219911388450217,0.211089516474797,0.2935492317423742
20.2,run,0,observed,0.1982169037553153,0.4029930652068954,0.16596786722182727,0.6641104905896831,1.6571038029717688,0.4868621940568911,0.5351490725858676,-0.6044377779263748,0.9157508822042114,-0.2597460412809365,-0.3958535371801334,0.2750670442202825,0.24758465318757097,0.09007808437745918,-0.661562775389198,-0.027117095379026117,-1.1870940428775463,0.011913584527072134,0.14339743788241976,0.011913584527072134,1.5357999507165487,1.066015949440858,1.5357999507165487,0.7290072809198502,1.3523418787177266,0.7290072809198502,0.630054362718906,0.7095434406465954,1.8575877449782143,0.6218258771286148
20.2,run,16,death,,,,,,,,,,,,,,,,,,,,,,,,,,,,,,
20.2,run,24,death,,,,,,,,,,,,,,,,,,,,,,,,,,,,,,
20.3,run,0,observed,-0.5467301411272975,-0.5431645661484251,-0.4415732579830887,-0.22084744258755626,-0.7211097656448304,-0.6051205080426911,-0.6378345034879529,-0.9955919191676769,-0.11973776371578744,-0.8688688000594703,0.6515011884258171,-0.2774193417018907,-0.26662962650969096,-0.9566520606669405,3.281092393544019,-0.7878044462711933,-0.6472750839638792,0.912580574773746,0.6965018411431811,0.912580574773746,-0.11446265913444593,-0.5845893916288574,-0.11446265913444593,-0.07480912411533518,-0.3615444614531068,-0.07480912411533518,1.222357534283167,-0.6187218802438315,0.211089516474797,-1.635076059901798
20.3,run,16,death,,,,,,,,,,,,,,,,,,,,,,,,,,,,,,
20.3,run,24,death,,,,,,,,,,,,,,,,,,,,,,,,,,,,,,
20.4,run,0,observed,1.1032622170556823,1.3491506965622162,0.6216237111255146,1.8177771658325772,3.9966864912859665,0.29799502641422027,0.3218793314815365,0.6342170026710822,-0.9524233338219616,0.4975417128761598,-0.9371264593732885,1.477698101833319,1.4816989244610008,0.3486820025648993,-0.8912877670240541,0.9237420932361826,-0.5271272906006494,-0.4598643627449951,-0.27143086456315124,-0.4598643627449951,0.27559941228488005,0.962853115624001,0.27559941228488005,-0.07480912411533518,0.011039525540552656,-0.07480912411533518,1.4931246984268292,0.5051949297403758,1.4776266153235795,0.2935492317423742
20.4,run,16,observed,-0.6896750236431497,-0.7323960924194894,-0.5138995824122454,-1.2592783999855302,-0.160962001260007,-0.6555798453997171,-0.6378345034879529,0.11267814768267917,1.4501966349371143,0.151823390326181,1.6427177007392884,0.4454568505090119,0.45327036506647606,-0.25472713987246065,-0.21718849469552343,1.113913930959224,-1.2513984956635003,-1.7894203959662756,-1.792467973530245,-1.7894203959662756,-0.6845533789011532,-0.6877522254457146,-0.6845533789011532,0.007633584093401788,0.011039525540552656,0.007633584093401788,1.3408181685960192,-0.823070391150051,0.8443580658991883,1.1142408452079788
20.4,run,24,observed,0.004138594693792708,-0.07008575047076472,-0.6947153934851371,-1.9813349320274505,-0.3178758081883246,0.2651253876429181,0.2152444609293709,2.307487495758875,-0.888003533269335,0.9914250308047008,1.0494959841560785,-0.20076100199884475,-0.1637867705702388,0.15165044585065918,-0.3686634110547567,2.0837903033467375,-1.2378607161296151,0.3550248189067574,0.5582257403279908,0.3550248189067574,-0.8945868019730979,-0.4814265578120001,-0.8945868019730979,0.15190832345869149,0.6816907021291396,0.15190832345869149,0.3762101463342228,0.09649790792793683,0.4643969362445535,0.8680333611682969
20.5,run,0,observed,0.3452459257716202,0.4029930652068954,0.32301931455371025,0.7043556920491589,-0.30582780239401314,0.19867541520796128,0.2152444609293709,-0.7565532772979922,-0.9373125164083825,-0.39144825939521405,-0.8868534325442029,-0.38822393517021264,-0.3694724824491435,-0.15621136151534068,-0.5280351240014379,-0.8638731813604099,-1.0229484660291897,-0.588531075637377,-0.27143086456315124,-0.588531075637377,-1.3146536481169875,-1.4098920621637152,-1.3146536481169875,-0.3839692798980988,-0.43606125885183866,-0.3839692798980988,0.19005772098545506,0.40302067428726607,-0.42217903294959425,-1.0605919304758737
20.5,run,16,observed,0.08745504050303225,0.024530012664767096,-0.3609810679048857,-0.8141367899164029,-0.5472708042840232,0.0019906037494131336,0.00197471982504009,-0.778284062922509,1.932152179812321,-0.04572993684523541,1.4215163826913118,-0.2992729441116673,-0.26662962650969096,-0.5010165857652605,-0.15544990319365593,-0.08416864669593878,-1.2463218283382933,-0.33119764985261313,-0.13315476374796092,-0.33119764985261313,-0.41451040638008135,-0.9972407268962862,-0.41451040638008135,0.3786257710327181,0.3836235125342121,0.3786257710327181,-0.6053208236865524,0.6073691851934856,-0.6754864527193507,-0.6502461237430714
20.5,run,24,observed,-0.0007623727067509828,-0.07008575047076472,-0.22666075110788045,-1.838861680873731,-0.3420201083773256,0.1780652633297395,0.3218793314815365,0.3082552183033303,-0.12450960079375985,0.10243505853332695,1.067091543546258,-0.25556573929211374,-0.26662962650969096,-0.5502744749438206,1.1410605183455627,0.2581406612055365,1.0254867996917938,1.2985807134508918,2.632367252555846,1.2985807134508918,1.1457378792972228,2.2008071214262874,1.1457378792972228,1.1206101449113508,0.9052410943253353,0.04885493819777027,-0.8760879878302146,0.1986721633810466,1.224319195553823,-0.11679657499042817
21.1,run,0,observed,-0.4160376771128039,-0.5431645661484251,-0.34341610340066175,-0.0024233773996848278,-0.8635611367599363,-0.7598743208524432,-0.7444693740401185,-0.6261685635508915,0.33517737105090945,-0.556076032038061,0.14541938501302173,-1.168636564975606,-1.192215329964763,-0.5749034195331006,0.7799615471195235,-0.6737013436373681,1.7116829998155925,0.5694693403940607,-0.13315476374796092,0.5694693403940607,0.215589862835753,0.4470389465397149,0.215589862835753,0.7290072809198502,0.8307242969266034,0.7290072809198502,0.5454396239240116,-0.10785060297828268,0.08443580658991875,-0.44507322037667035
21.1,run,16,observed,-1.8167341601881375,-1.773169486910342,-1.7186495007607696,-2.019135739472034,-0.7186953356259302,-1.776523364362663,-1.8108180795617734,-0.97386113354316,1.741278696693427,-0.8030176910023316,1.7047211004951608,-1.7923178899983805,-1.809272465601478,-1.0428533667294204,3.281092393544019,-1.2442168568064935,3.254143755457622,-0.7600866928272197,-0.962811368639103,-0.7600866928272197,-0.8645820272485344,-1.2035663945300006,-0.8645820272485344,-0.837404175046152,-0.8086452458454981,-0.837404175046152,-1.6206976892252853,-1.8448129456811486,-1.1821012922588636,-1.6761106405750774
21.1,run,24,observed,13.19721610579687,-2.4354798288590667,-2.7425732757043404,-2.7818739719046612,-1.047057818196344,1.684205413947728,1.7081326486596877,-1.3215537035354286,3.6539900587806757,-1.1322732362880255,3.6460978198783502,-1.9780735104814844,-2.014958177480383,-1.0428533667294204,3.281092393544019,-1.2442168568064935,3.254143755457622,-1.7465314916688148,-1.6541918727150546,-1.7465314916688148,-0.7445629283502803,-0.7909150592625718,-0.7445629283502803,-0.36335860284591454,-0.5850948536493025,-0.36335860284591454,-1.6545435847432433,-2.1513357120404777,-1.4354087120286203,-1.3067994145155557
21.2,run,0,observed,0.7699964338187242,0.4029930652068954,0.6309228099806916,0.22822265786264784,0.47161866369181926,0.09313722369361842,0.10860959037720568,-1.1042458472902608,-0.7933620978895501,-0.5396132547737763,0.11776922025702477,-0.01807854435461597,-0.060943914630786265,-0.8458218100151806,1.659377530721707,-0.5025466896866306,0.4678995051399025,1.5988030435331164,3.1854716558166074,1.5988030435331164,1.6258142748902393,1.7881557861588588,1.6258142748902393,0.3992364480849024,0.6071739047304078,0.3992364480849024,-0.029940599881270406,1.1182404624590343,0.211089516474797,0.5807912964553354
21.2,run,16,observed,-0.06104427173343605,-0.07008575047076472,-0.11817126446414543,-0.822866768541018,0.995549977793141,0.54744893362994,0.5351490725858676,-0.474053064179274,-0.7154220922826685,0.2506000539118893,0.5006821079385602,0.15657954365477336,0.1447417972481188,-0.6857336701848605,1.2695629355413105,-0.3884435870528055,0.5195122896128396,1.8561364693178803,1.387882345219133,1.8561364693178803,0.9657092309498415,1.5818301185251442,0.9657092309498415,1.4091596236419301,1.5758922709139223,1.4091596236419301,0.7992838403086948,0.6073691851934856,0.9710117757840665,1.2783791679010992
21.2,run,24,observed,1.963872092591122,1.8222295122398764,1.4389111771749847,-1.2481040273460227,0.5778535845234236,2.4403847794107647,2.454576742524846,0.6994093595446327,-0.9476514967439893,1.5017711259975264,-0.875960943397901,1.0884308089091679,1.0703275007031905,-0.2054692506939007,0.44327085625468754,0.6384843366516201,1.2243229365957307,2.542358938077251,2.0792628492950844,2.542358938077251,1.385776077093731,1.4786672847082871,1.385776077093731,1.223663530172272,0.9052410943253353,1.223663530172272,1.7469689148115124,2.037808761537022,4.517315652560657,1.5245866519407811
21.3,run,0,observed,-0.21999898109106383,-0.5431645661484251,-0.32895083851483037,-0.4396207069204123,-0.448279173509119,-0.18261239453914296,-0.2112950212792911,-0.4305914929302405,1.2004704945232278,-0.2762088185452211,0.0323050746475792,-0.6118818973327735,-0.5751581943280484,-0.05769558315822071,-0.9903566696665858,-0.6927185274096723,0.700580090878552,-1.1460868315043655,-1.2393635702694836,-1.1460868315043655,-1.5546918459134957,-1.7193805636142867,-1.5546918459134957,-0.6519080815764939,-0.3615444614531068,-0.6519080815764939,-0.19917007747105925,-0.7208961356969412,-0.6754864527193507,0.04734174770269218
21.3,run,16,observed,-1.0012131847376988,-1.0162433818260856,-1.2691930560938673,-1.7200466717927185,-0.9649671975537406,-0.5633671831169832,-0.1046601507271255,-0.5175146354283076,0.06954510704378221,-0.012804382316665978,-0.9656145079097704,-0.9366127706405525,-0.9865296180858582,-0.6241613087116605,0.5983352256082155,-0.5786154247758473,2.3623425286629436,0.31213591460929674,0.14339743788241976,0.31213591460929674,-0.29449130748182717,-0.2751008901782857,-0.29449130748182717,0.27557238577179693,0.2345899177367483,0.27557238577179693,0.0039052956366873604,-0.7208961356969412,-1.4354087120286203,-0.5271423817232305
21.3,run,24,observed,-0.5085025954030582,-0.5431645661484251,-0.6006911717272335,-2.086356574881571,-0.6003641203996364,-0.42211657326192814,-0.4245647623836219,-0.38712992168120686,-0.42115880580770726,-0.2926715958095059,-0.36568972108268194,-1.3241727508764403,-1.192215329964763,-0.7226770870687806,0.151807273117964,-0.3884435870528055,-1.2463218283382933,-0.07386422406784918,-0.4097069653783416,-0.07386422406784918,-0.4745199558292084,-0.7909150592625718,-0.4745199558292084,0.13129764640650723,0.16007312033801643,0.13129764640650723,1.5269705939447868,0.30084641883415636,-1.1821012922588636,-0.44507322037667035
21.4,run,0,observed,0.12960336014770654,0.4029930652068954,0.1670011004279583,-0.11399250422226664,-0.037826070296102,0.17628852609885834,0.2152444609293709,0.5472938601730148,-0.9070908815812243,0.11889783579761158,0.25769581159797966,-0.8939299534339569,-0.8836867621464058,-0.5872178918277405,0.3276904698384006,-0.9019075489050183,1.0830223627108049,0.5265804360966,-0.27143086456315124,0.5265804360966,-0.26448653275726364,-0.2751008901782857,-0.26448653275726364,-0.21908386348062486,-0.13799406925691113,-0.21908386348062486,-1.1130092564559189,-0.10785060297828268,0.08443580658991875,1.3604483292476608
21.4,run,16,observed,-1.425800327204784,-1.3947064343682138,-1.43864330189932,-1.647762448780905,-0.7404252057960312,-1.1456039736767507,-1.1710088562487806,0.24306286142978,1.4939384748185274,-0.4408365911880681,1.7658866164705485,-1.13824639912451,-1.192215329964763,-0.7473060316580605,-0.9903566696665858,0.2581406612055365,2.0018991485732536,-0.33119764985261313,-0.4097069653783416,-0.33119764985261313,0.7556758078778967,0.7565274479902865,0.7556758078778967,0.02824426114558603,0.08555632293928454,0.02824426114558603,-0.8253191445532779,-1.7426386902280389,-0.9287938724891073,1.1142408452079788
21.4,run,24,observed,71.84545933230082,-2.3408640657235344,-2.6909116153978,-2.751319046718508,-1.047057818196344,-2.123164798107584,-2.1307226912182697,-1.3215537035354286,3.6539900587806757,-1.1322732362880255,3.6460978198783502,-1.7190741756718626,-1.7064296096620255,-1.0428533667294204,3.281092393544019,-1.09207938662806,3.254143755457622,-0.9745312143145229,-0.962811368639103,-0.9745312143145229,-0.5645342800028991,-0.9972407268962862,-0.5645342800028991,-0.5076333422112043,-0.6596116510480343,-0.5076333422112043,-0.9099338833481724,-2.1513357120404777,-1.4354087120286203,-0.0757619943171488
21.5,run,0,observed,1.1228660866578566,1.3491506965622162,0.5441312206657039,0.34450597314252185,0.604412314731325,0.29586294173716277,0.3218793314815365,0.37344757517688065,0.4194798260950875,0.05304672674047288,0.2099364361103484,0.3547985467622031,0.35042750912702353,0.06544913978817928,0.8653905283837355,-0.04613427915133039,0.23437280818038528,-0.4598643627449951,-0.6862591670087222,-0.4598643627449951,-0.954596351422225,-0.9972407268962862,-0.954596351422225,-0.7961828209417836,-0.7341284484467663,-0.7961828209417836,-2.3145385473434197,0.6073691851934856,-1.308755002143742,-0.5681769623965113
21.5,run,16,observed,-0.7862240814338567,-0.8270118555550213,-1.070812280516752,-1.3081662802833751,-0.8418312665898354,0.15425698443593142,0.2152444609293709,0.5038322889239815,-0.8211978141777222,1.1560528034475477,-0.89690803791002,0.7222122372765777,0.7617989328848334,1.309210841546819,-0.9702557328985358,1.5513091577222204,-0.37990393816964935,-0.4169754584475344,-0.27143086456315124,-0.4169754584475344,-0.954596351422225,-0.9972407268962862,-0.954596351422225,-0.46641198810683576,-0.212510866655643,-0.46641198810683576,0.30851835529830723,-0.5165476247907217,-1.4354087120286203,-0.5271423817232305
21.5,run,24,observed,-0.5973734709329135,-0.6377803292839573,-0.6192893694375882,-2.011016859351142,0.5464659942777225,-0.3274164788559606,-0.3179298918314563,0.7863325020426994,-0.9253829237134517,0.9749622535404161,-0.45534328559455134,-0.41502874437595466,-0.4723153383885961,0.07776361208281922,-0.9121065943909629,3.5671306375864633,0.5880472985031326,-0.3740865541500738,-0.962811368639103,-0.3740865541500738,-0.4445151811046449,-0.6877522254457146,-0.4445151811046449,0.13129764640650723,0.7562074995278716,0.13129764640650723,0.3931330940932017,-0.31219911388450217,-1.0554475823739855,-0.3630040590301101
