rank,feature,feature_order,block_id,is_block_primary,pi_selection,sign_consistency,category,ablation_source,abs_gamma_median_selected,retained_members_for_block
1,Grip,31,,False,1.0,1.0,core,feature,0.068861404988108,
2,OFT_distance,1,B01,True,0.985,0.9035532994923858,core,feature,0.0001912044436811,OFT_distance|Average_speed_OFT|Absolute_turn_angle_OFT|Total_time_mobile_OFT
3,Time_inCenter_OFT,5,,False,0.94,1.0,core,feature,0.0006928264413657,
4,Latency_to_first_investigation_Stakan_zone_NOR2,17,,False,0.93,1.0,core,feature,0.0002182842441509,
5,Average_speed_NOR1,7,B02,True,0.86,0.7441860465116279,high_frequency_unstable_sign,block,0.0007229401559284,Average_speed_NOR1|Total_distance_travelled_NOR1
6,rear_support,28,,False,0.84,1.0,core,feature,0.0034594920591243,
7,Latency_to_first_investigation_Piramidka_NOR1,9,,False,0.835,1.0,core,feature,0.0002205665098559,
8,Time_investigating_Stakan_zone_NOR2,16,,False,0.77,1.0,candidate,feature,0.0032438672874948,
9,Average_speed_OFT,2,B01,False,0.765,1.0,candidate,feature,2.7252685484397343,OFT_distance|Average_speed_OFT|Absolute_turn_angle_OFT|Total_time_mobile_OFT
10,Learning_T1max,19,B04,True,0.725,1.0,candidate,feature,0.0027872716229383,Learning_T1max
11,Learning_T3sum,26,B06,True,0.71,1.0,candidate,feature,0.0002559728369894,Learning_T3sum
12,Weight,30,,False,0.71,0.8309859154929577,candidate,feature,0.005881652757501,
13,Time_investigating_Piramidka_NOR1,8,,False,0.675,0.6296296296296297,other,none,0.0029088816364727,
14,EnduranceT,27,,False,0.66,0.9393939393939394,candidate,feature,0.0002849535707811,
15,rear_nosupport,29,,False,0.65,0.9692307692307692,candidate,feature,0.0014553415539628,
16,Absolute_turn_angle_OFT,4,B01,False,0.625,0.976,candidate,feature,2.731946975688815e-06,OFT_distance|Average_speed_OFT|Absolute_turn_angle_OFT|Total_time_mobile_OFT
17,Total_time_mobile_OFT,3,B01,False,0.61,0.9754098360655736,candidate,feature,0.0001367517513319,OFT_distance|Average_speed_OFT|Absolute_turn_angle_OFT|Total_time_mobile_OFT
18,Learning_T2mean,21,B05,True,0.545,1.0,other,block,0.0012861054367486,Learning_T2mean
19,Latency_to_first_investigation_Stakan_NOR1,11,,False,0.53,0.9716981132075472,other,none,0.0001077527671977,
20,Time_investigating_Piramidka_zone_NOR2,14,,False,0.465,0.989247311827957,other,none,0.0017310591122791,
21,Latency_to_first_investigation_Piramidka_zone_NOR2,15,,False,0.465,0.978494623655914,other,none,0.0001014552922513,
22,Time_investigating_Stakan_NOR1,10,,False,0.455,0.6813186813186813,other,none,0.0018460153922497,
23,Average_speed_NOR2,13,B03,True,0.225,0.5555555555555556,other,block,1.009886093844275,Average_speed_NOR2
24,Total_distance_travelled_NOR1,6,B02,False,0.095,0.5789473684210527,other,block,0.001280353796255,Average_speed_NOR1|Total_distance_travelled_NOR1
