consensus_rank,feature,selected_count,selected_frequency,canonical_order,interpretation
1,Grip,30,1.0,31,descriptive_nested_selection_frequency
2,OFT_distance,27,0.9,1,descriptive_nested_selection_frequency
3,Latency_to_first_investigation_Piramidka_NOR1,14,0.4666666666666667,9,descriptive_nested_selection_frequency
4,rear_support,14,0.4666666666666667,28,descriptive_nested_selection_frequency
5,Latency_to_first_investigation_Stakan_zone_NOR2,13,0.4333333333333333,17,descriptive_nested_selection_frequency
6,Average_speed_NOR1,12,0.4,7,descriptive_nested_selection_frequency
7,EnduranceT,11,0.3666666666666666,27,descriptive_nested_selection_frequency
8,Time_inCenter_OFT,9,0.3,5,descriptive_nested_selection_frequency
9,Learning_T1max,8,0.2666666666666666,19,descriptive_nested_selection_frequency
10,Time_investigating_Stakan_zone_NOR2,7,0.2333333333333333,16,descriptive_nested_selection_frequency
11,Learning_T3sum,6,0.2,26,descriptive_nested_selection_frequency
12,Time_investigating_Piramidka_NOR1,5,0.1666666666666666,8,descriptive_nested_selection_frequency
13,Weight,5,0.1666666666666666,30,descriptive_nested_selection_frequency
14,Average_speed_OFT,3,0.1,2,descriptive_nested_selection_frequency
15,Total_time_mobile_OFT,2,0.0666666666666666,3,descriptive_nested_selection_frequency
16,Absolute_turn_angle_OFT,2,0.0666666666666666,4,descriptive_nested_selection_frequency
17,Time_investigating_Stakan_NOR1,1,0.0333333333333333,10,descriptive_nested_selection_frequency
18,Latency_to_first_investigation_Stakan_NOR1,1,0.0333333333333333,11,descriptive_nested_selection_frequency
19,Latency_to_first_investigation_Piramidka_zone_NOR2,1,0.0333333333333333,15,descriptive_nested_selection_frequency
20,Learning_T2mean,1,0.0333333333333333,21,descriptive_nested_selection_frequency
21,rear_nosupport,1,0.0333333333333333,29,descriptive_nested_selection_frequency
22,Total_distance_travelled_NOR1,0,0.0,6,descriptive_nested_selection_frequency
23,Total_distance_travelled_NOR2,0,0.0,12,descriptive_nested_selection_frequency
24,Average_speed_NOR2,0,0.0,13,descriptive_nested_selection_frequency
25,Time_investigating_Piramidka_zone_NOR2,0,0.0,14,descriptive_nested_selection_frequency
26,Learning_T1mean,0,0.0,18,descriptive_nested_selection_frequency
27,Learning_T1sum,0,0.0,20,descriptive_nested_selection_frequency
28,Learning_T2max,0,0.0,22,descriptive_nested_selection_frequency
29,Learning_T2sum,0,0.0,23,descriptive_nested_selection_frequency
30,Learning_T3mean,0,0.0,24,descriptive_nested_selection_frequency
31,Learning_T3max,0,0.0,25,descriptive_nested_selection_frequency
