k,seed,fold,feature_count,features,V_pos,V_sign,V_margin,V_eq,V_var,V_w,active_count,slack_sum,slack_max,train_min_live_enri,validation_min_enri,imputed_selected_cells,max_selected_missing,imputer_n_iter,solver_used
3,0,1,3,OFT_distance|Time_inCenter_OFT|Grip,0.0,0.2,0.0624407111742976,0.135758939888827,0.0094839991678062,0.0913524752933165,3,0.4452890689481463,0.1298729437944734,0.7338135051200636,0.6783503194839631,2,2,2,OSQP
3,0,2,3,OFT_distance|Time_inCenter_OFT|Grip,0.0,0.2,0.0253471974859728,0.1116481949451411,0.0068431274310171,0.1355960579130796,3,0.4894516611249287,0.1769561621140878,0.6327512398949984,0.7224279346760282,2,2,2,OSQP
3,1,1,3,OFT_distance|Time_inCenter_OFT|Grip,0.0,0.5,0.1585398354128978,0.1837891938399606,0.0005960698869297,0.0344341467143775,3,0.2216353437098205,0.1211228232478967,0.8623054624000979,0.8951000762583424,2,2,2,OSQP
3,1,2,3,OFT_distance|Time_inCenter_OFT|Grip,0.0,0.2,0.0381013701776428,0.1895873860830777,0.0147153709621853,0.1342128695539036,3,0.3819154689411193,0.1217580555406953,0.567881886915832,0.5785602277188546,2,2,2,OSQP
3,1,3,3,OFT_distance|Time_inCenter_OFT|Grip,0.0,0.2,0.0466721833278951,0.16656449116666,0.0159355730338952,0.1304525196687553,3,0.3318367658916207,0.0786441216131036,0.6139230957191029,0.5977885585822325,2,2,1,OSQP
3,2,3,3,OFT_distance|Time_inCenter_OFT|Grip,0.0,0.1,0.0209643781212443,0.064124622633645,0.0060484249690593,0.1032940455416471,3,0.4563735567577364,0.2294789007573021,0.6775561950374809,0.7392905026759122,2,2,1,OSQP
3,3,1,3,OFT_distance|Time_inCenter_OFT|Grip,0.0,0.1,0.0107951599500447,0.0994049687141791,0.018709434663434,0.1835169793743405,3,0.4977080003002742,0.1502139460582365,0.408072748972633,0.4269243255145261,2,2,1,OSQP
3,3,2,3,OFT_distance|Time_inCenter_OFT|Grip,0.0,0.5,0.0875885101201874,0.1496975019830791,0.0062461691707362,0.0960980729915102,3,0.1653964662166052,0.093920729851345,0.7087784129371855,0.6159495724389679,2,2,2,OSQP
3,3,3,3,OFT_distance|Time_inCenter_OFT|Grip,0.0,0.5,0.1124139974644208,0.0692086884184325,0.0048982669727617,0.0790939486241642,3,0.1211659975182893,0.0891922176432551,0.7599717702330812,0.7456160410345929,2,2,2,OSQP
3,5,1,3,OFT_distance|Time_inCenter_OFT|Grip,0.0,0.1,0.0208941004723535,0.2114585910635961,0.0208311693107429,0.2097062718588783,3,0.4017655903712053,0.1137973602723403,0.3850093123235963,0.5324829870149734,2,2,2,OSQP
3,5,2,3,OFT_distance|Time_inCenter_OFT|Grip,0.0,0.1,0.047779723592072,0.0511968553090563,0.0024697917312905,0.0657492923737516,3,0.2830279113970486,0.1381127524124694,0.7882965293885407,0.7952234875928567,2,2,3,OSQP
3,5,3,3,OFT_distance|Time_inCenter_OFT|Grip,0.0,0.4,0.1809248696318046,0.1931511125789848,0.0006019615577791,0.0251941897410277,3,0.1335284008406331,0.0956429713933293,0.8705957804742885,0.8846689240346373,2,2,1,OSQP
3,6,1,3,OFT_distance|Time_inCenter_OFT|Grip,0.0,0.2,0.0628571266144205,0.1026691293509385,0.0040895230181959,0.071881619194947,3,0.3969852522245151,0.1184052589187899,0.7809437989754373,0.7758026323957546,2,2,2,OSQP
3,6,2,3,OFT_distance|Time_inCenter_OFT|Grip,0.0,0.6,0.1065810427502553,0.1437524715396065,0.0030226376316757,0.0568941085515616,3,0.1999227726882054,0.1017474144531,0.8091704874630711,0.8188517194753748,2,2,1,OSQP
3,6,3,3,OFT_distance|Time_inCenter_OFT|Grip,0.0,0.1,0.0254239801891276,0.1193518293405683,0.0097648553021673,0.1360140926394937,3,0.4634426046697554,0.2031730294555451,0.6141489194157063,0.7131039625955491,2,2,1,OSQP
3,7,1,3,OFT_distance|Time_inCenter_OFT|Grip,0.0,0.1,0.0360183901037107,0.2033465785162353,0.009036078143672,0.10442076574359,3,0.3710251620159925,0.1515566694495927,0.6702317587268724,0.7049121758819985,2,2,2,OSQP
3,7,2,3,OFT_distance|Time_inCenter_OFT|Grip,0.0,0.5,0.1130333644315215,0.0450468245257783,0.0033601860507353,0.0740856675215173,3,0.0161570947703544,0.0161570884315312,0.7656337390023165,0.8194457214928731,2,2,1,OSQP
3,8,1,3,OFT_distance|Time_inCenter_OFT|Grip,0.0,0.2,0.0569328120252229,0.0955507025450011,0.0088426231532627,0.0904465824162301,3,0.319119917190479,0.1587720023111207,0.6954315836876384,0.682943388034488,2,2,1,OSQP
3,8,2,3,OFT_distance|Time_inCenter_OFT|Grip,0.0,0.0,0.0057030270331018,0.0689312612476596,0.0200476949292425,0.1894304694233784,3,0.4851665541965467,0.1855671678629704,0.4583854652864696,0.5309929598817245,2,2,2,OSQP
3,8,3,3,OFT_distance|Time_inCenter_OFT|Grip,0.0,0.4,0.152315466512374,0.0890985636480258,0.0014174501882477,0.0670641699755153,3,0.0846623968340189,0.0843552049596057,0.7951435274731183,0.7893282719917625,2,2,2,OSQP
3,9,1,3,OFT_distance|Time_inCenter_OFT|Grip,0.0,0.2,0.0897165585082788,0.0735763702247596,0.0017254115197713,0.0532889368040565,3,0.2494841719933613,0.10172969538741,0.8191488206969367,0.8148171092025387,2,2,1,OSQP
3,9,3,3,OFT_distance|Time_inCenter_OFT|Grip,0.0,0.5,0.2047167015449372,0.1719489041848228,0.0015412738873245,0.0544401343458771,3,1.7524551775004562e-09,1.7517885266806291e-09,0.8278626076824753,0.8377779306938176,2,2,2,OSQP
