k,features
3,OFT_distance|Average_speed_NOR1|Learning_T1max
4,OFT_distance|Average_speed_NOR1|Learning_T1max|Latency_to_first_investigation_Piramidka_NOR1
5,OFT_distance|Average_speed_NOR1|Learning_T1max|Latency_to_first_investigation_Piramidka_NOR1|Time_investigating_Piramidka_NOR1
6,OFT_distance|Average_speed_NOR1|Learning_T1max|Latency_to_first_investigation_Piramidka_NOR1|Time_investigating_Piramidka_NOR1|Absolute_turn_angle_OFT
7,OFT_distance|Average_speed_NOR1|Learning_T1max|Latency_to_first_investigation_Piramidka_NOR1|Time_investigating_Piramidka_NOR1|Absolute_turn_angle_OFT|rear_support
8,OFT_distance|Average_speed_NOR1|Learning_T1max|Latency_to_first_investigation_Piramidka_NOR1|Time_investigating_Piramidka_NOR1|Absolute_turn_angle_OFT|rear_support|Latency_to_first_investigation_Stakan_NOR1
9,OFT_distance|Average_speed_NOR1|Learning_T1max|Latency_to_first_investigation_Piramidka_NOR1|Time_investigating_Piramidka_NOR1|Absolute_turn_angle_OFT|rear_support|Latency_to_first_investigation_Stakan_NOR1|Latency_to_first_investigation_Stakan_zone_NOR2
10,OFT_distance|Average_speed_NOR1|Learning_T1max|Latency_to_first_investigation_Piramidka_NOR1|Time_investigating_Piramidka_NOR1|Absolute_turn_angle_OFT|rear_support|Latency_to_first_investigation_Stakan_NOR1|Latency_to_first_investigation_Stakan_zone_NOR2|Time_investigating_Stakan_zone_NOR2
11,OFT_distance|Average_speed_NOR1|Learning_T1max|Latency_to_first_investigation_Piramidka_NOR1|Time_investigating_Piramidka_NOR1|Absolute_turn_angle_OFT|rear_support|Latency_to_first_investigation_Stakan_NOR1|Latency_to_first_investigation_Stakan_zone_NOR2|Time_investigating_Stakan_zone_NOR2|Weight
12,OFT_distance|Average_speed_NOR1|Learning_T1max|Latency_to_first_investigation_Piramidka_NOR1|Time_investigating_Piramidka_NOR1|Absolute_turn_angle_OFT|rear_support|Latency_to_first_investigation_Stakan_NOR1|Latency_to_first_investigation_Stakan_zone_NOR2|Time_investigating_Stakan_zone_NOR2|Weight|Learning_T2sum
13,OFT_distance|Average_speed_NOR1|Learning_T1max|Latency_to_first_investigation_Piramidka_NOR1|Time_investigating_Piramidka_NOR1|Absolute_turn_angle_OFT|rear_support|Latency_to_first_investigation_Stakan_NOR1|Latency_to_first_investigation_Stakan_zone_NOR2|Time_investigating_Stakan_zone_NOR2|Weight|Learning_T2sum|Learning_T3sum
14,OFT_distance|Average_speed_NOR1|Learning_T1max|Latency_to_first_investigation_Piramidka_NOR1|Time_investigating_Piramidka_NOR1|Absolute_turn_angle_OFT|rear_support|Latency_to_first_investigation_Stakan_NOR1|Latency_to_first_investigation_Stakan_zone_NOR2|Time_investigating_Stakan_zone_NOR2|Weight|Learning_T2sum|Learning_T3sum|EnduranceT
15,OFT_distance|Average_speed_NOR1|Learning_T1max|Latency_to_first_investigation_Piramidka_NOR1|Time_investigating_Piramidka_NOR1|Absolute_turn_angle_OFT|rear_support|Latency_to_first_investigation_Stakan_NOR1|Latency_to_first_investigation_Stakan_zone_NOR2|Time_investigating_Stakan_zone_NOR2|Weight|Learning_T2sum|Learning_T3sum|EnduranceT|Time_inCenter_OFT
