block_id,within_block_rank,feature,pi_selection,sign_consistency,category,ablation_source,abs_gamma_median_selected,retained_after_compression
B01,1,OFT_distance,0.975,0.882051282051282,high_frequency_unstable_sign,block,0.0001938449214638,True
B01,2,Average_speed_OFT,0.79,1.0,candidate,feature,3.400563748218957,True
B01,3,Absolute_turn_angle_OFT,0.66,0.9924242424242424,candidate,feature,2.773718032663353e-06,True
B01,4,Total_time_mobile_OFT,0.47,0.8829787234042553,other,block,9.715899755473994e-05,True
B02,1,Average_speed_NOR1,0.9,0.6277777777777778,high_frequency_unstable_sign,block,0.0006628939327159,True
B02,2,Total_distance_travelled_NOR1,0.095,0.5263157894736842,other,block,0.0011809401194802,True
B03,1,Average_speed_NOR2,0.215,0.5116279069767442,other,block,0.9279859862781216,True
B03,2,Total_distance_travelled_NOR2,0.19,0.9736842105263158,other,block,0.0011855164938169,False
B04,1,Learning_T1max,0.655,0.9923664122137404,candidate,feature,0.0026908480402981,True
B04,2,Learning_T1mean,0.125,0.64,other,block,0.0007013241617463,False
B04,3,Learning_T1sum,0.125,0.64,other,block,0.0001753310404365,False
B05,1,Learning_T2mean,0.475,1.0,other,block,0.0011297949874903,True
B05,2,Learning_T2sum,0.23,0.9782608695652174,other,block,0.0001508415634577,False
B05,3,Learning_T2max,0.15,0.9333333333333332,other,block,0.001085345979769,False
B06,1,Learning_T3sum,0.76,1.0,candidate,feature,0.0003040786249576,True
B06,2,Learning_T3mean,0.575,1.0,other,block,0.0010614735242104,False
B06,3,Learning_T3max,0.04,1.0,other,block,0.0009437672143025,False
