group,week_from,week_to,n_from,n_to,pc1_absolute_cosine,pc1_principal_angle_degrees,top5_overlap_count,top5_overlap_features,paired_bootstrap_valid,bootstrap_abs_cosine_median,bootstrap_abs_cosine_q025,bootstrap_abs_cosine_q975,bootstrap_fraction_similarity_ge_0_8
PBS,0,16,8,8,0.6990237889237434,45.65126517256847,2,Learning_T2mean; Learning_T2sum,956,0.5036190618987014,0.03061905924850522,0.7716978240026833,0.008368200836820083
PBS,0,24,8,6,0.5988012448310455,53.215908712090744,2,Learning_T2mean; Learning_T2sum,956,0.4181907623258893,0.025874686281129513,0.6992172995279069,0.0
PBS,16,24,8,6,0.824388504832404,34.473456013417575,4,Learning_T1mean; Learning_T1sum; Learning_T2mean; Learning_T2sum,956,0.7076391555030677,0.08278758015879968,0.8638884144502419,0.24790794979079497
LPS,0,16,11,11,0.6483906018106018,49.57963023355806,1,Time_investigating_Stakan_NOR1,1000,0.5887236116654163,0.03271208052387664,0.7398937242277541,0.002
LPS,0,24,11,11,0.6636523671133541,48.420978449023444,1,Learning_T1mean,1000,0.5894990158626396,0.08087863612089795,0.7867993114102156,0.016
LPS,16,24,11,11,0.8989491081897508,25.979725818776675,2,Latency_to_first_investigation_Piramidka_NOR1; Time_investigating_Piramidka_NOR1,1000,0.7791138790447629,0.12960286762813342,0.8983215362903305,0.431
run,0,16,12,12,0.5373060632884694,57.49956148261073,0,,1000,0.5202271472621436,0.029496712005709618,0.8211035581992463,0.042
run,0,24,12,11,0.38188053086360907,67.54978419223082,0,,1000,0.3529373999842023,0.06786972307051475,0.7452375668752231,0.0
run,16,24,12,11,0.3464674946254555,69.72859714133985,2,Latency_to_first_investigation_Piramidka_zone_NOR2; OFT_distance,1000,0.3523957328164473,0.03645406392198524,0.8242882684744814,0.053
MCC,0,16,11,8,0.8118785287879595,35.72012309750082,2,Average_speed_NOR2; Time_investigating_Stakan_NOR1,995,0.5184641928923638,0.10109544194845489,0.8677199731228288,0.2442211055276382
MCC,0,24,11,10,0.7325760403778808,42.89721042339771,0,,995,0.6257088357922008,0.09566140267454788,0.8309758406642309,0.09045226130653267
MCC,16,24,8,10,0.7391043834490133,42.344821430960145,0,,995,0.683534961535114,0.057941567686104006,0.8336358063856149,0.11055276381909548
