group,week,feature,pc1_coefficient_aligned_to_baseline,abs_pc1_coefficient,pc1_squared_coefficient_share_percent
PBS,0,OFT_distance,-0.13955286661535266,0.13955286661535266,1.9475002580562408
PBS,0,Average_speed_OFT,-0.19258691040540443,0.19258691040540443,3.7089718059499273
PBS,0,Total_time_mobile_OFT,0.35950834487556943,0.35950834487556943,12.924625003517138
PBS,0,Absolute_turn_angle_OFT,-0.1805435620617847,0.1805435620617847,3.2595977801957505
PBS,0,Time_inCenter_OFT,-0.08635044523111463,0.08635044523111463,0.7456399391611727
PBS,0,Total_distance_travelled_NOR1,0.022963916412692475,0.022963916412692475,0.05273414570091268
PBS,0,Average_speed_NOR1,0.02600900907284325,0.02600900907284325,0.06764685529512424
PBS,0,Time_investigating_Piramidka_NOR1,0.02804091754742685,0.02804091754742685,0.0786293056901591
PBS,0,Latency_to_first_investigation_Piramidka_NOR1,-0.07944126754197149,0.07944126754197149,0.6310914988675093
PBS,0,Time_investigating_Stakan_NOR1,0.028800153727936213,0.028800153727936213,0.08294488547527581
PBS,0,Latency_to_first_investigation_Stakan_NOR1,0.08950580123470567,0.08950580123470567,0.8011288454666637
PBS,0,Total_distance_travelled_NOR2,0.015312046875880172,0.015312046875880172,0.023445877952915174
PBS,0,Average_speed_NOR2,0.01783448219348203,0.01783448219348203,0.031806875510962763
PBS,0,Time_investigating_Piramidka_zone_NOR2,0.06977491217078756,0.06977491217078756,0.4868538368441118
PBS,0,Latency_to_first_investigation_Piramidka_zone_NOR2,-0.1136135815605751,0.1136135815605751,1.290804591502145
PBS,0,Time_investigating_Stakan_zone_NOR2,0.03756164208224614,0.03756164208224614,0.1410876955914764
PBS,0,Latency_to_first_investigation_Stakan_zone_NOR2,-0.040211795449327105,0.040211795449327105,0.1616988493258524
PBS,0,Learning_T1mean,0.1982514371068261,0.1982514371068261,3.930363231492183
PBS,0,Learning_T1max,0.12573264326563263,0.12573264326563263,1.5808697582562834
PBS,0,Learning_T1sum,0.1982514371068261,0.1982514371068261,3.930363231492183
PBS,0,Learning_T2mean,0.33788697831279907,0.33788697831279907,11.416761011335396
PBS,0,Learning_T2max,0.3155856440621166,0.3155856440621166,9.959429873810095
PBS,0,Learning_T2sum,0.33788697831279907,0.33788697831279907,11.416761011335396
PBS,0,Learning_T3mean,0.30917692705684496,0.30917692705684496,9.559037222431362
PBS,0,Learning_T3max,0.2811878601295967,0.2811878601295967,7.906661268426163
PBS,0,Learning_T3sum,0.30917692705684496,0.30917692705684496,9.559037222431362
PBS,0,EnduranceT,0.12562414724499213,0.12562414724499213,1.5781426371031464
PBS,0,rear_support,0.03733393261991786,0.03733393261991786,0.13938225248685668
PBS,0,rear_nosupport,0.08894888249978472,0.08894888249978472,0.7911903697960508
PBS,0,Weight,-0.1325383390341609,0.1325383390341609,1.7566411313934178
PBS,0,Grip,0.019786795624061274,0.019786795624061274,0.039151728106837036
PBS,16,OFT_distance,0.11160369950382111,0.11160369950382111,1.24553857429392
PBS,16,Average_speed_OFT,0.1438719781106154,0.1438719781106154,2.0699146085461395
PBS,16,Total_time_mobile_OFT,0.16078957672934246,0.16078957672934246,2.585328798480111
PBS,16,Absolute_turn_angle_OFT,0.11383450755778109,0.11383450755778109,1.295829511092252
PBS,16,Time_inCenter_OFT,0.03720105587889928,0.03720105587889928,0.13839185585049868
PBS,16,Total_distance_travelled_NOR1,0.14911744828699963,0.14911744828699963,2.223601338362601
PBS,16,Average_speed_NOR1,0.15611291682698594,0.15611291682698594,2.437124280022943
PBS,16,Time_investigating_Piramidka_NOR1,0.1215927717060079,0.1215927717060079,1.4784802131149353
PBS,16,Latency_to_first_investigation_Piramidka_NOR1,0.020219833976100752,0.020219833976100752,0.040884168602107834
PBS,16,Time_investigating_Stakan_NOR1,0.16987833504514555,0.16987833504514555,2.8858648717710724
PBS,16,Latency_to_first_investigation_Stakan_NOR1,0.02815043228017612,0.02815043228017612,0.07924468375607818
PBS,16,Total_distance_travelled_NOR2,0.14562917366626354,0.14562917366626354,2.1207856222718746
PBS,16,Average_speed_NOR2,0.14593512132700734,0.14593512132700734,2.1297059636728353
PBS,16,Time_investigating_Piramidka_zone_NOR2,0.04223727606260888,0.04223727606260888,0.1783987489189033
PBS,16,Latency_to_first_investigation_Piramidka_zone_NOR2,-0.1593704890464307,0.1593704890464307,2.5398952778898485
PBS,16,Time_investigating_Stakan_zone_NOR2,0.07577106276596374,0.07577106276596374,0.5741253952683616
PBS,16,Latency_to_first_investigation_Stakan_zone_NOR2,-0.1414079971002171,0.1414079971002171,1.9996221643895005
PBS,16,Learning_T1mean,0.3307975792863297,0.3307975792863297,10.942703846169557
PBS,16,Learning_T1max,0.2926439337965776,0.2926439337965776,8.56404719879357
PBS,16,Learning_T1sum,0.3307975792863297,0.3307975792863297,10.942703846169557
PBS,16,Learning_T2mean,0.31517363196604736,0.31517363196604736,9.933441828666947
PBS,16,Learning_T2max,0.2867585487542752,0.2867585487542752,8.223046528365803
PBS,16,Learning_T2sum,0.31517363196604736,0.31517363196604736,9.933441828666947
PBS,16,Learning_T3mean,0.13460309583370217,0.13460309583370217,1.811799340801681
PBS,16,Learning_T3max,0.16756729169371753,0.16756729169371753,2.8078797245567415
PBS,16,Learning_T3sum,0.13460309583370217,0.13460309583370217,1.811799340801681
PBS,16,EnduranceT,0.17507397928089952,0.17507397928089952,3.0650898221248832
PBS,16,rear_support,0.086792516613346,0.086792516613346,0.7532940940077941
PBS,16,rear_nosupport,0.12145394009677983,0.12145394009677983,1.4751059565032183
PBS,16,Weight,-0.12370913490216694,0.12370913490216694,1.5303950058242537
PBS,16,Grip,0.14773339372814176,0.14773339372814176,2.1825155622434154
PBS,24,OFT_distance,0.0523856531164708,0.0523856531164708,0.27442566524392076
PBS,24,Average_speed_OFT,0.048471680715288706,0.048471680715288706,0.2349503831364891
PBS,24,Total_time_mobile_OFT,-0.06722376390049135,0.06722376390049135,0.45190344329490045
PBS,24,Absolute_turn_angle_OFT,0.015736532350028823,0.015736532350028823,0.02476384504035037
PBS,24,Time_inCenter_OFT,0.02419846988487658,0.02419846988487658,0.05855659447692787
PBS,24,Total_distance_travelled_NOR1,0.22391461407730015,0.22391461407730015,5.013775439738626
PBS,24,Average_speed_NOR1,0.225157794666057,0.225157794666057,5.069603249888229
PBS,24,Time_investigating_Piramidka_NOR1,0.36409454277256803,0.36409454277256803,13.256483607676536
PBS,24,Latency_to_first_investigation_Piramidka_NOR1,-0.16445574412250794,0.16445574412250794,2.7045691774887803
PBS,24,Time_investigating_Stakan_NOR1,0.2236256115671617,0.2236256115671617,5.000841414878709
PBS,24,Latency_to_first_investigation_Stakan_NOR1,-0.08949198735777816,0.08949198735777816,0.8008815801244726
PBS,24,Total_distance_travelled_NOR2,0.152115069090245,0.152115069090245,2.313899424433001
PBS,24,Average_speed_NOR2,0.13034318667906405,0.13034318667906405,1.6989346313653342
PBS,24,Time_investigating_Piramidka_zone_NOR2,0.127548395068815,0.127548395068815,1.626859308463051
PBS,24,Latency_to_first_investigation_Piramidka_zone_NOR2,-0.00954429327703594,0.00954429327703594,0.009109353415807344
PBS,24,Time_investigating_Stakan_zone_NOR2,0.05848660733217241,0.05848660733217241,0.34206832372277235
PBS,24,Latency_to_first_investigation_Stakan_zone_NOR2,-0.09781216696714647,0.09781216696714647,0.9567220006808939
PBS,24,Learning_T1mean,0.29354480204341776,0.29354480204341776,8.616855080670932
PBS,24,Learning_T1max,0.25864191786446317,0.25864191786446317,6.68956416766077
PBS,24,Learning_T1sum,0.29354480204341776,0.29354480204341776,8.616855080670932
PBS,24,Learning_T2mean,0.30161872191659067,0.30161872191659067,9.097385341059764
PBS,24,Learning_T2max,0.24061676930367762,0.24061676930367762,5.789642967013921
PBS,24,Learning_T2sum,0.30161872191659067,0.30161872191659067,9.097385341059764
PBS,24,Learning_T3mean,0.18843970605528637,0.18843970605528637,3.550952281820273
PBS,24,Learning_T3max,0.1814496901019025,0.1814496901019025,3.292399003807646
PBS,24,Learning_T3sum,0.18843970605528637,0.18843970605528637,3.550952281820273
PBS,24,EnduranceT,0.07966159290924621,0.07966159290924621,0.6345969384838466
PBS,24,rear_support,0.007898365846690557,0.007898365846690557,0.006238418304816784
PBS,24,rear_nosupport,-0.007788373024921902,0.007788373024921902,0.006065875437533113
PBS,24,Weight,0.10934804126271522,0.10934804126271522,1.1956994127992469
PBS,24,Grip,-0.013061533723649071,0.013061533723649071,0.017060366321402197
LPS,0,OFT_distance,0.21841436980611284,0.21841436980611284,4.770483693780141
LPS,0,Average_speed_OFT,0.2058044398997333,0.2058044398997333,4.2355467482442934
LPS,0,Total_time_mobile_OFT,0.15060981135506743,0.15060981135506743,2.2683315276408997
LPS,0,Absolute_turn_angle_OFT,0.15209034675918348,0.15209034675918348,2.3131473577328676
LPS,0,Time_inCenter_OFT,0.031857557458064074,0.031857557458064074,0.10149039671938541
LPS,0,Total_distance_travelled_NOR1,0.13473949932396173,0.13473949932396173,1.8154732678071883
LPS,0,Average_speed_NOR1,0.13654209330562672,0.13654209330562672,1.8643743244282474
LPS,0,Time_investigating_Piramidka_NOR1,0.23436736537294467,0.23436736537294467,5.492806195185534
LPS,0,Latency_to_first_investigation_Piramidka_NOR1,-0.07140424397794301,0.07140424397794301,0.5098566058061611
LPS,0,Time_investigating_Stakan_NOR1,0.2816311419019646,0.2816311419019646,7.931610008900451
LPS,0,Latency_to_first_investigation_Stakan_NOR1,0.03306375523494743,0.03306375523494743,0.10932119102365136
LPS,0,Total_distance_travelled_NOR2,0.2140857912698265,0.2140857912698265,4.583272602362771
LPS,0,Average_speed_NOR2,0.21816397879964464,0.21816397879964464,4.759552164569179
LPS,0,Time_investigating_Piramidka_zone_NOR2,0.39096463328715975,0.39096463328715975,15.28533444813633
LPS,0,Latency_to_first_investigation_Piramidka_zone_NOR2,-0.119302556972134,0.119302556972134,1.423310010008928
LPS,0,Time_investigating_Stakan_zone_NOR2,0.2855417175659557,0.2855417175659557,8.153407247051602
LPS,0,Latency_to_first_investigation_Stakan_zone_NOR2,-0.26458744043912275,0.26458744043912275,7.000651363812632
LPS,0,Learning_T1mean,0.26163164403574823,0.26163164403574823,6.845111716084848
LPS,0,Learning_T1max,0.21052939146613528,0.21052939146613528,4.432262467110124
LPS,0,Learning_T1sum,0.26163164403574823,0.26163164403574823,6.845111716084848
LPS,0,Learning_T2mean,-0.0646120784730059,0.0646120784730059,0.41747206846018725
LPS,0,Learning_T2max,-0.06812412395162294,0.06812412395162294,0.46408962641760865
LPS,0,Learning_T2sum,-0.0646120784730059,0.0646120784730059,0.41747206846018725
LPS,0,Learning_T3mean,0.03548517682429988,0.03548517682429988,0.12591977742518293
LPS,0,Learning_T3max,0.0498694099440898,0.0498694099440898,0.2486958048171683
LPS,0,Learning_T3sum,0.03548517682429988,0.03548517682429988,0.12591977742518293
LPS,0,EnduranceT,-0.022386049343237346,0.022386049343237346,0.050113520519785716
LPS,0,rear_support,0.23969381115384242,0.23969381115384242,5.745312310545387
LPS,0,rear_nosupport,0.12868299634185004,0.12868299634185004,1.655931354751659
LPS,0,Weight,-0.0016784144955078455,0.0016784144955078455,0.00028170752187308556
LPS,0,Grip,0.009130679693075556,0.009130679693075556,0.008336931165754234
LPS,16,OFT_distance,0.16487930879755985,0.16487930879755985,2.71851864695611
LPS,16,Average_speed_OFT,0.16114630594206797,0.16114630594206797,2.596813191877457
LPS,16,Total_time_mobile_OFT,0.12332460614929167,0.12332460614929167,1.5208958481877908
LPS,16,Absolute_turn_angle_OFT,0.05837465597358027,0.05837465597358027,0.34076004600338505
LPS,16,Time_inCenter_OFT,0.03601849775172129,0.03601849775172129,0.12973321802907517
LPS,16,Total_distance_travelled_NOR1,0.12416011838987598,0.12416011838987598,1.541573499858802
LPS,16,Average_speed_NOR1,0.1268294827799672,0.1268294827799672,1.6085717702233997
LPS,16,Time_investigating_Piramidka_NOR1,0.46967022102201195,0.46967022102201195,22.059011651486554
LPS,16,Latency_to_first_investigation_Piramidka_NOR1,-0.2610469336169361,0.2610469336169361,6.814550155080504
LPS,16,Time_investigating_Stakan_NOR1,0.20883122024460304,0.20883122024460304,4.3610478548849905
LPS,16,Latency_to_first_investigation_Stakan_NOR1,-0.23584318167039175,0.23584318167039175,5.562200634041341
LPS,16,Total_distance_travelled_NOR2,0.13947472601314306,0.13947472601314306,1.9453199196441326
LPS,16,Average_speed_NOR2,0.13505094703676737,0.13505094703676737,1.8238758295527746
LPS,16,Time_investigating_Piramidka_zone_NOR2,0.09860627180679339,0.09860627180679339,0.9723196839635218
LPS,16,Latency_to_first_investigation_Piramidka_zone_NOR2,0.060746784466411706,0.060746784466411706,0.36901718230086783
LPS,16,Time_investigating_Stakan_zone_NOR2,0.19905462481272063,0.19905462481272063,3.9622743659332973
LPS,16,Latency_to_first_investigation_Stakan_zone_NOR2,-0.09101167055338306,0.09101167055338306,0.8283124176917533
LPS,16,Learning_T1mean,0.2010505876045233,0.2010505876045233,4.04213387761241
LPS,16,Learning_T1max,0.2084117649099929,0.2084117649099929,4.343546375289815
LPS,16,Learning_T1sum,0.2010505876045233,0.2010505876045233,4.04213387761241
LPS,16,Learning_T2mean,0.18734104079185618,0.18734104079185618,3.5096665564975917
LPS,16,Learning_T2max,0.17696767210391362,0.17696767210391362,3.1317556969878284
LPS,16,Learning_T2sum,0.18734104079185618,0.18734104079185618,3.5096665564975917
LPS,16,Learning_T3mean,0.19194094392362418,0.19194094392362418,3.684132595429184
LPS,16,Learning_T3max,0.17072218790363497,0.17072218790363497,2.9146065442604048
LPS,16,Learning_T3sum,0.19194094392362418,0.19194094392362418,3.684132595429184
LPS,16,EnduranceT,0.21212549434100328,0.21212549434100328,4.499722534941501
LPS,16,rear_support,0.0532160906516538,0.0532160906516538,0.2831952304245035
LPS,16,rear_nosupport,0.17465655948479503,0.17465655948479503,3.0504913771065745
LPS,16,Weight,0.037766443133048076,0.037766443133048076,0.1426304226921754
LPS,16,Grip,-0.008596419896153984,0.008596419896153984,0.0073898435030992065
LPS,24,OFT_distance,0.15828622653994134,0.15828622653994134,2.505452951225363
LPS,24,Average_speed_OFT,0.16574113679345973,0.16574113679345973,2.747012442558833
LPS,24,Total_time_mobile_OFT,0.12147153850659388,0.12147153850659388,1.4755334667158921
LPS,24,Absolute_turn_angle_OFT,0.08113762149898804,0.08113762149898804,0.6583313622513046
LPS,24,Time_inCenter_OFT,0.10510891748788449,0.10510891748788449,1.104788453547491
LPS,24,Total_distance_travelled_NOR1,0.17795240565463546,0.17795240565463546,3.1667058678271935
LPS,24,Average_speed_NOR1,0.19046595172950367,0.19046595172950367,3.6277278768225627
LPS,24,Time_investigating_Piramidka_NOR1,0.2886309314061796,0.2886309314061796,8.330781456439878
LPS,24,Latency_to_first_investigation_Piramidka_NOR1,-0.28756456439621336,0.28756456439621336,8.269337869638395
LPS,24,Time_investigating_Stakan_NOR1,0.1635341777959044,0.1635341777959044,2.674342730738247
LPS,24,Latency_to_first_investigation_Stakan_NOR1,-0.17496657991838319,0.17496657991838319,3.061330408833597
LPS,24,Total_distance_travelled_NOR2,0.09109353734361635,0.09109353734361635,0.8298032545772827
LPS,24,Average_speed_NOR2,0.08503008396452089,0.08503008396452089,0.7230115179013472
LPS,24,Time_investigating_Piramidka_zone_NOR2,0.157097632301551,0.157097632301551,2.467966607475332
LPS,24,Latency_to_first_investigation_Piramidka_zone_NOR2,-0.18361620886785834,0.18361620886785834,3.371491215900498
LPS,24,Time_investigating_Stakan_zone_NOR2,0.05592708511218846,0.05592708511218846,0.31278388491459724
LPS,24,Latency_to_first_investigation_Stakan_zone_NOR2,-0.18251164470308012,0.18251164470308012,3.3310500452223355
LPS,24,Learning_T1mean,0.2495180929480568,0.2495180929480568,6.225927870843511
LPS,24,Learning_T1max,0.2971775996038363,0.2971775996038363,8.831452570629802
LPS,24,Learning_T1sum,0.2495180929480568,0.2495180929480568,6.225927870843511
LPS,24,Learning_T2mean,0.22045199702822021,0.22045199702822021,4.859908299373041
LPS,24,Learning_T2max,0.2082814021592534,0.2082814021592534,4.338114248542464
LPS,24,Learning_T2sum,0.22045199702822021,0.22045199702822021,4.859908299373041
LPS,24,Learning_T3mean,0.19369720725040954,0.19369720725040954,3.7518608096608106
LPS,24,Learning_T3max,0.19902374876417692,0.19902374876417692,3.961045257214621
LPS,24,Learning_T3sum,0.19369720725040954,0.19369720725040954,3.7518608096608106
LPS,24,EnduranceT,0.1158798121309475,0.1158798121309475,1.3428130859503686
LPS,24,rear_support,0.07977924151730821,0.07977924151730821,0.6364727377076994
LPS,24,rear_nosupport,0.053630634052484694,0.053630634052484694,0.2876244908871531
LPS,24,Weight,0.14426090612570544,0.14426090612570544,2.0811209036209597
LPS,24,Grip,-0.04341789183067606,0.04341789183067606,0.18851133310202872
run,0,OFT_distance,0.10081910782871711,0.10081910782871711,1.0164492503378488
run,0,Average_speed_OFT,0.10596327633784453,0.10596327633784453,1.1228215932250403
run,0,Total_time_mobile_OFT,0.08717785266696502,0.08717785266696502,0.7599977995623061
run,0,Absolute_turn_angle_OFT,0.14415340890542114,0.14415340890542114,2.0780205299053547
run,0,Time_inCenter_OFT,0.211692703177111,0.211692703177111,4.481380057843242
run,0,Total_distance_travelled_NOR1,0.07778570239737059,0.07778570239737059,0.6050615497452305
run,0,Average_speed_NOR1,0.07949484795252582,0.07949484795252582,0.6319430850995198
run,0,Time_investigating_Piramidka_NOR1,-0.03526242870379807,0.03526242870379807,0.12434388780904418
run,0,Latency_to_first_investigation_Piramidka_NOR1,-0.09890479966510478,0.09890479966510478,0.9782159396794511
run,0,Time_investigating_Stakan_NOR1,0.03671608698136207,0.03671608698136207,0.13480710432229454
run,0,Latency_to_first_investigation_Stakan_NOR1,-0.09925212741306105,0.09925212741306105,0.9850984796018505
run,0,Total_distance_travelled_NOR2,0.06866536772126974,0.06866536772126974,0.47149327242971933
run,0,Average_speed_NOR2,0.06601410483868796,0.06601410483868796,0.43578620376532845
run,0,Time_investigating_Piramidka_zone_NOR2,-0.015542516427749103,0.015542516427749103,0.024156981690685073
run,0,Latency_to_first_investigation_Piramidka_zone_NOR2,0.11634261973244377,0.11634261973244377,1.3535605166208013
run,0,Time_investigating_Stakan_zone_NOR2,0.088608233817672,0.088608233817672,0.785141910028723
run,0,Latency_to_first_investigation_Stakan_zone_NOR2,-0.07921592124279173,0.07921592124279173,0.6275162178344181
run,0,Learning_T1mean,0.20283527657409414,0.20283527657409414,4.1142149422889265
run,0,Learning_T1max,0.3247023947224688,0.3247023947224688,10.543164513850595
run,0,Learning_T1sum,0.20283527657409414,0.20283527657409414,4.1142149422889265
run,0,Learning_T2mean,0.29338316894066885,0.29338316894066885,8.607368381766904
run,0,Learning_T2max,0.3092761814705137,0.3092761814705137,9.565175642498215
run,0,Learning_T2sum,0.29338316894066885,0.29338316894066885,8.607368381766904
run,0,Learning_T3mean,0.2894301066217212,0.2894301066217212,8.37697866190609
run,0,Learning_T3max,0.31900265850425197,0.31900265850425197,10.17626961327804
run,0,Learning_T3sum,0.2894301066217212,0.2894301066217212,8.37697866190609
run,0,EnduranceT,0.1871005163149911,0.1871005163149911,3.5006603205336253
run,0,rear_support,0.10458901040081463,0.10458901040081463,1.093886109662171
run,0,rear_nosupport,0.16832990856207325,0.16832990856207325,2.833495811651594
run,0,Weight,0.11278758030043318,0.11278758030043318,1.272103827002666
run,0,Grip,0.14840235207362446,0.14840235207362446,2.202325810098399
run,16,OFT_distance,0.25335876483744146,0.25335876483744146,6.419066371995397
run,16,Average_speed_OFT,0.2437104590353068,0.2437104590353068,5.939478784319996
run,16,Total_time_mobile_OFT,0.21178182632493006,0.21178182632493006,4.485154196152284
run,16,Absolute_turn_angle_OFT,0.1471699097640962,0.1471699097640962,2.1658982339972215
run,16,Time_inCenter_OFT,0.07814722241483098,0.07814722241483098,0.6106988371153061
run,16,Total_distance_travelled_NOR1,0.22799976173829614,0.22799976173829614,5.198389135271981
run,16,Average_speed_NOR1,0.23059053119728323,0.23059053119728323,5.317199307784525
run,16,Time_investigating_Piramidka_NOR1,0.0572386559198785,0.0572386559198785,0.32762637315142423
run,16,Latency_to_first_investigation_Piramidka_NOR1,-0.12472704760500278,0.12472704760500278,1.555683640426063
run,16,Time_investigating_Stakan_NOR1,0.15280036932617103,0.15280036932617103,2.3347952866214268
run,16,Latency_to_first_investigation_Stakan_NOR1,-0.057396551382237836,0.057396551382237836,0.3294364110573868
run,16,Total_distance_travelled_NOR2,0.2407865648284379,0.2407865648284379,5.797816980187953
run,16,Average_speed_NOR2,0.243350904849662,0.243350904849662,5.921966289114924
run,16,Time_investigating_Piramidka_zone_NOR2,0.10731171243239672,0.10731171243239672,1.1515803625173409
run,16,Latency_to_first_investigation_Piramidka_zone_NOR2,-0.2865263180974747,0.2865263180974747,8.209733096249526
run,16,Time_investigating_Stakan_zone_NOR2,0.19073876281468524,0.19073876281468524,3.638127564007675
run,16,Latency_to_first_investigation_Stakan_zone_NOR2,-0.445265582185262,0.445265582185262,19.82614386787803
run,16,Learning_T1mean,0.04356775184951813,0.04356775184951813,0.18981490012211905
run,16,Learning_T1max,0.05480422236172824,0.05480422236172824,0.30035027886737536
run,16,Learning_T1sum,0.04356775184951813,0.04356775184951813,0.18981490012211905
run,16,Learning_T2mean,0.08866072823106244,0.08866072823106244,0.7860724730462313
run,16,Learning_T2max,0.09451518701771698,0.09451518701771698,0.8933120576994016
run,16,Learning_T2sum,0.08866072823106244,0.08866072823106244,0.7860724730462313
run,16,Learning_T3mean,0.10468182938012759,0.10468182938012759,1.0958285402370143
run,16,Learning_T3max,0.12016926971468415,0.12016926971468415,1.4440653383760504
run,16,Learning_T3sum,0.10468182938012759,0.10468182938012759,1.0958285402370143
run,16,EnduranceT,0.1758070306842873,0.1758070306842873,3.0908112038025934
run,16,rear_support,0.21064981586130563,0.21064981586130563,4.437334492240197
run,16,rear_nosupport,0.2168930198556528,0.2168930198556528,4.70425820621046
run,16,Weight,0.1325679825846436,0.1325679825846436,1.7574270006562371
run,16,Grip,0.001465801788877017,0.001465801788877017,0.0002148574884275063
run,24,OFT_distance,-0.7041310969510551,0.7041310969510551,49.58006016934962
run,24,Average_speed_OFT,0.16083183678313623,0.16083183678313623,2.586687972303737
run,24,Total_time_mobile_OFT,0.17697775357861065,0.17697775357861065,3.1321125261731435
run,24,Absolute_turn_angle_OFT,0.06332942403848146,0.06332942403848146,0.4010615949045794
run,24,Time_inCenter_OFT,0.05725586677103431,0.05725586677103431,0.32782342797024305
run,24,Total_distance_travelled_NOR1,-0.04691251540475854,0.04691251540475854,0.22007841016017074
run,24,Average_speed_NOR1,-0.04669850575457869,0.04669850575457869,0.2180750439710419
run,24,Time_investigating_Piramidka_NOR1,0.10830187359972382,0.10830187359972382,1.1729295825210555
run,24,Latency_to_first_investigation_Piramidka_NOR1,-0.25213720729276284,0.25213720729276284,6.357317130139366
run,24,Time_investigating_Stakan_NOR1,0.10205752989665605,0.10205752989665605,1.0415739408606843
run,24,Latency_to_first_investigation_Stakan_NOR1,-0.20810914556846816,0.20810914556846816,4.330941646923787
run,24,Total_distance_travelled_NOR2,0.12779129466780811,0.12779129466780811,1.6330614992874564
run,24,Average_speed_NOR2,0.1304552300030186,0.1304552300030186,1.7018567035140482
run,24,Time_investigating_Piramidka_zone_NOR2,0.0482150325971279,0.0482150325971279,0.2324689368342106
run,24,Latency_to_first_investigation_Piramidka_zone_NOR2,-0.1789989322692489,0.1789989322692489,3.2040617753531153
run,24,Time_investigating_Stakan_zone_NOR2,0.13009262705892785,0.13009262705892785,1.6924091615093289
run,24,Latency_to_first_investigation_Stakan_zone_NOR2,-0.17128867859856947,0.17128867859856947,2.9339811416044035
run,24,Learning_T1mean,0.16563563682562596,0.16563563682562596,2.7435164186630656
run,24,Learning_T1max,0.15992606500711265,0.15992606500711265,2.557634626865922
run,24,Learning_T1sum,0.16563563682562596,0.16563563682562596,2.7435164186630656
run,24,Learning_T2mean,0.08853350157240687,0.08853350157240687,0.7838180900671371
run,24,Learning_T2max,0.1060474664797164,0.1060474664797164,1.1246065146766573
run,24,Learning_T2sum,0.08853350157240687,0.08853350157240687,0.7838180900671371
run,24,Learning_T3mean,0.06229217073297669,0.06229217073297669,0.38803145346263174
run,24,Learning_T3max,0.07645523808114738,0.07645523808114738,0.5845403430044928
run,24,Learning_T3sum,0.051107157760496034,0.051107157760496034,0.261194157435623
run,24,EnduranceT,0.12648983468439573,0.12648983468439573,1.5999678278485763
run,24,rear_support,0.14742668912687978,0.14742668912687978,2.1734628666913656
run,24,rear_nosupport,0.15611917192110777,0.15611917192110777,2.437319584133241
run,24,Weight,0.1015038229662114,0.1015038229662114,1.0303026076755983
run,24,Grip,0.014754774605354183,0.014754774605354183,0.02177033736548047
MCC,0,OFT_distance,0.23851060879064834,0.23851060879064834,5.6887310505685695
MCC,0,Average_speed_OFT,0.2109540949860793,0.2109540949860793,4.450163019139578
MCC,0,Total_time_mobile_OFT,0.21544220317369467,0.21544220317369467,4.641534290833553
MCC,0,Absolute_turn_angle_OFT,0.18571727656876688,0.18571727656876688,3.4490906816119846
MCC,0,Time_inCenter_OFT,0.055925483435204495,0.055925483435204495,0.31276596974613324
MCC,0,Total_distance_travelled_NOR1,0.34230711518841955,0.34230711518841955,11.717416110861793
MCC,0,Average_speed_NOR1,0.3418856174371815,0.3418856174371815,11.688577541040281
MCC,0,Time_investigating_Piramidka_NOR1,0.1840513315163253,0.1840513315163253,3.387489263293228
MCC,0,Latency_to_first_investigation_Piramidka_NOR1,-0.1168721263927398,0.1168721263927398,1.3659093927560548
MCC,0,Time_investigating_Stakan_NOR1,0.26511176333418074,0.26511176333418074,7.0284247058158655
MCC,0,Latency_to_first_investigation_Stakan_NOR1,-0.2063867151372913,0.2063867151372913,4.259547618516142
MCC,0,Total_distance_travelled_NOR2,0.31991585514355786,0.31991585514355786,10.23461543722339
MCC,0,Average_speed_NOR2,0.32018137553406756,0.32018137553406756,10.25161132388876
MCC,0,Time_investigating_Piramidka_zone_NOR2,0.16006539262947206,0.16006539262947206,2.5620929917627047
MCC,0,Latency_to_first_investigation_Piramidka_zone_NOR2,-0.14093250654590944,0.14093250654590944,1.9861971401312808
MCC,0,Time_investigating_Stakan_zone_NOR2,0.17239551140890472,0.17239551140890472,2.9720212353937794
MCC,0,Latency_to_first_investigation_Stakan_zone_NOR2,-0.17671953106410895,0.17671953106410895,3.122979265951857
MCC,0,Learning_T1mean,-0.005045204856295043,0.005045204856295043,0.0025454092041983086
MCC,0,Learning_T1max,0.057010591437166844,0.057010591437166844,0.32502075360155613
MCC,0,Learning_T1sum,-0.005045204856295043,0.005045204856295043,0.0025454092041983086
MCC,0,Learning_T2mean,0.029697357602771472,0.029697357602771472,0.08819330485868886
MCC,0,Learning_T2max,0.015289740922500536,0.015289740922500536,0.023377617747718755
MCC,0,Learning_T2sum,0.029697357602771472,0.029697357602771472,0.08819330485868886
MCC,0,Learning_T3mean,0.044887843672972036,0.044887843672972036,0.20149185096091757
MCC,0,Learning_T3max,0.041204984982817806,0.041204984982817806,0.1697850787434241
MCC,0,Learning_T3sum,0.044887843672972036,0.044887843672972036,0.20149185096091757
MCC,0,EnduranceT,0.07572436966996256,0.07572436966996256,0.5734180161913145
MCC,0,rear_support,0.1406870218926947,0.1406870218926947,1.9792838129035557
MCC,0,rear_nosupport,0.1952175747495522,0.1952175747495522,3.8109901491097005
MCC,0,Weight,0.18469565737143492,0.18469565737143492,3.4112485851866485
MCC,0,Grip,-0.005698963005244708,0.005698963005244708,0.0032478179335147794
MCC,16,OFT_distance,0.08796043254505874,0.08796043254505874,0.7737037693513829
MCC,16,Average_speed_OFT,0.0853860598277599,0.0853860598277599,0.7290779212909794
MCC,16,Total_time_mobile_OFT,0.0956389862777472,0.0956389862777472,0.9146815696235115
MCC,16,Absolute_turn_angle_OFT,0.08950008184858317,0.08950008184858317,0.8010264650903086
MCC,16,Time_inCenter_OFT,-0.014470067047870969,0.014470067047870969,0.020938284036988126
MCC,16,Total_distance_travelled_NOR1,0.20085352792225536,0.20085352792225536,4.034213967881621
MCC,16,Average_speed_NOR1,0.2001270408924131,0.2001270408924131,4.0050832496353586
MCC,16,Time_investigating_Piramidka_NOR1,0.5207586083566265,0.5207586083566265,27.118952817753026
MCC,16,Latency_to_first_investigation_Piramidka_NOR1,-0.1736324062361668,0.1736324062361668,3.0148212495361255
MCC,16,Time_investigating_Stakan_NOR1,0.3066404715683123,0.3066404715683123,9.402837880363695
MCC,16,Latency_to_first_investigation_Stakan_NOR1,-0.18052310299828117,0.18052310299828117,3.2588590716128034
MCC,16,Total_distance_travelled_NOR2,0.24416996793763948,0.24416996793763948,5.961897324266789
MCC,16,Average_speed_NOR2,0.24574112896217593,0.24574112896217593,6.038870246360478
MCC,16,Time_investigating_Piramidka_zone_NOR2,0.36471268933874895,0.36471268933874895,13.301534576470281
MCC,16,Latency_to_first_investigation_Piramidka_zone_NOR2,-0.20068617474247671,0.20068617474247671,4.02749407327679
MCC,16,Time_investigating_Stakan_zone_NOR2,0.30439133297225657,0.30439133297225657,9.265408358862718
MCC,16,Latency_to_first_investigation_Stakan_zone_NOR2,-0.19549076488447012,0.19549076488447012,3.8216639155115173
MCC,16,Learning_T1mean,0.016981389652462018,0.016981389652462018,0.028836759452874408
MCC,16,Learning_T1max,0.003127450993593616,0.003127450993593616,0.0009780949717329696
MCC,16,Learning_T1sum,0.016981389652462018,0.016981389652462018,0.028836759452874408
MCC,16,Learning_T2mean,0.02743007924565107,0.02743007924565107,0.07524092474226975
MCC,16,Learning_T2max,0.008479781296976402,0.008479781296976402,0.0071906690844550794
MCC,16,Learning_T2sum,0.02743007924565107,0.02743007924565107,0.07524092474226975
MCC,16,Learning_T3mean,-0.02530378739722674,0.02530378739722674,0.06402816566440507
MCC,16,Learning_T3max,-0.06254574173517069,0.06254574173517069,0.3911969809202672
MCC,16,Learning_T3sum,-0.02530378739722674,0.02530378739722674,0.06402816566440507
MCC,16,EnduranceT,0.0005267203688229763,0.0005267203688229763,2.774343469330122e-05
MCC,16,rear_support,0.08742892730940353,0.08742892730940353,0.7643817330472967
MCC,16,rear_nosupport,0.04054270005628289,0.04054270005628289,0.16437105278537206
MCC,16,Weight,0.08861602928188718,0.08861602928188718,0.7852800645688286
MCC,16,Grip,-0.1029221657634529,0.1029221657634529,1.0592972205439675
MCC,24,OFT_distance,0.09721490952756824,0.09721490952756824,0.9450738634453278
MCC,24,Average_speed_OFT,0.07390963606281306,0.07390963606281306,0.5462634302937477
MCC,24,Total_time_mobile_OFT,-0.004802687666650001,0.004802687666650001,0.002306580882339203
MCC,24,Absolute_turn_angle_OFT,-0.0037956481957428234,0.0037956481957428234,0.001440694522584575
MCC,24,Time_inCenter_OFT,0.02103236440151022,0.02103236440151022,0.04423603523179143
MCC,24,Total_distance_travelled_NOR1,0.2065507684185591,0.2065507684185591,4.266321993429723
MCC,24,Average_speed_NOR1,0.2149122729088829,0.2149122729088829,4.618728504686216
MCC,24,Time_investigating_Piramidka_NOR1,0.267987903222318,0.267987903222318,7.181751627349449
MCC,24,Latency_to_first_investigation_Piramidka_NOR1,-0.2143137789845877,0.2143137789845877,4.59303958626547
MCC,24,Time_investigating_Stakan_NOR1,0.12712577461825605,0.12712577461825605,1.6160962572291635
MCC,24,Latency_to_first_investigation_Stakan_NOR1,-0.18666830327929276,0.18666830327929276,3.484505544917002
MCC,24,Total_distance_travelled_NOR2,0.1902680071096344,0.1902680071096344,3.6201914529471884
MCC,24,Average_speed_NOR2,0.19008538085916443,0.19008538085916443,3.6132452016373597
MCC,24,Time_investigating_Piramidka_zone_NOR2,0.1728937283320614,0.1728937283320614,2.989224129656065
MCC,24,Latency_to_first_investigation_Piramidka_zone_NOR2,-0.2960823915948919,0.2960823915948919,8.766478261255092
MCC,24,Time_investigating_Stakan_zone_NOR2,0.24198540984820674,0.24198540984820674,5.855693857940459
MCC,24,Latency_to_first_investigation_Stakan_zone_NOR2,-0.2920012720349543,0.2920012720349543,8.526474287003138
MCC,24,Learning_T1mean,0.29150005118092204,0.29150005118092204,8.497227983848017
MCC,24,Learning_T1max,0.271213494913734,0.271213494913734,7.355675982332201
MCC,24,Learning_T1sum,0.29150005118092204,0.29150005118092204,8.497227983848017
MCC,24,Learning_T2mean,0.040506832986682464,0.040506832986682464,0.16408035186109865
MCC,24,Learning_T2max,-0.012683800573538658,0.012683800573538658,0.01608787969892996
MCC,24,Learning_T2sum,0.12565512727991182,0.12565512727991182,1.578921101173084
MCC,24,Learning_T3mean,0.10709922561954913,0.10709922561954913,1.1470244128307088
MCC,24,Learning_T3max,0.11583636765055876,0.11583636765055876,1.3418064070475415
MCC,24,Learning_T3sum,0.10709922561954913,0.10709922561954913,1.1470244128307088
MCC,24,EnduranceT,0.14276658749817542,0.14276658749817542,2.0382298505874177
MCC,24,rear_support,0.1716039200205557,0.1716039200205557,2.9447905366421274
MCC,24,rear_nosupport,0.10955949526529031,0.10955949526529031,1.200328300278517
MCC,24,Weight,0.16612681847885227,0.16612681847885227,2.7598119817905533
MCC,24,Grip,-0.08004320749064263,0.08004320749064263,0.6406915065390069
