block_id,is_correlation_block,block_size,edge_count,feature,feature_order,members
B01,True,4,5,OFT_distance,1,OFT_distance|Average_speed_OFT|Total_time_mobile_OFT|Absolute_turn_angle_OFT
B01,True,4,5,Average_speed_OFT,2,OFT_distance|Average_speed_OFT|Total_time_mobile_OFT|Absolute_turn_angle_OFT
B01,True,4,5,Total_time_mobile_OFT,3,OFT_distance|Average_speed_OFT|Total_time_mobile_OFT|Absolute_turn_angle_OFT
B01,True,4,5,Absolute_turn_angle_OFT,4,OFT_distance|Average_speed_OFT|Total_time_mobile_OFT|Absolute_turn_angle_OFT
S01,False,1,0,Time_inCenter_OFT,5,Time_inCenter_OFT
B02,True,2,1,Total_distance_travelled_NOR1,6,Total_distance_travelled_NOR1|Average_speed_NOR1
B02,True,2,1,Average_speed_NOR1,7,Total_distance_travelled_NOR1|Average_speed_NOR1
S02,False,1,0,Time_investigating_Piramidka_NOR1,8,Time_investigating_Piramidka_NOR1
S03,False,1,0,Latency_to_first_investigation_Piramidka_NOR1,9,Latency_to_first_investigation_Piramidka_NOR1
S04,False,1,0,Time_investigating_Stakan_NOR1,10,Time_investigating_Stakan_NOR1
S05,False,1,0,Latency_to_first_investigation_Stakan_NOR1,11,Latency_to_first_investigation_Stakan_NOR1
B03,True,2,1,Total_distance_travelled_NOR2,12,Total_distance_travelled_NOR2|Average_speed_NOR2
B03,True,2,1,Average_speed_NOR2,13,Total_distance_travelled_NOR2|Average_speed_NOR2
S06,False,1,0,Time_investigating_Piramidka_zone_NOR2,14,Time_investigating_Piramidka_zone_NOR2
S07,False,1,0,Latency_to_first_investigation_Piramidka_zone_NOR2,15,Latency_to_first_investigation_Piramidka_zone_NOR2
S08,False,1,0,Time_investigating_Stakan_zone_NOR2,16,Time_investigating_Stakan_zone_NOR2
S09,False,1,0,Latency_to_first_investigation_Stakan_zone_NOR2,17,Latency_to_first_investigation_Stakan_zone_NOR2
B04,True,3,3,Learning_T1mean,18,Learning_T1mean|Learning_T1max|Learning_T1sum
B04,True,3,3,Learning_T1max,19,Learning_T1mean|Learning_T1max|Learning_T1sum
B04,True,3,3,Learning_T1sum,20,Learning_T1mean|Learning_T1max|Learning_T1sum
B05,True,3,3,Learning_T2mean,21,Learning_T2mean|Learning_T2max|Learning_T2sum
B05,True,3,3,Learning_T2max,22,Learning_T2mean|Learning_T2max|Learning_T2sum
B05,True,3,3,Learning_T2sum,23,Learning_T2mean|Learning_T2max|Learning_T2sum
B06,True,3,3,Learning_T3mean,24,Learning_T3mean|Learning_T3max|Learning_T3sum
B06,True,3,3,Learning_T3max,25,Learning_T3mean|Learning_T3max|Learning_T3sum
B06,True,3,3,Learning_T3sum,26,Learning_T3mean|Learning_T3max|Learning_T3sum
S10,False,1,0,EnduranceT,27,EnduranceT
S11,False,1,0,rear_support,28,rear_support
S12,False,1,0,rear_nosupport,29,rear_nosupport
S13,False,1,0,Weight,30,Weight
