resample_index,seed,train_n,holdout_n,min_train_O,PBS_train,LPS_train,run_train,MCC_train,active_count,slack_sum,slack_max,min_live_enri,solver_status,solver_used,train_ids,holdout_ids
1,20000,43,11,6,9,11,12,11,14,0.13509917826808704,0.10549133281695752,0.7748371040711992,optimal,OSQP,1.3|1.4|1.5|10.1|10.3|11.1|12.1|12.3|12.4|12.5|16.1|16.2|16.3|17.1|17.2|17.3|17.5|18.2|18.3|19.1|19.2|19.3|2.4|20.2|20.3|20.5|21.1|21.2|21.3|21.4|21.5|3.1|3.3|3.4|4.1|4.3|4.4|6.2|8.2|8.3|8.4|9.2|9.3,1.1|11.2|12.2|17.4|18.1|19.4|2.1|20.1|20.4|6.3|9.1
2,20001,43,11,6,9,11,12,11,16,0.12974141892238955,0.0981584834084623,0.740721501582849,optimal,OSQP,1.1|1.3|1.4|1.5|10.1|10.3|11.1|11.2|12.1|12.4|12.5|16.1|16.2|17.1|17.2|17.3|17.5|18.1|18.2|18.3|19.1|19.4|2.1|20.2|20.3|20.4|20.5|21.3|21.4|21.5|3.1|3.3|3.4|4.3|4.4|6.2|6.3|8.2|8.3|8.4|9.1|9.2|9.3,12.2|12.3|16.3|17.4|19.2|19.3|2.4|20.1|21.1|21.2|4.1
3,20002,43,11,6,9,11,12,11,23,0.20996767740754768,0.1411679854957964,0.3694474091716117,optimal,OSQP,1.1|1.4|1.5|10.1|10.3|11.1|11.2|12.1|12.2|12.3|12.4|12.5|16.1|16.2|16.3|17.1|17.3|17.4|17.5|18.2|18.3|19.2|19.3|19.4|2.4|20.3|20.4|20.5|21.1|21.3|21.4|21.5|3.1|3.3|3.4|4.3|4.4|6.3|8.2|8.3|8.4|9.1|9.2,1.3|17.2|18.1|19.1|2.1|20.1|20.2|21.2|4.1|6.2|9.3
4,20003,43,11,7,9,11,12,11,17,0.16298066962734897,0.11863187002016276,0.5638330284570926,optimal,OSQP,1.3|1.4|1.5|10.3|11.1|11.2|12.1|12.2|12.3|12.4|16.1|16.2|16.3|17.1|17.2|17.5|18.1|18.2|18.3|19.1|19.2|2.1|2.4|20.1|20.3|20.5|21.1|21.3|21.4|21.5|3.1|3.3|3.4|4.1|4.3|4.4|6.3|8.2|8.3|8.4|9.1|9.2|9.3,1.1|10.1|12.5|17.3|17.4|19.3|19.4|20.2|20.4|21.2|6.2
5,20004,43,11,6,9,11,12,11,19,0.21828124694032114,0.12750873827816442,0.6361408420207162,optimal,OSQP,1.4|1.5|10.1|10.3|12.1|12.2|12.4|12.5|16.1|16.3|17.1|17.2|17.3|17.4|17.5|18.2|18.3|19.1|19.2|19.3|2.1|2.4|20.1|20.2|20.3|20.4|21.1|21.2|21.3|21.4|21.5|3.1|3.3|3.4|4.1|4.3|4.4|6.2|6.3|8.2|8.3|9.2|9.3,1.1|1.3|11.1|11.2|12.3|16.2|18.1|19.4|20.5|8.4|9.1
6,20005,43,11,7,9,11,12,11,15,0.0609251963409686,0.0609251963409686,0.650589472120787,optimal,OSQP,1.1|1.3|1.4|10.1|10.3|11.1|11.2|12.1|12.3|12.4|16.1|16.2|16.3|17.1|17.2|17.4|17.5|18.1|18.3|19.1|19.2|19.3|19.4|2.1|2.4|20.1|20.2|20.3|20.4|20.5|21.1|21.3|21.4|21.5|3.3|4.1|4.3|4.4|6.2|6.3|8.3|8.4|9.1,1.5|12.2|12.5|17.3|18.2|21.2|3.1|3.4|8.2|9.2|9.3
7,20006,43,11,6,9,11,12,11,21,0.23767190177203623,0.1188359508860181,0.4439858396121601,optimal,OSQP,1.1|1.5|10.1|10.3|11.2|12.1|12.2|12.3|12.4|12.5|16.1|16.2|17.1|17.3|17.4|17.5|18.1|18.2|18.3|19.1|19.2|19.3|19.4|2.1|20.1|20.2|20.3|21.1|21.2|21.3|21.4|21.5|3.1|3.3|3.4|4.1|4.4|6.2|6.3|8.2|8.3|8.4|9.2,1.3|1.4|11.1|16.3|17.2|2.4|20.4|20.5|4.3|9.1|9.3
8,20007,43,11,6,9,11,12,11,17,0.16291159640667524,0.09646447665411495,0.8743273018285858,optimal,OSQP,1.1|1.3|1.4|1.5|10.1|10.3|11.1|11.2|12.1|12.3|12.5|16.1|17.1|17.2|17.3|17.4|17.5|18.1|18.2|18.3|19.1|19.3|19.4|2.1|2.4|20.1|20.3|20.4|20.5|21.1|21.3|21.5|3.1|3.3|3.4|4.3|4.4|6.2|6.3|8.2|8.3|8.4|9.2,12.2|12.4|16.2|16.3|19.2|20.2|21.2|21.4|4.1|9.1|9.3
9,20008,43,11,7,9,11,12,11,17,0.011929152028879718,0.011929152028879718,0.7145533519468656,optimal,OSQP,1.1|1.5|10.1|10.3|11.1|12.1|12.2|12.4|12.5|16.1|16.2|16.3|17.1|17.3|17.4|17.5|18.1|18.2|19.2|19.3|19.4|20.2|20.3|20.5|21.1|21.2|21.3|21.4|21.5|3.1|3.3|3.4|4.1|4.3|4.4|6.2|6.3|8.2|8.3|8.4|9.1|9.2|9.3,1.3|1.4|11.2|12.3|17.2|18.3|19.1|2.1|2.4|20.1|20.4
10,20009,43,11,6,9,11,12,11,17,0.1362121015960006,0.07607621096953837,0.5471273044410079,optimal,OSQP,1.3|1.4|10.3|11.1|11.2|12.1|12.2|12.3|12.4|12.5|16.1|17.1|17.2|17.3|17.4|17.5|18.1|18.2|18.3|19.1|19.2|19.3|19.4|2.1|20.1|20.2|20.3|20.4|20.5|21.1|21.3|3.1|3.3|3.4|4.1|4.4|6.2|6.3|8.2|8.3|8.4|9.1|9.2,1.1|1.5|10.1|16.2|16.3|2.4|21.2|21.4|21.5|4.3|9.3
11,20010,43,11,6,9,11,12,11,17,2.836222926127249e-09,1.708999732886369e-09,0.7453669385200705,optimal,OSQP,1.1|1.3|1.5|10.1|10.3|11.2|12.1|12.2|12.4|12.5|16.1|16.3|17.1|17.2|17.3|17.4|17.5|18.1|18.3|19.2|19.4|2.1|2.4|20.2|20.3|20.4|20.5|21.1|21.2|21.3|21.4|3.1|3.3|3.4|4.1|4.3|6.2|6.3|8.2|8.4|9.1|9.2|9.3,1.4|11.1|12.3|16.2|18.2|19.1|19.3|20.1|21.5|4.4|8.3
12,20011,43,11,7,9,11,12,11,20,0.059494548956537295,0.059494548956537295,0.7450030619480992,optimal,OSQP,1.3|1.4|1.5|10.1|10.3|11.1|11.2|12.1|12.2|12.3|12.5|16.1|16.2|16.3|17.1|17.2|17.5|18.1|18.2|18.3|19.2|19.4|2.1|2.4|20.1|20.2|20.4|21.1|21.2|21.3|21.4|21.5|3.1|3.3|4.1|4.3|4.4|6.2|8.2|8.3|9.1|9.2|9.3,1.1|12.4|17.3|17.4|19.1|19.3|20.3|20.5|3.4|6.3|8.4
13,20012,43,11,7,9,11,12,11,14,0.00642134360474455,0.00642134360474455,0.8328618732563501,optimal,OSQP,1.1|1.3|1.4|10.1|11.2|12.1|12.3|12.4|12.5|16.2|16.3|17.1|17.2|17.3|17.4|17.5|18.1|18.2|19.1|19.2|19.3|19.4|2.4|20.1|20.4|20.5|21.1|21.2|21.3|21.4|21.5|3.1|3.3|3.4|4.3|4.4|6.2|6.3|8.2|8.3|9.1|9.2|9.3,1.5|10.3|11.1|12.2|16.1|18.3|2.1|20.2|20.3|4.1|8.4
14,20013,43,11,7,9,11,12,11,14,2.6105976693320196e-18,1.3059692017490136e-18,0.8849051377859148,optimal,OSQP,1.1|1.3|1.4|1.5|10.3|11.1|11.2|12.2|12.3|16.1|16.2|16.3|17.1|17.2|17.3|17.4|18.2|18.3|19.1|19.2|19.3|19.4|2.1|20.1|20.2|20.5|21.1|21.2|21.3|21.4|21.5|3.3|3.4|4.1|4.3|4.4|6.2|6.3|8.2|8.3|8.4|9.1|9.2,10.1|12.1|12.4|12.5|17.5|18.1|2.4|20.3|20.4|3.1|9.3
15,20014,43,11,6,9,11,12,11,15,0.2141185977126375,0.11557792160668004,0.8375964147487196,optimal,OSQP,1.1|1.3|1.4|1.5|10.3|11.1|11.2|12.1|12.3|12.4|12.5|16.2|16.3|17.1|17.2|17.3|17.4|17.5|18.2|18.3|19.1|19.2|19.3|2.1|2.4|20.3|20.4|20.5|21.1|21.2|21.4|21.5|3.1|3.3|3.4|4.3|4.4|6.2|8.2|8.4|9.1|9.2|9.3,10.1|12.2|16.1|18.1|19.4|20.1|20.2|21.3|4.1|6.3|8.3
16,20015,43,11,7,9,11,12,11,21,5.679367344202171e-18,2.839773547371953e-18,0.5848675113346928,optimal,OSQP,1.1|1.3|1.4|10.1|10.3|11.2|12.1|12.2|12.3|12.4|12.5|16.1|16.3|17.1|17.2|17.3|17.4|18.1|18.2|18.3|19.2|19.3|19.4|2.1|2.4|20.1|20.2|20.3|20.4|20.5|21.1|21.3|21.4|3.1|3.3|3.4|4.1|6.2|6.3|8.2|8.3|8.4|9.2,1.5|11.1|16.2|17.5|19.1|21.2|21.5|4.3|4.4|9.1|9.3
17,20016,43,11,7,9,11,12,11,16,0.09690055271486983,0.08693207037061183,0.48709270563013496,optimal,OSQP,1.1|1.4|1.5|10.3|11.2|12.2|12.3|12.5|16.1|16.2|16.3|17.1|17.2|17.4|17.5|18.1|18.3|19.1|19.2|19.3|19.4|2.1|2.4|20.1|20.2|20.3|20.4|20.5|21.1|21.2|21.3|21.5|3.3|3.4|4.1|4.3|4.4|6.2|6.3|8.2|8.3|9.2|9.3,1.3|10.1|11.1|12.1|12.4|17.3|18.2|21.4|3.1|8.4|9.1
18,20017,43,11,7,9,11,12,11,17,0.14023370805871951,0.07011685402935976,0.7747790708996122,optimal,OSQP,1.1|1.3|1.4|10.1|10.3|11.1|11.2|12.1|12.2|12.3|16.2|16.3|17.1|17.2|17.4|17.5|18.1|18.2|18.3|19.1|19.3|19.4|2.1|20.1|20.3|20.4|20.5|21.1|21.3|21.4|21.5|3.3|3.4|4.1|4.3|4.4|6.2|6.3|8.2|8.3|9.1|9.2|9.3,1.5|12.4|12.5|16.1|17.3|19.2|2.4|20.2|21.2|3.1|8.4
19,20018,43,11,6,9,11,12,11,21,0.12030709431682284,0.07860003749261334,0.4347002924757567,optimal,OSQP,1.1|1.4|1.5|10.1|11.2|12.1|12.2|12.4|12.5|16.1|16.2|17.1|17.2|17.3|17.5|18.1|18.2|18.3|19.1|19.2|19.3|19.4|2.1|2.4|20.1|20.2|20.3|20.4|21.2|21.3|21.4|21.5|3.1|3.3|3.4|4.1|4.3|6.2|6.3|8.4|9.1|9.2|9.3,1.3|10.3|11.1|12.3|16.3|17.4|20.5|21.1|4.4|8.2|8.3
20,20019,43,11,6,9,11,12,11,20,0.04973808866167939,0.027087970897167246,0.48137594642423875,optimal,OSQP,1.3|1.4|1.5|10.1|10.3|11.1|11.2|12.1|12.2|12.4|12.5|16.1|16.2|17.1|17.2|17.3|17.5|18.1|18.2|18.3|19.1|19.2|19.3|19.4|2.1|2.4|20.1|20.2|20.4|20.5|21.1|21.2|21.3|21.4|3.3|3.4|4.1|4.4|6.2|6.3|8.2|9.1|9.3,1.1|12.3|16.3|17.4|20.3|21.5|3.1|4.3|8.3|8.4|9.2
21,20020,43,11,6,9,11,12,11,15,0.13164484901367815,0.06638618646456783,0.8015540291276013,optimal,OSQP,1.1|1.3|1.5|10.1|10.3|11.1|11.2|12.1|12.2|12.3|12.4|16.2|17.1|17.2|17.3|17.4|17.5|18.1|18.2|18.3|19.1|19.3|19.4|20.1|20.3|20.4|20.5|21.1|21.2|21.3|21.4|3.3|3.4|4.1|4.3|6.2|6.3|8.2|8.3|8.4|9.1|9.2|9.3,1.4|12.5|16.1|16.3|19.2|2.1|2.4|20.2|21.5|3.1|4.4
22,20021,43,11,8,9,11,12,11,19,0.017602869882219478,0.017602869882219478,0.5935450338726134,optimal,OSQP,1.1|1.4|1.5|10.3|11.1|11.2|12.2|12.4|12.5|16.1|16.2|16.3|17.1|17.2|17.4|18.1|18.2|18.3|19.3|19.4|2.1|2.4|20.2|20.3|20.4|20.5|21.1|21.2|21.3|21.5|3.1|3.4|4.1|4.3|4.4|6.2|6.3|8.2|8.3|8.4|9.1|9.2|9.3,1.3|10.1|12.1|12.3|17.3|17.5|19.1|19.2|20.1|21.4|3.3
23,20022,43,11,7,9,11,12,11,16,0.1888696749125804,0.10856962139044961,0.5011187363721145,optimal,OSQP,1.1|1.3|1.4|1.5|10.1|10.3|11.1|12.2|12.3|12.4|16.2|16.3|17.1|17.2|17.4|17.5|18.1|18.2|18.3|19.2|19.3|19.4|2.1|2.4|20.1|20.2|20.3|20.4|21.1|21.2|21.3|21.4|3.1|3.3|3.4|4.1|4.3|4.4|6.3|8.3|8.4|9.1|9.3,11.2|12.1|12.5|16.1|17.3|19.1|20.5|21.5|6.2|8.2|9.2
24,20023,43,11,8,9,11,12,11,14,0.000832103176596311,0.000832103176596311,0.6759936112102022,optimal,OSQP,1.1|1.3|1.4|1.5|10.1|11.1|11.2|12.1|12.3|12.5|16.1|16.2|16.3|17.1|17.2|17.3|17.4|18.1|18.2|19.1|19.2|19.4|2.1|2.4|20.1|20.2|20.4|20.5|21.2|21.3|21.5|3.1|3.3|3.4|4.1|4.3|6.2|6.3|8.2|8.4|9.1|9.2|9.3,10.3|12.2|12.4|17.5|18.3|19.3|20.3|21.1|21.4|4.4|8.3
25,20024,43,11,6,9,11,12,11,17,0.07808500694428358,0.03904250347214181,0.6439186750220329,optimal,OSQP,1.1|1.3|1.4|1.5|10.3|11.1|11.2|12.2|12.4|12.5|16.2|16.3|17.2|17.3|17.4|17.5|18.1|18.2|18.3|19.2|19.3|19.4|2.1|2.4|20.1|20.2|20.3|20.4|21.1|21.2|21.4|3.1|3.3|3.4|4.1|4.3|4.4|6.2|8.2|8.3|8.4|9.2|9.3,10.1|12.1|12.3|16.1|17.1|19.1|20.5|21.3|21.5|6.3|9.1
26,20025,43,11,7,9,11,12,11,19,0.01641557315898373,0.008207786579491868,0.5248017563214686,optimal,OSQP,1.1|1.3|1.4|1.5|10.1|10.3|11.1|11.2|12.1|12.2|12.4|12.5|16.1|16.2|16.3|17.1|17.2|17.4|17.5|18.2|18.3|19.1|19.2|19.3|19.4|20.2|20.4|20.5|21.1|21.3|21.4|21.5|3.1|3.3|3.4|4.1|4.4|6.2|8.3|8.4|9.1|9.2|9.3,12.3|17.3|18.1|2.1|2.4|20.1|20.3|21.2|4.3|6.3|8.2
27,20026,43,11,7,9,11,12,11,16,8.048141446940569e-18,4.013456041821687e-18,0.6807927821262633,optimal,OSQP,1.1|1.3|1.4|1.5|10.1|10.3|11.2|12.1|12.2|12.3|12.4|12.5|16.1|16.2|16.3|17.1|17.2|17.3|18.1|18.2|18.3|19.1|19.4|2.1|20.1|20.2|20.3|20.4|20.5|21.1|21.2|21.3|21.4|21.5|3.4|4.4|6.2|8.2|8.3|8.4|9.1|9.2|9.3,11.1|17.4|17.5|19.2|19.3|2.4|3.1|3.3|4.1|4.3|6.3
28,20027,43,11,6,9,11,12,11,19,0.26402512302129766,0.15378365136934946,0.3278971919383904,optimal,OSQP,1.1|1.4|1.5|10.1|10.3|11.2|12.2|12.3|12.4|12.5|16.2|16.3|17.1|17.3|17.4|17.5|18.1|18.2|18.3|19.1|19.2|19.4|20.2|20.3|20.4|20.5|21.1|21.2|21.4|21.5|3.1|3.3|3.4|4.1|4.3|4.4|6.3|8.2|8.3|8.4|9.1|9.2|9.3,1.3|11.1|12.1|16.1|17.2|19.3|2.1|2.4|20.1|21.3|6.2
29,20028,43,11,7,9,11,12,11,16,0.038094967566270815,0.026969352251993834,0.7405948272660547,optimal,OSQP,1.1|1.3|1.4|1.5|10.3|11.1|11.2|12.1|12.3|12.4|12.5|16.1|16.2|16.3|17.1|17.2|17.4|17.5|18.1|18.3|19.1|19.3|19.4|2.1|2.4|20.1|20.2|20.4|21.1|21.2|21.4|21.5|3.1|3.3|3.4|4.1|4.3|6.2|8.2|8.3|9.1|9.2|9.3,10.1|12.2|17.3|18.2|19.2|20.3|20.5|21.3|4.4|6.3|8.4
30,20029,43,11,6,9,11,12,11,16,0.07916097684380097,0.0660944798251948,0.7432678837020401,optimal,OSQP,1.1|1.3|1.5|10.1|11.1|11.2|12.1|12.2|12.4|12.5|16.1|16.3|17.1|17.2|17.3|17.5|18.1|18.2|18.3|19.2|19.3|19.4|2.1|2.4|20.1|20.3|20.4|20.5|21.2|21.3|21.5|3.1|3.3|3.4|4.3|4.4|6.2|6.3|8.2|8.3|8.4|9.1|9.2,1.4|10.3|12.3|16.2|17.4|19.1|20.2|21.1|21.4|4.1|9.3
31,20030,43,11,7,9,11,12,11,23,0.02389951148702872,0.02077035873341873,0.48381350790404976,optimal,OSQP,1.1|1.4|1.5|10.1|11.2|12.1|12.3|12.4|12.5|16.1|16.2|16.3|17.2|17.3|17.4|17.5|18.1|18.2|19.1|19.2|19.3|2.4|20.1|20.3|20.4|20.5|21.1|21.2|21.3|21.5|3.1|3.3|3.4|4.1|4.4|6.2|6.3|8.2|8.3|8.4|9.1|9.2|9.3,1.3|10.3|11.1|12.2|17.1|18.3|19.4|2.1|20.2|21.4|4.3
32,20031,43,11,7,9,11,12,11,10,0.15654128903652936,0.09458304508711425,0.8656742788270404,optimal,OSQP,1.4|1.5|10.3|11.1|11.2|12.1|12.3|12.4|12.5|16.1|16.2|16.3|17.1|17.3|17.4|17.5|18.1|18.2|19.2|19.3|19.4|2.1|20.1|20.4|20.5|21.1|21.2|21.3|21.4|21.5|3.1|3.3|4.1|4.3|4.4|6.2|6.3|8.2|8.3|8.4|9.1|9.2|9.3,1.1|1.3|10.1|12.2|17.2|18.3|19.1|2.4|20.2|20.3|3.4
33,20032,43,11,7,9,11,12,11,18,0.07902323741018803,0.06690605677725289,0.8005968943129815,optimal,OSQP,1.3|1.4|10.1|10.3|11.2|12.1|12.2|12.3|12.5|16.1|16.3|17.1|17.2|17.4|17.5|18.1|18.2|18.3|19.1|19.2|19.4|2.1|2.4|20.1|20.3|20.4|20.5|21.1|21.3|21.4|21.5|3.1|3.3|3.4|4.1|4.3|4.4|6.2|6.3|8.2|8.3|8.4|9.2,1.1|1.5|11.1|12.4|16.2|17.3|19.3|20.2|21.2|9.1|9.3
34,20033,43,11,6,9,11,12,11,23,0.22668751592511094,0.11334375796255551,0.4704558004231947,optimal,OSQP,1.1|1.4|1.5|10.1|10.3|11.1|11.2|12.1|12.2|12.3|12.4|12.5|16.2|17.1|17.2|17.3|17.4|17.5|18.1|18.2|18.3|19.1|19.2|19.3|2.1|20.1|20.2|20.4|20.5|21.1|21.2|21.3|3.1|3.3|3.4|4.1|4.4|6.2|8.2|8.3|8.4|9.1|9.2,1.3|16.1|16.3|19.4|2.4|20.3|21.4|21.5|4.3|6.3|9.3
35,20034,43,11,7,9,11,12,11,20,0.027292567453757105,0.027292567453757105,0.6296130489135889,optimal,OSQP,1.1|1.3|1.5|10.1|11.1|11.2|12.1|12.3|12.4|12.5|16.1|16.2|16.3|17.2|17.3|17.4|18.1|18.2|18.3|19.1|19.2|19.3|2.1|2.4|20.2|20.3|20.4|20.5|21.2|21.3|21.4|21.5|3.3|3.4|4.1|4.3|4.4|6.3|8.2|8.3|8.4|9.1|9.2,1.4|10.3|12.2|17.1|17.5|19.4|20.1|21.1|3.1|6.2|9.3
36,20035,43,11,6,9,11,12,11,22,0.14226529870473936,0.09158403356243168,0.5305368375969064,optimal,OSQP,1.1|1.4|1.5|10.1|10.3|11.1|11.2|12.1|12.2|12.3|16.1|16.2|16.3|17.1|17.3|17.5|18.1|18.2|18.3|19.2|19.3|2.1|2.4|20.1|20.3|20.4|20.5|21.1|21.2|21.4|21.5|3.1|3.3|4.1|4.3|4.4|6.2|6.3|8.2|8.3|9.1|9.2|9.3,1.3|12.4|12.5|17.2|17.4|19.1|19.4|20.2|21.3|3.4|8.4
37,20036,43,11,7,9,11,12,11,17,0.09920634997167467,0.0762114899987501,0.6435676137833485,optimal,OSQP,1.3|1.4|10.1|10.3|11.1|11.2|12.1|12.3|12.4|12.5|16.1|16.2|16.3|17.1|17.2|17.4|17.5|18.1|18.3|19.1|19.2|19.3|19.4|2.4|20.1|20.2|20.3|20.4|20.5|21.1|21.3|21.4|21.5|3.3|4.1|4.3|4.4|6.2|6.3|8.3|9.1|9.2|9.3,1.1|1.5|12.2|17.3|18.2|2.1|21.2|3.1|3.4|8.2|8.4
38,20037,43,11,6,9,11,12,11,11,9.925972486687774e-19,4.964282778800149e-19,0.7098260168123645,optimal,OSQP,1.1|1.3|1.4|1.5|10.1|10.3|11.2|12.1|12.2|12.5|16.1|16.2|16.3|17.1|17.3|17.5|18.1|18.2|18.3|19.1|19.2|2.4|20.1|20.2|20.3|20.5|21.1|21.3|21.4|21.5|3.1|3.3|3.4|4.1|4.3|4.4|6.2|8.2|8.3|8.4|9.1|9.2|9.3,11.1|12.3|12.4|17.2|17.4|19.3|19.4|2.1|20.4|21.2|6.3
39,20038,43,11,7,9,11,12,11,20,0.02657507835906983,0.015693927368549593,0.6855687856404238,optimal,OSQP,1.1|1.5|10.1|10.3|11.1|11.2|12.1|12.2|12.3|12.4|12.5|16.1|16.2|17.1|17.2|17.3|17.4|17.5|18.1|18.2|19.1|19.2|19.4|2.1|20.1|20.2|20.4|20.5|21.1|21.2|21.3|21.4|21.5|3.4|4.1|4.3|4.4|6.2|8.3|8.4|9.1|9.2|9.3,1.3|1.4|16.3|18.3|19.3|2.4|20.3|3.1|3.3|6.3|8.2
40,20039,43,11,6,9,11,12,11,20,0.14860696385633232,0.07430348192816617,0.6115670265682729,optimal,OSQP,1.1|1.3|1.4|10.1|10.3|11.1|12.1|12.2|12.3|12.4|16.1|16.2|16.3|17.1|17.3|17.4|17.5|18.2|18.3|19.1|19.2|19.3|2.1|20.1|20.3|20.4|20.5|21.1|21.2|21.3|21.4|21.5|3.1|3.3|4.1|4.4|6.2|6.3|8.2|8.3|9.1|9.2|9.3,1.5|11.2|12.5|17.2|18.1|19.4|2.4|20.2|3.4|4.3|8.4
41,20040,43,11,7,9,11,12,11,11,4.4826730302264025e-09,2.228905774445723e-09,0.8604856553757356,optimal,OSQP,1.3|1.4|1.5|10.3|11.1|12.2|12.3|12.4|12.5|16.1|16.2|16.3|17.2|17.3|17.4|18.1|18.2|18.3|19.1|19.3|19.4|2.1|20.1|20.2|20.3|20.4|20.5|21.2|21.3|21.5|3.1|3.3|3.4|4.3|4.4|6.2|6.3|8.2|8.3|8.4|9.1|9.2|9.3,1.1|10.1|11.2|12.1|17.1|17.5|19.2|2.4|21.1|21.4|4.1
42,20041,43,11,6,9,11,12,11,18,0.2513953403089303,0.13968630223392745,0.6769434010351473,optimal,OSQP,1.3|1.4|11.2|12.1|12.2|12.3|12.4|12.5|16.1|16.2|17.1|17.2|17.3|17.4|17.5|18.1|18.3|19.1|19.2|19.4|2.1|2.4|20.2|20.4|20.5|21.1|21.2|21.3|21.4|21.5|3.1|3.3|3.4|4.1|4.3|4.4|6.3|8.2|8.3|8.4|9.1|9.2|9.3,1.1|1.5|10.1|10.3|11.1|16.3|18.2|19.3|20.1|20.3|6.2
43,20042,43,11,6,9,11,12,11,17,0.10406402898731523,0.07257020645187896,0.7832235332667072,optimal,OSQP,1.1|1.3|1.4|1.5|10.3|11.1|12.2|12.4|12.5|16.1|16.3|17.2|17.3|17.4|17.5|18.1|18.2|18.3|19.1|19.2|19.3|2.1|2.4|20.1|20.2|20.3|20.4|20.5|21.1|21.2|21.4|3.1|3.3|3.4|4.1|4.3|4.4|6.2|8.2|8.3|8.4|9.1|9.2,10.1|11.2|12.1|12.3|16.2|17.1|19.4|21.3|21.5|6.3|9.3
44,20043,43,11,7,9,11,12,11,18,0.10115942535827982,0.06513135302142893,0.7450024522487176,optimal,OSQP,1.1|1.3|1.4|10.1|10.3|11.1|11.2|12.2|12.3|12.4|12.5|16.1|16.2|16.3|17.1|17.2|17.4|17.5|18.2|18.3|19.1|19.3|19.4|2.4|20.1|20.3|20.4|21.1|21.2|21.3|21.4|3.1|3.3|3.4|4.3|4.4|6.2|6.3|8.2|8.3|8.4|9.2|9.3,1.5|12.1|17.3|18.1|19.2|2.1|20.2|20.5|21.5|4.1|9.1
45,20044,43,11,6,9,11,12,11,19,0.2300713933211494,0.11662531608286161,0.7022129932416131,optimal,OSQP,1.3|1.4|1.5|11.1|12.1|12.2|12.3|12.4|12.5|16.1|16.2|16.3|17.1|17.3|17.4|17.5|18.1|18.3|19.1|19.2|19.3|19.4|2.1|2.4|20.1|20.2|20.3|20.5|21.1|21.2|21.4|21.5|3.1|3.3|3.4|4.1|4.3|4.4|8.2|8.3|8.4|9.1|9.2,1.1|10.1|10.3|11.2|17.2|18.2|20.4|21.3|6.2|6.3|9.3
46,20045,43,11,7,9,11,12,11,16,0.0019224080514683953,0.0019224080514683944,0.8035916908948368,optimal,OSQP,1.1|1.3|1.4|1.5|10.1|10.3|11.1|11.2|12.1|12.2|12.3|12.4|16.1|16.2|16.3|17.1|17.3|17.4|18.1|18.2|18.3|19.1|19.2|19.4|2.1|2.4|20.2|20.3|20.4|21.1|21.2|21.4|21.5|3.1|3.3|3.4|4.1|4.3|6.2|8.2|8.4|9.1|9.3,12.5|17.2|17.5|19.3|20.1|20.5|21.3|4.4|6.3|8.3|9.2
47,20046,43,11,6,9,11,12,11,16,0.10015390016405418,0.06718385383028902,0.7720820197305335,optimal,OSQP,1.1|1.3|1.4|10.1|11.2|12.1|12.2|12.3|12.4|16.1|16.3|17.1|17.2|17.3|17.4|17.5|18.1|18.3|19.2|19.3|19.4|2.1|2.4|20.1|20.2|20.3|20.5|21.1|21.2|21.3|21.4|21.5|3.3|3.4|4.3|4.4|6.2|6.3|8.2|8.3|9.1|9.2|9.3,1.5|10.3|11.1|12.5|16.2|18.2|19.1|20.4|3.1|4.1|8.4
48,20047,43,11,6,9,11,12,11,18,0.068702876028443,0.03435143801422151,0.5528244110295155,optimal,OSQP,1.1|1.3|1.4|1.5|10.1|11.1|11.2|12.1|12.2|12.4|16.2|16.3|17.1|17.3|17.4|17.5|18.1|18.2|18.3|19.1|19.2|19.4|2.1|2.4|20.1|20.2|20.4|21.1|21.2|21.3|21.5|3.1|3.3|3.4|4.1|4.4|6.2|6.3|8.2|8.4|9.1|9.2|9.3,10.3|12.3|12.5|16.1|17.2|19.3|20.3|20.5|21.4|4.3|8.3
49,20048,43,11,6,9,11,12,11,20,0.06875121624143873,0.04539376853583837,0.6851118482910394,optimal,OSQP,1.3|1.4|1.5|10.1|10.3|11.1|11.2|12.1|12.2|12.3|12.4|16.1|16.2|16.3|17.1|17.3|17.4|17.5|18.1|18.3|19.1|19.2|19.4|2.1|2.4|20.2|20.3|20.4|20.5|21.2|21.3|21.4|3.1|3.3|3.4|4.1|4.3|4.4|6.2|8.2|8.3|9.1|9.3,1.1|12.5|17.2|18.2|19.3|20.1|21.1|21.5|6.3|8.4|9.2
50,20049,43,11,7,9,11,12,11,20,0.03142287623474942,0.02433170808017747,0.4536986253995572,optimal,OSQP,1.1|1.4|1.5|10.1|11.2|12.1|12.3|12.4|12.5|16.1|16.2|16.3|17.2|17.3|17.4|17.5|18.1|18.2|19.1|19.2|19.3|19.4|2.1|2.4|20.1|20.3|20.4|20.5|21.1|21.2|21.3|21.4|21.5|3.3|3.4|4.1|4.4|6.2|6.3|8.2|8.3|9.1|9.3,1.3|10.3|11.1|12.2|17.1|18.3|20.2|3.1|4.3|8.4|9.2
51,20050,43,11,7,9,11,12,11,22,0.030125061108756672,0.01760824461619529,0.7537165510991763,optimal,OSQP,1.1|1.4|1.5|10.1|10.3|11.1|11.2|12.1|12.2|12.3|12.4|16.1|16.3|17.1|17.2|17.3|17.4|17.5|18.1|18.2|19.1|19.2|19.3|19.4|2.4|20.1|20.2|20.4|20.5|21.2|21.3|21.4|21.5|3.1|3.4|4.1|4.3|6.2|6.3|8.2|8.4|9.2|9.3,1.3|12.5|16.2|18.3|2.1|20.3|21.1|3.3|4.4|8.3|9.1
52,20051,43,11,7,9,11,12,11,21,0.008817461069545389,0.008817461069545389,0.5993852683311709,optimal,OSQP,1.1|1.4|10.1|10.3|11.1|11.2|12.1|12.2|12.3|12.4|12.5|16.1|16.2|16.3|17.2|17.3|17.4|17.5|18.1|18.2|19.1|19.2|19.4|2.1|2.4|20.2|20.3|20.4|20.5|21.1|21.2|21.3|21.4|21.5|3.3|4.1|4.3|4.4|6.2|8.2|8.3|8.4|9.1,1.3|1.5|17.1|18.3|19.3|20.1|3.1|3.4|6.3|9.2|9.3
53,20052,43,11,6,9,11,12,11,22,0.322069859626571,0.18752628964632187,0.496122922418869,optimal,OSQP,1.1|1.4|1.5|10.1|10.3|11.1|11.2|12.1|12.2|12.3|12.4|16.2|16.3|17.1|17.2|17.3|17.4|17.5|18.2|18.3|19.1|19.2|19.3|2.1|2.4|20.4|20.5|21.1|21.2|21.3|21.4|21.5|3.1|3.3|3.4|4.1|4.3|4.4|6.3|8.2|8.3|8.4|9.3,1.3|12.5|16.1|18.1|19.4|20.1|20.2|20.3|6.2|9.1|9.2
54,20053,43,11,6,9,11,12,11,18,0.22918694239684678,0.12632224849587315,0.7350566501917285,optimal,OSQP,1.1|1.3|1.4|1.5|10.3|12.1|12.2|12.3|12.4|16.1|16.3|17.1|17.2|17.3|17.4|17.5|18.2|18.3|19.2|19.3|2.1|2.4|20.1|20.2|20.3|20.4|20.5|21.1|21.2|21.3|21.4|3.1|3.3|3.4|4.1|4.3|6.3|8.2|8.3|8.4|9.1|9.2|9.3,10.1|11.1|11.2|12.5|16.2|18.1|19.1|19.4|21.5|4.4|6.2
55,20054,43,11,6,9,11,12,11,15,0.12256450546539242,0.08201709105989927,0.8343833655348679,optimal,OSQP,1.3|1.4|1.5|10.3|11.1|11.2|12.1|12.2|12.3|12.4|12.5|16.1|16.3|17.1|17.2|17.3|17.5|18.1|18.2|18.3|19.1|19.2|19.3|19.4|2.1|2.4|20.1|20.2|20.3|20.4|21.1|21.2|21.5|3.1|3.3|3.4|4.3|6.2|6.3|8.2|8.3|8.4|9.1,1.1|10.1|16.2|17.4|20.5|21.3|21.4|4.1|4.4|9.2|9.3
56,20055,43,11,6,9,11,12,11,20,0.1950156704881963,0.1264742699651056,0.6195555281284,optimal,OSQP,1.4|1.5|10.3|11.2|12.1|12.2|12.3|12.4|12.5|16.1|16.2|17.1|17.2|17.3|17.4|17.5|18.2|18.3|19.1|19.2|19.4|2.1|2.4|20.1|20.2|20.3|20.4|20.5|21.2|21.4|21.5|3.1|3.3|3.4|4.3|4.4|6.2|6.3|8.2|8.3|8.4|9.1|9.2,1.1|1.3|10.1|11.1|16.3|18.1|19.3|21.1|21.3|4.1|9.3
57,20056,43,11,7,9,11,12,11,15,0.06106453494100597,0.03053226747050299,0.7472813202072666,optimal,OSQP,1.1|1.3|1.4|1.5|10.3|11.1|11.2|12.1|12.2|12.4|12.5|16.2|16.3|17.1|17.2|17.4|17.5|18.1|18.2|18.3|19.1|19.2|19.3|19.4|2.1|2.4|20.1|20.2|20.3|20.4|20.5|21.2|21.4|21.5|3.3|3.4|4.1|4.3|6.2|8.2|9.1|9.2|9.3,10.1|12.3|16.1|17.3|21.1|21.3|3.1|4.4|6.3|8.3|8.4
58,20057,43,11,7,9,11,12,11,21,8.617881992278587e-19,4.303167645562192e-19,0.6217282071516934,optimal,OSQP,1.1|1.3|1.4|1.5|10.3|11.1|11.2|12.1|12.2|12.4|12.5|16.1|16.2|16.3|17.1|17.2|17.3|17.5|18.1|18.2|19.1|19.3|19.4|2.1|2.4|20.1|20.2|20.3|20.5|21.1|21.2|21.3|21.4|3.3|3.4|4.4|6.2|6.3|8.2|8.3|9.1|9.2|9.3,10.1|12.3|17.4|18.3|19.2|20.4|21.5|3.1|4.1|4.3|8.4
59,20058,43,11,7,9,11,12,11,21,0.013369115463458502,0.006684557731729262,0.3762855021486373,optimal,OSQP,1.1|1.3|1.5|10.1|10.3|11.1|11.2|12.1|12.2|12.3|12.4|12.5|16.1|16.2|16.3|17.1|17.2|17.5|18.1|18.2|18.3|19.1|19.2|19.4|2.1|2.4|20.2|20.3|21.1|21.2|21.3|21.4|21.5|3.1|3.3|3.4|4.1|6.2|6.3|8.2|8.3|9.1|9.3,1.4|17.3|17.4|19.3|20.1|20.4|20.5|4.3|4.4|8.4|9.2
60,20059,43,11,6,9,11,12,11,12,0.17272293542914918,0.10491847507133481,0.7757528867473322,optimal,OSQP,1.1|1.3|1.4|10.3|11.1|11.2|12.3|12.4|12.5|16.1|16.2|16.3|17.1|17.3|17.5|18.1|18.2|18.3|19.1|19.2|19.3|19.4|2.4|20.1|20.2|20.3|20.5|21.1|21.2|21.3|21.4|21.5|3.1|4.1|4.3|4.4|6.2|6.3|8.2|8.3|8.4|9.1|9.3,1.5|10.1|12.1|12.2|17.2|17.4|2.1|20.4|3.3|3.4|9.2
61,20060,43,11,7,9,11,12,11,21,9.582215821641655e-18,4.794607372412604e-18,0.698024562477165,optimal,OSQP,1.1|1.3|1.4|11.2|12.1|12.2|12.3|12.4|12.5|16.1|16.2|17.1|17.2|17.3|17.4|17.5|18.1|18.2|19.1|19.2|19.3|19.4|2.1|2.4|20.1|20.4|20.5|21.1|21.2|21.3|21.4|21.5|3.1|3.3|3.4|4.4|6.2|6.3|8.2|8.3|9.1|9.2|9.3,1.5|10.1|10.3|11.1|16.3|18.3|20.2|20.3|4.1|4.3|8.4
62,20061,43,11,7,9,11,12,11,12,0.0049043926765201095,0.0049043926765201095,0.8506489248744944,optimal,OSQP,1.1|1.3|1.4|1.5|10.1|10.3|11.2|12.1|12.2|12.5|16.1|16.2|16.3|17.1|17.3|17.4|17.5|18.1|18.2|19.2|19.4|2.1|2.4|20.1|20.2|20.4|20.5|21.1|21.2|21.3|21.4|21.5|3.1|3.3|4.1|4.3|4.4|6.2|8.2|8.4|9.1|9.2|9.3,11.1|12.3|12.4|17.2|18.3|19.1|19.3|20.3|3.4|6.3|8.3
63,20062,43,11,6,9,11,12,11,17,0.030327538781497493,0.015163769390748764,0.5556215844174637,optimal,OSQP,1.1|1.3|1.4|1.5|10.1|10.3|11.1|12.1|12.2|12.4|12.5|16.1|16.2|16.3|17.1|17.2|17.3|17.5|18.1|18.3|19.2|19.3|19.4|2.1|2.4|20.1|20.2|20.3|20.4|20.5|21.1|21.2|21.5|3.1|3.3|3.4|4.4|6.2|6.3|8.2|8.3|8.4|9.3,11.2|12.3|17.4|18.2|19.1|21.3|21.4|4.1|4.3|9.1|9.2
64,20063,43,11,6,9,11,12,11,23,0.19590141308067827,0.11404253234045461,0.3838635370139438,optimal,OSQP,1.1|1.4|1.5|10.1|11.1|11.2|12.1|12.2|12.3|12.4|12.5|16.1|16.3|17.1|17.2|17.3|17.4|17.5|18.1|18.3|19.1|19.2|19.3|19.4|2.1|20.2|20.3|20.4|20.5|21.2|21.3|21.4|21.5|3.3|3.4|4.4|6.2|6.3|8.2|8.3|9.1|9.2|9.3,1.3|10.3|16.2|18.2|2.4|20.1|21.1|3.1|4.1|4.3|8.4
65,20064,43,11,7,9,11,12,11,18,0.030088135797744987,0.030088135797744987,0.6255518134094566,optimal,OSQP,1.1|1.4|1.5|10.3|11.1|11.2|12.2|12.3|12.5|16.1|16.2|16.3|17.2|17.3|17.4|18.1|18.2|18.3|19.2|19.3|19.4|2.1|2.4|20.1|20.2|20.3|20.4|20.5|21.1|21.2|21.4|3.1|3.4|4.1|4.3|4.4|6.2|6.3|8.2|8.3|8.4|9.1|9.3,1.3|10.1|12.1|12.4|17.1|17.5|19.1|21.3|21.5|3.3|9.2
66,20065,43,11,6,9,11,12,11,18,0.1075132163947793,0.053756608197389665,0.8322179013090256,optimal,OSQP,1.1|1.3|1.5|10.1|10.3|11.1|11.2|12.1|12.2|12.3|12.4|12.5|16.1|16.3|17.1|17.2|17.3|17.4|17.5|18.1|18.3|19.1|19.2|19.3|19.4|2.4|20.1|20.2|20.4|20.5|21.1|21.2|21.4|21.5|3.1|3.3|4.1|4.3|6.2|8.2|8.3|9.2|9.3,1.4|16.2|18.2|2.1|20.3|21.3|3.4|4.4|6.3|8.4|9.1
67,20066,43,11,6,9,11,12,11,19,0.18092850230189805,0.10213878439588368,0.7838564519061497,optimal,OSQP,1.1|1.3|1.4|10.3|11.1|11.2|12.1|12.3|12.4|12.5|16.1|16.2|17.1|17.2|17.3|17.4|17.5|18.2|18.3|19.1|19.2|19.3|19.4|2.1|2.4|20.1|20.2|20.3|20.4|20.5|21.1|21.3|21.4|21.5|3.3|4.1|4.3|4.4|6.2|8.2|8.3|8.4|9.1,1.5|10.1|12.2|16.3|18.1|21.2|3.1|3.4|6.3|9.2|9.3
68,20067,43,11,6,9,11,12,11,21,0.20037976984316466,0.1038260421335213,0.5477172087210229,optimal,OSQP,1.1|1.4|1.5|10.1|10.3|11.1|12.1|12.2|12.3|12.4|16.1|16.2|16.3|17.1|17.3|17.4|17.5|18.2|18.3|19.1|19.2|19.4|2.1|2.4|20.1|20.4|20.5|21.1|21.2|21.3|21.4|21.5|3.1|3.3|3.4|4.1|4.3|4.4|6.2|8.2|8.3|8.4|9.2,1.3|11.2|12.5|17.2|18.1|19.3|20.2|20.3|6.3|9.1|9.3
69,20068,43,11,6,9,11,12,11,20,0.20808827506629768,0.11077950149014153,0.4584818234085033,optimal,OSQP,1.3|1.4|1.5|10.3|11.1|11.2|12.1|12.2|12.3|12.4|12.5|16.1|16.2|16.3|17.1|17.3|17.4|17.5|18.1|18.3|19.1|19.2|19.3|2.1|2.4|20.1|20.3|20.4|21.1|21.2|21.3|21.4|21.5|3.3|3.4|4.1|4.4|6.3|8.2|8.3|9.1|9.2|9.3,1.1|10.1|17.2|18.2|19.4|20.2|20.5|3.1|4.3|6.2|8.4
70,20069,43,11,6,9,11,12,11,15,0.10708900811444283,0.053544504057221436,0.7795319762090744,optimal,OSQP,1.1|1.3|1.4|1.5|10.1|10.3|11.1|12.1|12.2|12.3|16.2|16.3|17.2|17.3|17.4|17.5|18.1|18.2|18.3|19.1|19.2|19.4|2.1|20.1|20.2|20.4|20.5|21.1|21.3|21.4|21.5|3.1|3.3|3.4|4.1|4.3|6.2|6.3|8.2|8.3|8.4|9.1|9.3,11.2|12.4|12.5|16.1|17.1|19.3|2.4|20.3|21.2|4.4|9.2
71,20070,43,11,8,9,11,12,11,17,1.5054308648132102e-20,1.2738650344901951e-20,0.7828157595177108,optimal,OSQP,1.1|1.3|1.4|10.1|10.3|11.1|12.2|12.3|12.4|12.5|16.1|16.2|16.3|17.1|17.2|17.4|17.5|18.1|18.2|19.1|19.2|19.3|19.4|2.1|20.1|20.2|20.3|20.4|20.5|21.2|21.3|21.5|3.1|3.3|3.4|4.1|4.3|4.4|6.2|8.3|8.4|9.1|9.2,1.5|11.2|12.1|17.3|18.3|2.4|21.1|21.4|6.3|8.2|9.3
72,20071,43,11,6,9,11,12,11,16,0.1493696429075867,0.08285371470718744,0.8687662164926291,optimal,OSQP,1.3|1.4|1.5|11.1|11.2|12.2|12.3|12.4|12.5|16.1|16.3|17.1|17.2|17.3|17.4|17.5|18.1|18.3|19.1|19.2|19.3|19.4|2.1|2.4|20.1|20.3|20.4|21.2|21.3|21.4|21.5|3.1|3.3|3.4|4.1|4.3|4.4|6.2|8.3|8.4|9.1|9.2|9.3,1.1|10.1|10.3|12.1|16.2|18.2|20.2|20.5|21.1|6.3|8.2
73,20072,43,11,7,9,11,12,11,15,0.00543412852923545,0.00543412852923545,0.7864072982680806,optimal,OSQP,1.1|1.3|1.4|1.5|10.1|11.1|11.2|12.3|12.4|12.5|16.1|16.2|16.3|17.1|17.2|17.3|17.4|17.5|18.1|19.1|19.2|19.3|2.1|2.4|20.1|20.2|20.3|21.1|21.2|21.4|21.5|3.1|3.3|3.4|4.1|4.3|6.2|6.3|8.2|8.3|8.4|9.1|9.3,10.3|12.1|12.2|18.2|18.3|19.4|20.4|20.5|21.3|4.4|9.2
74,20073,43,11,6,9,11,12,11,17,0.2031555552460334,0.12415883352296915,0.6356741158249464,optimal,OSQP,1.1|1.3|1.5|10.3|11.1|12.1|12.2|12.4|12.5|16.1|16.3|17.1|17.3|17.4|17.5|18.1|18.2|18.3|19.1|19.2|19.4|2.1|2.4|20.2|20.3|20.4|21.1|21.2|21.3|21.4|21.5|3.1|3.3|3.4|4.1|4.3|4.4|6.3|8.3|8.4|9.1|9.2|9.3,1.4|10.1|11.2|12.3|16.2|17.2|19.3|20.1|20.5|6.2|8.2
75,20074,43,11,6,9,11,12,11,24,0.16749695007436632,0.11992681383421983,0.5507209334977792,optimal,OSQP,1.1|1.3|1.4|1.5|10.1|10.3|11.2|12.1|12.2|12.3|12.4|12.5|16.1|16.3|17.1|17.2|17.3|17.5|18.1|18.2|18.3|19.1|19.2|19.4|2.1|2.4|20.1|20.2|20.3|20.4|21.1|21.2|21.3|21.4|21.5|3.1|3.3|4.3|6.3|8.2|8.3|8.4|9.1,11.1|16.2|17.4|19.3|20.5|3.4|4.1|4.4|6.2|9.2|9.3
76,20075,43,11,6,9,11,12,11,22,0.17174354567716948,0.11030376311926957,0.5043522022849005,optimal,OSQP,1.1|1.3|1.5|10.1|11.1|11.2|12.2|12.3|12.4|12.5|16.1|16.2|17.1|17.2|17.3|17.4|17.5|18.2|18.3|19.1|19.2|19.3|19.4|2.4|20.2|20.3|20.4|20.5|21.1|21.2|21.3|21.5|3.1|3.3|4.1|4.3|4.4|6.3|8.2|8.4|9.1|9.2|9.3,1.4|10.3|12.1|16.3|18.1|2.1|20.1|21.4|3.4|6.2|8.3
77,20076,43,11,6,9,11,12,11,18,0.22130617937408464,0.1329501075439315,0.6459620709479994,optimal,OSQP,1.3|1.4|10.1|10.3|11.1|12.1|12.2|12.3|12.4|12.5|16.1|16.2|16.3|17.1|17.2|17.3|17.4|17.5|18.3|19.2|19.3|19.4|2.1|20.1|20.3|20.4|20.5|21.1|21.2|21.3|21.5|3.1|3.3|3.4|4.1|4.3|4.4|6.3|8.2|8.3|8.4|9.1|9.2,1.1|1.5|11.2|18.1|18.2|19.1|2.4|20.2|21.4|6.2|9.3
78,20077,43,11,6,9,11,12,11,19,0.10960976583655703,0.060015028626446254,0.4501320739774066,optimal,OSQP,1.1|1.3|1.4|10.1|10.3|11.1|11.2|12.1|12.2|12.3|12.4|12.5|16.2|16.3|17.2|17.3|17.4|17.5|18.1|18.2|18.3|19.1|19.2|19.3|19.4|2.4|20.1|20.2|20.3|20.4|20.5|21.2|21.3|21.4|3.1|3.4|4.1|4.3|4.4|8.2|9.1|9.2|9.3,1.5|16.1|17.1|2.1|21.1|21.5|3.3|6.2|6.3|8.3|8.4
79,20078,43,11,7,9,11,12,11,12,0.008367774487696107,0.008367774487696107,0.9103684327738637,optimal,OSQP,1.3|1.5|10.1|10.3|11.1|11.2|12.1|12.3|12.4|12.5|16.1|16.2|16.3|17.1|17.2|17.3|17.4|17.5|18.2|19.1|19.2|19.3|19.4|2.1|20.1|20.3|20.4|20.5|21.2|21.3|21.4|21.5|3.3|3.4|4.1|4.3|4.4|6.2|6.3|8.2|8.3|9.1|9.2,1.1|1.4|12.2|18.1|18.3|2.4|20.2|21.1|3.1|8.4|9.3
80,20079,43,11,6,9,11,12,11,19,0.12371164367344115,0.08356013640835085,0.8115217480384028,optimal,OSQP,1.1|1.3|1.4|10.1|10.3|11.1|12.1|12.2|12.3|12.4|12.5|16.1|16.3|17.1|17.2|17.3|17.4|17.5|18.1|18.3|19.1|19.2|19.3|2.1|2.4|20.1|20.2|20.4|20.5|21.1|21.2|21.3|21.4|21.5|3.3|3.4|4.3|4.4|6.2|8.2|8.4|9.1|9.2,1.5|11.2|16.2|18.2|19.4|20.3|3.1|4.1|6.3|8.3|9.3
81,20080,43,11,7,9,11,12,11,19,0.012982781068416377,0.012495275665879024,0.710636669550341,optimal,OSQP,1.1|1.3|1.4|1.5|10.1|10.3|11.1|11.2|12.2|12.4|12.5|16.1|16.2|16.3|17.1|17.2|17.4|17.5|18.2|18.3|19.1|19.2|19.3|2.1|2.4|20.2|20.3|20.4|21.1|21.2|21.4|21.5|3.1|3.3|3.4|4.1|4.3|6.2|6.3|8.2|8.4|9.1|9.3,12.1|12.3|17.3|18.1|19.4|20.1|20.5|21.3|4.4|8.3|9.2
82,20081,43,11,6,9,11,12,11,17,0.1580136083599077,0.09761799046445184,0.6546356024212522,optimal,OSQP,1.1|1.3|1.4|1.5|10.1|10.3|11.1|11.2|12.1|12.2|12.3|12.5|16.1|16.2|17.2|17.3|17.4|17.5|18.1|18.2|18.3|19.2|19.3|19.4|2.1|20.1|20.2|20.4|20.5|21.1|21.2|21.4|21.5|3.1|3.4|4.3|4.4|6.3|8.2|8.4|9.1|9.2|9.3,12.4|16.3|17.1|19.1|2.4|20.3|21.3|3.3|4.1|6.2|8.3
83,20082,43,11,6,9,11,12,11,20,0.09149816824612551,0.04574908412306278,0.5119455199116512,optimal,OSQP,1.1|1.3|1.4|1.5|10.1|10.3|11.2|12.1|12.2|12.3|12.4|16.2|16.3|17.2|17.3|17.4|17.5|18.1|18.2|18.3|19.1|19.2|19.3|2.1|2.4|20.1|20.2|20.3|20.4|20.5|21.2|21.4|21.5|3.1|3.3|3.4|4.4|6.2|6.3|8.2|8.3|9.2|9.3,11.1|12.5|16.1|17.1|19.4|21.1|21.3|4.1|4.3|8.4|9.1
84,20083,43,11,7,9,11,12,11,14,1.9081871331896888e-20,1.9081871325896076e-20,0.849278110671388,optimal,OSQP,1.1|1.3|1.4|1.5|10.1|11.1|11.2|12.1|12.2|12.4|12.5|16.1|16.2|16.3|17.1|17.2|17.3|17.5|18.1|18.2|19.1|19.2|19.3|19.4|2.4|20.2|20.3|20.4|20.5|21.1|21.2|21.3|21.4|21.5|3.4|4.3|6.2|6.3|8.2|8.4|9.1|9.2|9.3,10.3|12.3|17.4|18.3|2.1|20.1|3.1|3.3|4.1|4.4|8.3
85,20084,43,11,6,9,11,12,11,16,0.12637093033375102,0.06318546516687552,0.6824092111575696,optimal,OSQP,1.1|1.3|1.4|1.5|10.1|10.3|11.2|12.2|12.3|12.4|12.5|16.2|16.3|17.1|17.3|17.4|17.5|18.1|18.2|18.3|19.1|19.2|19.3|2.4|20.2|20.3|20.4|20.5|21.1|21.3|21.4|21.5|3.1|3.3|3.4|4.3|4.4|6.2|8.2|8.3|8.4|9.1|9.3,11.1|12.1|16.1|17.2|19.4|2.1|20.1|21.2|4.1|6.3|9.2
86,20085,43,11,7,9,11,12,11,22,0.014865624334462469,0.014865624326039948,0.670939134500915,optimal,OSQP,1.1|1.3|1.5|10.1|11.1|12.1|12.2|12.3|12.5|16.1|16.2|16.3|17.1|17.2|17.3|17.4|17.5|18.2|19.3|19.4|2.1|2.4|20.2|20.3|20.5|21.1|21.2|21.3|21.4|21.5|3.1|3.3|3.4|4.1|4.3|4.4|6.3|8.2|8.3|8.4|9.1|9.2|9.3,1.4|10.3|11.2|12.4|18.1|18.3|19.1|19.2|20.1|20.4|6.2
87,20086,43,11,6,9,11,12,11,18,0.13071227593012325,0.06535613796506162,0.7584026173645156,optimal,OSQP,1.1|1.3|1.5|10.1|10.3|11.1|11.2|12.1|12.2|12.3|12.4|12.5|16.1|16.2|16.3|17.2|17.3|17.4|17.5|18.1|18.3|19.1|19.3|19.4|2.1|2.4|20.3|20.4|20.5|21.1|21.2|21.3|21.4|21.5|3.1|3.4|4.1|4.3|6.2|8.2|8.3|8.4|9.3,1.4|17.1|18.2|19.2|20.1|20.2|3.3|4.4|6.3|9.1|9.2
88,20087,43,11,7,9,11,12,11,16,3.13173393840752e-18,1.5666270897192212e-18,0.8963660632360723,optimal,OSQP,1.1|1.3|1.4|1.5|10.1|10.3|11.1|12.1|12.3|12.4|12.5|16.1|16.2|16.3|17.2|17.3|17.4|18.1|18.2|18.3|19.1|19.2|19.3|2.1|2.4|20.1|20.2|20.3|20.4|20.5|21.1|21.3|21.4|3.1|3.3|3.4|4.3|6.2|6.3|8.2|8.3|8.4|9.2,11.2|12.2|17.1|17.5|19.4|21.2|21.5|4.1|4.4|9.1|9.3
89,20088,43,11,7,9,11,12,11,11,0.01879501637586118,0.01879501637586118,0.836406909005434,optimal,OSQP,1.1|1.3|1.4|1.5|10.3|11.1|11.2|12.1|12.3|12.4|16.2|16.3|17.1|17.2|17.3|17.4|18.1|18.2|18.3|19.1|19.2|19.3|19.4|2.1|20.1|20.2|20.3|20.4|20.5|21.3|21.4|21.5|3.3|3.4|4.3|4.4|6.2|6.3|8.2|8.4|9.1|9.2|9.3,10.1|12.2|12.5|16.1|17.5|2.4|21.1|21.2|3.1|4.1|8.3
90,20089,43,11,6,9,11,12,11,15,0.15604817584506434,0.09074478489569145,0.7885027757876776,optimal,OSQP,1.3|1.4|1.5|10.1|10.3|11.2|12.1|12.2|12.3|12.4|16.2|16.3|17.1|17.2|17.3|17.4|17.5|18.1|18.3|19.1|19.2|19.3|19.4|2.1|2.4|20.1|20.2|20.3|20.4|20.5|21.3|21.4|21.5|3.1|3.3|3.4|4.3|4.4|6.2|6.3|8.2|8.4|9.2,1.1|11.1|12.5|16.1|18.2|21.1|21.2|4.1|8.3|9.1|9.3
91,20090,43,11,7,9,11,12,11,19,0.0761036287734414,0.03805181438672075,0.6781774785597264,optimal,OSQP,1.1|1.3|1.4|1.5|10.3|11.1|12.2|12.3|12.5|16.1|16.3|17.1|17.2|17.4|17.5|18.1|18.2|18.3|19.1|19.2|2.1|2.4|20.1|20.2|20.3|20.4|20.5|21.2|21.4|21.5|3.1|3.3|3.4|4.1|4.4|6.2|6.3|8.2|8.3|8.4|9.1|9.2|9.3,10.1|11.2|12.1|12.4|16.2|17.3|19.3|19.4|21.1|21.3|4.3
92,20091,43,11,6,9,11,12,11,21,0.17544974547653003,0.10602900247057155,0.5933924160241457,optimal,OSQP,1.3|1.4|1.5|10.1|10.3|11.1|11.2|12.1|12.2|12.3|12.5|16.2|17.1|17.2|17.3|17.4|17.5|18.1|18.2|18.3|19.1|19.2|19.4|2.1|20.2|20.3|20.4|20.5|21.2|21.3|21.4|21.5|3.1|3.4|4.1|4.3|4.4|6.3|8.2|8.3|9.1|9.2|9.3,1.1|12.4|16.1|16.3|19.3|2.4|20.1|21.1|3.3|6.2|8.4
93,20092,43,11,6,9,11,12,11,20,0.18036569534667668,0.11531808173605149,0.5167267074318297,optimal,OSQP,1.1|1.3|1.4|1.5|10.1|10.3|11.1|11.2|12.1|12.2|12.4|12.5|16.3|17.1|17.2|17.3|17.4|17.5|18.1|18.2|18.3|19.1|19.2|19.3|19.4|2.4|20.1|20.3|20.4|20.5|21.1|21.3|21.4|21.5|3.3|3.4|4.3|4.4|6.3|8.4|9.1|9.2|9.3,12.3|16.1|16.2|2.1|20.2|21.2|3.1|4.1|6.2|8.2|8.3
94,20093,43,11,7,9,11,12,11,15,0.00245726019385282,0.00245726019385282,0.820857264896531,optimal,OSQP,1.3|1.4|10.1|10.3|11.1|12.1|12.2|12.3|12.5|16.1|16.2|16.3|17.1|17.2|17.3|17.4|18.1|18.3|19.1|19.3|19.4|2.1|2.4|20.1|20.2|20.3|20.4|21.2|21.3|21.4|21.5|3.1|3.3|3.4|4.1|4.3|4.4|6.2|6.3|8.2|9.1|9.2|9.3,1.1|1.5|11.2|12.4|17.5|18.2|19.2|20.5|21.1|8.3|8.4
95,20094,43,11,7,9,11,12,11,23,0.09688689105772552,0.048443445528862775,0.5043961631489824,optimal,OSQP,1.1|1.4|1.5|10.1|11.1|11.2|12.1|12.2|12.3|12.5|16.1|16.2|17.1|17.2|17.4|17.5|18.1|18.2|18.3|19.1|19.2|19.3|19.4|2.1|2.4|20.1|20.2|20.4|20.5|21.1|21.3|21.4|21.5|3.1|3.4|4.1|4.4|6.2|6.3|8.2|8.3|8.4|9.3,1.3|10.3|12.4|16.3|17.3|20.3|21.2|3.3|4.3|9.1|9.2
96,20095,43,11,7,9,11,12,11,18,0.10303255995254271,0.051516279976271416,0.5057102048470785,optimal,OSQP,1.3|1.4|10.1|11.1|12.1|12.2|12.3|12.4|12.5|16.2|16.3|17.1|17.2|17.4|17.5|18.1|18.2|18.3|19.2|19.4|2.1|2.4|20.1|20.2|20.3|20.4|20.5|21.1|21.2|21.3|21.5|3.1|3.4|4.1|4.4|6.2|6.3|8.2|8.3|8.4|9.1|9.2|9.3,1.1|1.5|10.3|11.2|16.1|17.3|19.1|19.3|21.4|3.3|4.3
97,20096,43,11,6,9,11,12,11,21,0.08129930201989181,0.04064965100994593,0.4391417947334185,optimal,OSQP,1.1|1.3|1.5|10.1|10.3|11.1|12.1|12.2|12.3|12.4|12.5|16.2|16.3|17.2|17.3|17.4|17.5|18.1|18.2|18.3|19.1|19.3|19.4|2.1|2.4|20.1|20.2|20.3|20.5|21.1|21.2|21.3|21.4|21.5|3.1|3.4|4.4|6.2|6.3|8.3|8.4|9.1|9.2,1.4|11.2|16.1|17.1|19.2|20.4|3.3|4.1|4.3|8.2|9.3
98,20097,43,11,6,9,11,12,11,20,0.2168833500282314,0.13493686425240278,0.5779897065485802,optimal,OSQP,1.1|1.3|1.4|1.5|10.1|10.3|11.2|12.1|12.2|12.3|12.4|16.3|17.1|17.2|17.3|17.4|17.5|18.1|18.2|18.3|19.1|19.2|19.4|2.1|2.4|20.1|20.2|20.3|20.4|20.5|21.1|21.2|21.3|21.4|3.1|3.4|4.1|4.3|6.3|8.2|8.3|9.2|9.3,11.1|12.5|16.1|16.2|19.3|21.5|3.3|4.4|6.2|8.4|9.1
99,20098,43,11,7,9,11,12,11,19,8.2866651615119e-18,4.13640936604931e-18,0.6681257608742754,optimal,OSQP,1.1|1.3|1.4|1.5|10.1|11.1|11.2|12.2|12.3|12.5|16.1|16.2|16.3|17.1|17.2|17.3|18.1|18.2|18.3|19.1|19.2|19.3|19.4|2.1|2.4|20.1|20.2|20.3|20.5|21.1|21.3|21.5|3.1|3.3|3.4|4.1|4.4|6.2|6.3|8.2|8.3|9.2|9.3,10.3|12.1|12.4|17.4|17.5|20.4|21.2|21.4|4.3|8.4|9.1
100,20099,43,11,6,9,11,12,11,14,0.07830956549438794,0.045232933832152315,0.8123028176559647,optimal,OSQP,1.1|1.3|1.4|1.5|10.1|10.3|11.1|11.2|12.1|12.2|12.3|12.4|16.1|16.3|17.1|17.2|17.3|17.4|17.5|18.2|18.3|19.1|19.2|19.4|20.2|20.3|20.4|21.2|21.3|21.4|21.5|3.1|3.3|3.4|4.3|6.2|6.3|8.2|8.3|8.4|9.1|9.2|9.3,12.5|16.2|18.1|19.3|2.1|2.4|20.1|20.5|21.1|4.1|4.4
101,20100,43,11,6,9,11,12,11,21,0.0957321981916473,0.04786609909582371,0.42841770286483605,optimal,OSQP,1.1|1.4|1.5|10.1|11.1|11.2|12.1|12.2|12.3|12.4|12.5|16.1|16.2|16.3|17.2|17.3|17.5|18.1|18.2|18.3|19.1|19.3|19.4|2.4|20.1|20.3|20.4|20.5|21.2|21.3|21.4|21.5|3.1|3.4|4.1|4.4|6.2|8.2|8.3|8.4|9.1|9.2|9.3,1.3|10.3|17.1|17.4|19.2|2.1|20.2|21.1|3.3|4.3|6.3
102,20101,43,11,6,9,11,12,11,20,0.2858570348828719,0.15148795788495661,0.7104711438251201,optimal,OSQP,1.3|1.4|10.1|10.3|11.1|12.1|12.2|12.3|12.4|12.5|16.2|17.1|17.2|17.3|17.4|17.5|18.1|18.2|18.3|19.1|19.2|2.1|20.1|20.3|20.4|20.5|21.1|21.2|21.3|21.4|21.5|3.3|3.4|4.1|4.3|4.4|6.3|8.2|8.3|8.4|9.1|9.2|9.3,1.1|1.5|11.2|16.1|16.3|19.3|19.4|2.4|20.2|3.1|6.2
103,20102,43,11,7,9,11,12,11,12,5.040501246639658e-18,2.5207981533939883e-18,0.914972835884543,optimal,OSQP,1.1|1.3|1.5|10.1|10.3|11.1|12.2|12.3|12.4|16.1|16.2|17.1|17.2|17.3|17.4|18.1|18.2|18.3|19.1|19.2|19.3|19.4|2.1|2.4|20.1|20.2|20.3|20.4|20.5|21.1|21.2|21.4|3.1|3.3|3.4|4.1|4.3|4.4|6.2|6.3|8.2|8.3|9.2,1.4|11.2|12.1|12.5|16.3|17.5|21.3|21.5|8.4|9.1|9.3
104,20103,43,11,6,9,11,12,11,16,0.15724606782549222,0.07862303391274614,0.8441045873866507,optimal,OSQP,1.1|1.3|1.4|1.5|10.3|11.1|12.2|12.3|12.5|16.1|16.2|17.1|17.2|17.3|17.4|17.5|18.1|18.3|19.1|19.2|19.3|19.4|2.4|20.1|20.2|20.4|20.5|21.2|21.3|21.4|21.5|3.1|3.3|3.4|4.1|4.3|4.4|6.2|8.2|8.4|9.1|9.2|9.3,10.1|11.2|12.1|12.4|16.3|18.2|2.1|20.3|21.1|6.3|8.3
105,20104,43,11,6,9,11,12,11,12,0.18998550129768704,0.11539136901786635,0.8697924114780561,optimal,OSQP,1.3|1.4|1.5|10.3|11.1|11.2|12.1|12.3|12.4|16.1|16.3|17.1|17.3|17.4|17.5|18.1|18.2|18.3|19.1|19.2|19.3|2.1|20.1|20.3|20.4|20.5|21.1|21.2|21.4|21.5|3.3|3.4|4.1|4.3|4.4|6.2|6.3|8.2|8.3|8.4|9.1|9.2|9.3,1.1|10.1|12.2|12.5|16.2|17.2|19.4|2.4|20.2|21.3|3.1
106,20105,43,11,6,9,11,12,11,18,0.08983007026579573,0.061262309294039974,0.7631628189072817,optimal,OSQP,1.3|1.4|1.5|10.1|10.3|11.1|12.1|12.2|12.3|12.4|16.1|16.2|16.3|17.1|17.3|17.4|17.5|18.1|18.3|19.2|19.3|19.4|2.4|20.1|20.2|20.3|20.4|21.1|21.2|21.3|21.4|3.1|3.3|3.4|4.3|4.4|6.2|6.3|8.3|8.4|9.1|9.2|9.3,1.1|11.2|12.5|17.2|18.2|19.1|2.1|20.5|21.5|4.1|8.2
107,20106,43,11,7,9,11,12,11,19,0.029224072164568293,0.029224072164568293,0.7534865612782491,optimal,OSQP,1.1|1.3|1.4|1.5|10.1|10.3|11.1|11.2|12.1|12.2|12.5|16.1|16.2|16.3|17.1|17.2|17.5|18.1|18.2|18.3|19.1|19.2|19.3|19.4|2.4|20.1|20.2|20.3|20.4|21.1|21.2|21.3|21.4|3.3|3.4|4.1|4.3|4.4|6.2|8.2|8.4|9.1|9.3,12.3|12.4|17.3|17.4|2.1|20.5|21.5|3.1|6.3|8.3|9.2
108,20107,43,11,6,9,11,12,11,21,0.1654344864809369,0.09952334712295527,0.46188471808722265,optimal,OSQP,1.3|1.4|1.5|10.1|11.1|11.2|12.1|12.2|12.4|12.5|16.2|16.3|17.1|17.2|17.3|17.4|17.5|18.2|18.3|19.1|19.3|19.4|2.1|2.4|20.1|20.2|20.3|20.4|21.1|21.3|21.4|3.1|3.3|3.4|4.1|4.3|4.4|6.3|8.2|8.3|8.4|9.2|9.3,1.1|10.3|12.3|16.1|18.1|19.2|20.5|21.2|21.5|6.2|9.1
109,20108,43,11,6,9,11,12,11,13,0.08326010140701745,0.04200402519013368,0.7684831564831498,optimal,OSQP,1.1|1.3|1.4|1.5|10.1|10.3|11.1|11.2|12.1|12.2|12.3|12.4|16.1|16.2|16.3|17.1|17.3|17.5|18.1|18.2|18.3|19.1|19.2|19.4|2.4|20.1|20.2|20.5|21.2|21.3|21.4|21.5|3.1|3.3|3.4|4.1|4.3|6.2|8.2|8.4|9.1|9.2|9.3,12.5|17.2|17.4|19.3|2.1|20.3|20.4|21.1|4.4|6.3|8.3
110,20109,43,11,6,9,11,12,11,16,0.14438394760228984,0.07854850357334354,0.6730695829334911,optimal,OSQP,1.1|1.5|10.1|10.3|11.1|12.1|12.2|12.3|12.5|16.1|16.2|17.1|17.2|17.3|17.4|17.5|18.1|18.3|19.1|19.2|19.3|19.4|20.1|20.2|20.3|20.4|20.5|21.1|21.2|21.3|21.4|3.1|3.4|4.1|4.3|4.4|6.2|6.3|8.2|8.3|8.4|9.1|9.3,1.3|1.4|11.2|12.4|16.3|18.2|2.1|2.4|21.5|3.3|9.2
111,20110,43,11,6,9,11,12,11,24,0.3005346672556992,0.18139932407776094,0.5922853162243833,optimal,OSQP,1.1|1.3|1.4|1.5|10.1|10.3|11.1|12.1|12.3|12.4|12.5|16.1|16.2|17.1|17.3|17.4|17.5|18.1|18.2|18.3|19.1|19.2|2.1|2.4|20.1|20.2|20.3|20.4|20.5|21.1|21.2|21.3|21.5|3.3|3.4|4.1|4.3|6.3|8.2|8.3|9.1|9.2|9.3,11.2|12.2|16.3|17.2|19.3|19.4|21.4|3.1|4.4|6.2|8.4
112,20111,43,11,7,9,11,12,11,14,8.839076436964309e-21,8.839076429963361e-21,0.8470112069058252,optimal,OSQP,1.3|1.4|1.5|10.1|10.3|11.2|12.2|12.3|12.5|16.1|16.2|16.3|17.1|17.2|17.3|18.1|18.2|18.3|19.1|19.2|19.3|19.4|2.1|20.1|20.2|20.3|20.4|20.5|21.1|21.3|21.4|21.5|3.1|3.4|4.1|4.3|4.4|6.2|6.3|8.2|8.3|8.4|9.3,1.1|11.1|12.1|12.4|17.4|17.5|2.4|21.2|3.3|9.1|9.2
113,20112,43,11,6,9,11,12,11,20,0.13266338318233167,0.08437925360196905,0.48788588228360297,optimal,OSQP,1.4|1.5|10.1|10.3|11.1|12.1|12.2|12.4|12.5|16.2|16.3|17.1|17.2|17.3|17.4|17.5|18.1|18.3|19.1|19.2|19.4|2.4|20.1|20.3|20.4|20.5|21.1|21.2|21.3|21.4|21.5|3.1|3.3|4.1|4.3|4.4|6.2|6.3|8.2|8.3|9.1|9.2|9.3,1.1|1.3|11.2|12.3|16.1|18.2|19.3|2.1|20.2|3.4|8.4
114,20113,43,11,6,9,11,12,11,19,0.20595866209302943,0.12105740561827666,0.5513124646630598,optimal,OSQP,1.1|1.3|1.4|1.5|10.1|10.3|11.1|11.2|12.2|12.3|12.4|16.2|16.3|17.1|17.2|17.3|17.4|17.5|18.1|18.3|19.1|19.2|19.3|19.4|2.1|2.4|20.1|20.2|20.3|20.5|21.2|21.3|21.4|21.5|3.1|3.4|4.1|4.3|4.4|6.3|8.3|9.2|9.3,12.1|12.5|16.1|18.2|20.4|21.1|3.3|6.2|8.2|8.4|9.1
115,20114,43,11,6,9,11,12,11,21,0.03153929033593539,0.01576964516796775,0.5615082699788789,optimal,OSQP,1.3|1.4|1.5|10.1|11.1|11.2|12.1|12.2|12.3|12.4|12.5|16.1|16.2|16.3|17.2|17.3|17.5|18.1|18.2|18.3|19.1|19.2|19.3|19.4|2.1|2.4|20.3|20.4|20.5|21.1|21.2|21.3|21.4|21.5|3.3|3.4|4.1|4.4|6.2|8.2|8.3|9.1|9.3,1.1|10.3|17.1|17.4|20.1|20.2|3.1|4.3|6.3|8.4|9.2
116,20115,43,11,7,9,11,12,11,15,0.0140029960886975,0.0140029960886975,0.8171935353104528,optimal,OSQP,1.1|1.3|10.1|10.3|11.2|12.1|12.3|12.4|12.5|16.1|16.2|16.3|17.1|17.2|17.3|17.4|17.5|18.2|19.1|19.2|19.3|19.4|20.1|20.2|20.3|20.4|21.1|21.2|21.3|21.5|3.1|3.3|3.4|4.1|4.3|4.4|6.2|6.3|8.2|8.4|9.1|9.2|9.3,1.4|1.5|11.1|12.2|18.1|18.3|2.1|2.4|20.5|21.4|8.3
117,20116,43,11,7,9,11,12,11,14,0.008335669639954434,0.008335666979598427,0.8844326643003678,optimal,OSQP,1.1|1.3|1.4|1.5|10.1|11.1|11.2|12.2|12.3|12.5|16.1|16.2|16.3|17.1|17.3|17.4|17.5|18.1|18.2|19.1|19.2|19.3|2.1|2.4|20.2|20.3|20.4|20.5|21.1|21.2|21.4|3.1|3.3|3.4|4.1|4.3|6.2|6.3|8.2|8.3|8.4|9.2|9.3,10.3|12.1|12.4|17.2|18.3|19.4|20.1|21.3|21.5|4.4|9.1
118,20117,43,11,6,9,11,12,11,24,0.26538438334999614,0.17931688678360322,0.32288952643887114,optimal,OSQP,1.1|1.4|1.5|11.1|11.2|12.1|12.2|12.3|12.4|12.5|16.1|17.1|17.2|17.3|17.4|17.5|18.1|18.2|18.3|19.1|19.2|19.3|19.4|2.1|2.4|20.1|20.2|20.3|20.4|20.5|21.1|21.2|3.1|3.3|3.4|4.1|4.3|6.3|8.2|8.3|8.4|9.1|9.3,1.3|10.1|10.3|16.2|16.3|21.3|21.4|21.5|4.4|6.2|9.2
119,20118,43,11,6,9,11,12,11,22,0.133593921290422,0.07009917075914472,0.3513709684641365,optimal,OSQP,1.1|1.3|1.4|1.5|10.1|10.3|11.1|11.2|12.1|12.2|12.3|12.4|12.5|16.2|16.3|17.2|17.3|17.4|17.5|18.1|18.2|18.3|19.1|19.2|19.3|19.4|2.4|20.1|20.2|20.3|20.5|21.2|21.3|21.4|21.5|3.1|3.4|4.4|6.3|8.3|8.4|9.1|9.3,16.1|17.1|2.1|20.4|21.1|3.3|4.1|4.3|6.2|8.2|9.2
120,20119,43,11,7,9,11,12,11,15,0.07109497439773703,0.07109497439773703,0.7776876212467503,optimal,OSQP,1.1|1.3|1.4|1.5|10.1|10.3|11.1|11.2|12.1|12.3|12.5|16.1|16.3|17.1|17.2|17.4|17.5|18.1|18.2|18.3|19.1|19.2|19.4|2.1|20.1|20.2|20.3|20.5|21.1|21.2|21.4|21.5|3.1|3.3|4.1|4.3|4.4|6.2|8.2|8.3|8.4|9.1|9.2,12.2|12.4|16.2|17.3|19.3|2.4|20.4|21.3|3.4|6.3|9.3
121,20120,43,11,7,9,11,12,11,21,0.004967286441829935,0.004967286441829935,0.6714741234857876,optimal,OSQP,1.1|1.5|10.1|11.1|11.2|12.1|12.2|12.4|12.5|16.1|16.2|16.3|17.1|17.2|17.3|17.4|18.2|18.3|19.1|19.3|2.1|2.4|20.3|20.4|21.1|21.2|21.3|21.4|21.5|3.1|3.3|3.4|4.1|4.3|4.4|6.2|6.3|8.2|8.3|8.4|9.1|9.2|9.3,1.3|1.4|10.3|12.3|17.5|18.1|19.2|19.4|20.1|20.2|20.5
122,20121,43,11,6,9,11,12,11,18,0.13684228084745087,0.10703681925149876,0.7746029557369877,optimal,OSQP,1.3|1.4|1.5|10.1|10.3|11.1|11.2|12.1|12.3|12.4|12.5|16.1|17.1|17.2|17.3|17.4|17.5|18.1|18.2|18.3|19.1|19.4|2.1|2.4|20.2|20.3|20.4|20.5|21.2|21.3|21.4|21.5|3.3|3.4|4.3|4.4|6.2|6.3|8.2|8.3|8.4|9.1|9.3,1.1|12.2|16.2|16.3|19.2|19.3|20.1|21.1|3.1|4.1|9.2
123,20122,43,11,7,9,11,12,11,9,4.3170297600047256e-10,4.161600923674852e-10,0.9505202389480539,optimal,OSQP,1.1|1.3|1.4|1.5|10.3|11.1|12.1|12.5|16.1|16.2|16.3|17.1|17.2|17.3|17.5|18.1|18.2|19.1|19.2|19.4|2.1|2.4|20.2|20.3|20.4|21.1|21.2|21.3|21.4|21.5|3.1|3.3|3.4|4.1|4.3|4.4|6.2|6.3|8.3|8.4|9.1|9.2|9.3,10.1|11.2|12.2|12.3|12.4|17.4|18.3|19.3|20.1|20.5|8.2
124,20123,43,11,7,9,11,12,11,20,0.05216679590861338,0.0496600675688312,0.6639049999850362,optimal,OSQP,1.1|1.3|1.4|1.5|10.1|10.3|11.1|12.1|12.4|12.5|16.1|16.2|16.3|17.1|17.2|17.3|17.4|17.5|18.2|19.1|19.2|19.3|2.1|2.4|20.1|20.2|20.3|20.4|20.5|21.1|21.2|21.3|21.4|21.5|3.1|4.1|4.3|4.4|6.3|8.2|8.4|9.1|9.2,11.2|12.2|12.3|18.1|18.3|19.4|3.3|3.4|6.2|8.3|9.3
125,20124,43,11,6,9,11,12,11,21,0.17583257030971705,0.12545940890312474,0.5189562121581909,optimal,OSQP,1.3|1.5|10.1|10.3|11.1|11.2|12.1|12.2|12.3|12.4|12.5|16.1|16.2|16.3|17.2|17.3|17.4|17.5|18.1|18.3|19.3|19.4|2.1|2.4|20.1|20.2|20.3|20.4|20.5|21.2|21.5|3.1|3.3|3.4|4.1|4.3|4.4|6.3|8.2|8.3|8.4|9.2|9.3,1.1|1.4|17.1|18.2|19.1|19.2|21.1|21.3|21.4|6.2|9.1
126,20125,43,11,7,9,11,12,11,19,0.19749289452155824,0.14472681399887635,0.5345993684356886,optimal,OSQP,1.4|10.1|10.3|11.1|11.2|12.1|12.2|12.3|12.4|12.5|16.1|16.2|17.1|17.2|17.4|17.5|18.1|18.2|18.3|19.2|19.3|19.4|2.1|2.4|20.1|20.2|20.3|21.1|21.2|21.3|21.5|3.1|3.3|3.4|4.1|4.3|4.4|6.2|6.3|8.2|8.3|8.4|9.3,1.1|1.3|1.5|16.3|17.3|19.1|20.4|20.5|21.4|9.1|9.2
127,20126,43,11,6,9,11,12,11,21,0.09286636408196292,0.08713567523606908,0.4686717452165161,optimal,OSQP,1.1|1.5|10.1|10.3|11.1|11.2|12.1|12.2|12.4|12.5|16.1|16.3|17.1|17.2|17.3|17.4|17.5|18.2|18.3|19.1|19.2|19.3|2.1|2.4|20.1|20.4|20.5|21.1|21.2|21.3|21.4|3.1|3.3|3.4|4.1|4.3|4.4|6.2|6.3|8.2|8.4|9.1|9.3,1.3|1.4|12.3|16.2|18.1|19.4|20.2|20.3|21.5|8.3|9.2
128,20127,43,11,8,9,11,12,11,22,0.03857829989457621,0.02127065922050765,0.5602493644343864,optimal,OSQP,1.3|1.4|1.5|10.1|10.3|11.2|12.1|12.2|12.3|12.4|16.1|16.2|16.3|17.1|17.2|17.4|18.1|18.2|18.3|19.1|19.3|19.4|2.4|20.1|20.2|20.3|20.4|21.2|21.3|21.4|21.5|3.1|3.3|3.4|4.1|4.3|4.4|6.3|8.2|8.4|9.1|9.2|9.3,1.1|11.1|12.5|17.3|17.5|19.2|2.1|20.5|21.1|6.2|8.3
129,20128,43,11,7,9,11,12,11,18,0.049710737714025434,0.033206722955017594,0.7674898463785274,optimal,OSQP,1.1|1.5|10.1|10.3|11.1|11.2|12.1|12.2|12.3|12.4|12.5|16.1|16.2|16.3|17.1|17.2|17.3|17.4|17.5|18.2|19.1|19.2|19.3|19.4|2.1|20.1|20.3|20.4|21.1|21.2|21.3|21.4|3.1|3.3|3.4|4.1|4.3|6.2|6.3|8.2|8.3|8.4|9.2,1.3|1.4|18.1|18.3|2.4|20.2|20.5|21.5|4.4|9.1|9.3
130,20129,43,11,8,9,11,12,11,16,0.020802310057732518,0.020802310057732518,0.7394194354448097,optimal,OSQP,1.1|1.3|1.4|1.5|10.3|11.1|12.1|12.2|12.4|12.5|16.1|16.2|16.3|17.1|17.2|17.4|18.1|18.2|18.3|19.1|19.2|19.4|2.1|2.4|20.1|20.2|20.3|20.4|21.1|21.2|21.3|21.5|3.1|3.3|3.4|4.1|4.3|6.3|8.2|8.3|8.4|9.2|9.3,10.1|11.2|12.3|17.3|17.5|19.3|20.5|21.4|4.4|6.2|9.1
131,20130,43,11,6,9,11,12,11,17,0.05761204291903563,0.04205055859733833,0.7870080345835361,optimal,OSQP,1.1|1.3|1.5|10.1|10.3|11.1|11.2|12.1|12.2|12.4|12.5|16.1|16.3|17.1|17.2|17.3|17.4|17.5|18.1|18.3|19.2|19.3|19.4|2.1|2.4|20.1|20.2|20.3|20.5|21.1|21.2|21.3|21.4|21.5|3.3|4.1|4.3|4.4|6.2|8.3|8.4|9.2|9.3,1.4|12.3|16.2|18.2|19.1|20.4|3.1|3.4|6.3|8.2|9.1
132,20131,43,11,7,9,11,12,11,13,0.0011744102577171834,0.0011744102577171834,0.9221792300610385,optimal,OSQP,1.3|1.4|10.1|10.3|11.1|12.1|12.2|12.3|12.5|16.1|16.3|17.1|17.2|17.3|17.4|18.1|18.2|18.3|19.1|19.2|19.4|2.1|20.1|20.2|20.3|20.4|20.5|21.2|21.3|21.4|21.5|3.3|3.4|4.1|4.3|4.4|6.2|6.3|8.2|8.3|9.1|9.2|9.3,1.1|1.5|11.2|12.4|16.2|17.5|19.3|2.4|21.1|3.1|8.4
133,20132,43,11,6,9,11,12,11,16,0.20320166105760873,0.10523350439622464,0.6055707077165522,optimal,OSQP,1.3|1.4|1.5|10.1|10.3|11.1|11.2|12.1|12.2|12.4|12.5|16.2|16.3|17.1|17.3|17.4|17.5|18.1|18.2|18.3|19.1|19.3|19.4|2.1|20.1|20.3|20.4|20.5|21.1|21.4|21.5|3.1|3.3|3.4|4.1|4.3|4.4|6.3|8.2|8.3|8.4|9.2|9.3,1.1|12.3|16.1|17.2|19.2|2.4|20.2|21.2|21.3|6.2|9.1
134,20133,43,11,7,9,11,12,11,14,3.763723985923511e-18,1.883382579320124e-18,0.7689136363418441,optimal,OSQP,1.1|1.3|1.4|1.5|10.1|10.3|11.1|11.2|12.1|12.2|12.4|12.5|16.1|16.2|16.3|17.1|17.2|17.3|18.1|18.2|18.3|19.1|19.2|19.3|19.4|2.1|20.1|20.3|20.5|21.1|21.3|21.4|21.5|3.1|3.3|3.4|4.1|4.4|6.2|8.2|8.3|9.1|9.3,12.3|17.4|17.5|2.4|20.2|20.4|21.2|4.3|6.3|8.4|9.2
135,20134,43,11,7,9,11,12,11,22,1.3708052317317127e-17,6.853085728873434e-18,0.5053705325647033,optimal,OSQP,1.1|1.3|1.4|1.5|10.1|11.1|11.2|12.1|12.2|12.3|12.5|16.1|16.2|16.3|17.1|17.2|17.3|17.4|18.2|18.3|19.1|19.2|19.4|2.1|2.4|20.1|20.2|20.3|20.4|20.5|21.1|21.4|3.1|3.3|3.4|4.1|4.4|6.3|8.2|8.3|8.4|9.2|9.3,10.3|12.4|17.5|18.1|19.3|21.2|21.3|21.5|4.3|6.2|9.1
136,20135,43,11,7,9,11,12,11,21,0.026542272246272286,0.026542272246272286,0.6894499986073013,optimal,OSQP,1.1|1.4|1.5|10.3|11.1|11.2|12.1|12.2|12.3|12.4|16.1|16.2|16.3|17.1|17.2|17.3|17.4|17.5|18.2|19.2|19.3|19.4|2.1|2.4|20.1|20.2|20.3|20.4|21.1|21.2|21.3|21.5|3.1|3.4|4.1|4.3|6.2|6.3|8.2|8.3|8.4|9.1|9.2,1.3|10.1|12.5|18.1|18.3|19.1|20.5|21.4|3.3|4.4|9.3
137,20136,43,11,7,9,11,12,11,19,0.0482736229863212,0.039629190353066626,0.7312901914243908,optimal,OSQP,1.3|1.5|10.1|11.1|12.1|12.2|12.4|12.5|16.1|16.2|17.1|17.2|17.4|17.5|18.1|18.2|18.3|19.2|19.4|2.1|2.4|20.1|20.2|20.3|20.4|20.5|21.1|21.2|21.3|21.4|3.1|3.4|4.1|4.3|4.4|6.2|6.3|8.2|8.3|8.4|9.1|9.2|9.3,1.1|1.4|10.3|11.2|12.3|16.3|17.3|19.1|19.3|21.5|3.3
138,20137,43,11,6,9,11,12,11,20,0.15848528437390452,0.14656146424450375,0.25602200823110366,optimal,OSQP,1.1|1.4|1.5|10.1|10.3|11.1|11.2|12.1|12.2|12.3|12.4|12.5|16.1|16.2|16.3|17.1|17.2|17.3|17.5|18.2|18.3|19.1|19.3|19.4|2.4|20.1|20.2|20.3|20.4|20.5|21.3|21.4|3.1|3.3|3.4|4.3|4.4|6.3|8.2|8.3|9.1|9.2|9.3,1.3|17.4|18.1|19.2|2.1|21.1|21.2|21.5|4.1|6.2|8.4
139,20138,43,11,8,9,11,12,11,16,1.5144920534363268e-20,1.5144920528362456e-20,0.6666962794260232,optimal,OSQP,1.1|1.3|1.4|1.5|10.1|11.1|11.2|12.1|12.2|12.3|12.4|12.5|16.1|16.2|16.3|17.1|17.2|17.3|17.4|18.1|18.2|19.2|19.3|19.4|2.1|20.1|20.3|20.4|21.1|21.2|21.3|21.4|21.5|3.3|3.4|6.2|6.3|8.2|8.3|8.4|9.1|9.2|9.3,10.3|17.5|18.3|19.1|2.4|20.2|20.5|3.1|4.1|4.3|4.4
140,20139,43,11,7,9,11,12,11,15,0.034138113833792,0.021969058607151256,0.8687641424581971,optimal,OSQP,1.3|1.4|1.5|10.1|11.2|12.3|12.4|12.5|16.1|16.2|16.3|17.1|17.3|17.4|17.5|18.1|18.2|19.1|19.2|19.4|2.1|2.4|20.1|20.2|20.4|20.5|21.1|21.2|21.4|21.5|3.1|3.3|3.4|4.1|4.3|4.4|6.2|6.3|8.2|8.3|8.4|9.1|9.2,1.1|10.3|11.1|12.1|12.2|17.2|18.3|19.3|20.3|21.3|9.3
141,20140,43,11,7,9,11,12,11,22,0.11037002883492418,0.11037002883492418,0.518733998350336,optimal,OSQP,1.1|1.4|1.5|10.3|11.2|12.1|12.2|12.3|12.4|16.1|16.3|17.1|17.2|17.3|17.4|18.1|18.2|18.3|19.1|19.2|19.4|2.1|2.4|20.1|20.2|20.3|21.1|21.2|21.3|21.4|21.5|3.1|3.3|3.4|4.1|4.3|4.4|6.3|8.2|8.3|8.4|9.1|9.3,1.3|10.1|11.1|12.5|16.2|17.5|19.3|20.4|20.5|6.2|9.2
142,20141,43,11,6,9,11,12,11,18,0.08893719953125755,0.04999296644660274,0.7309813879504992,optimal,OSQP,1.3|1.5|10.1|11.1|11.2|12.2|12.3|12.4|12.5|16.1|16.2|16.3|17.1|17.3|17.4|17.5|18.1|18.3|19.1|19.2|19.3|19.4|2.1|2.4|20.2|20.3|20.4|20.5|21.2|21.3|21.4|3.1|3.3|3.4|4.1|4.3|4.4|6.2|6.3|8.3|8.4|9.1|9.3,1.1|1.4|10.3|12.1|17.2|18.2|20.1|21.1|21.5|8.2|9.2
143,20142,43,11,6,9,11,12,11,22,0.10403276549601036,0.07355025200701497,0.28870664572185767,optimal,OSQP,1.1|1.4|1.5|10.1|10.3|11.2|12.1|12.2|12.3|12.4|12.5|16.1|16.2|16.3|17.2|17.3|17.4|17.5|18.2|18.3|19.2|19.3|19.4|2.4|20.1|20.2|20.3|20.4|20.5|21.1|21.2|21.3|3.1|3.3|3.4|4.4|6.2|6.3|8.2|8.3|8.4|9.1|9.3,1.3|11.1|17.1|18.1|19.1|2.1|21.4|21.5|4.1|4.3|9.2
144,20143,43,11,7,9,11,12,11,12,1.0972503216610093e-11,5.858349605625525e-12,0.9205278658933531,optimal,OSQP,1.3|1.4|1.5|10.3|11.1|12.1|12.3|12.4|12.5|16.1|16.2|16.3|17.1|17.3|17.4|18.1|18.2|18.3|19.1|19.3|19.4|2.1|2.4|20.1|20.2|20.3|20.5|21.1|21.2|21.3|21.5|3.1|3.3|3.4|4.1|4.3|4.4|6.2|8.2|8.3|8.4|9.1|9.2,1.1|10.1|11.2|12.2|17.2|17.5|19.2|20.4|21.4|6.3|9.3
145,20144,43,11,6,9,11,12,11,19,0.1369648743793159,0.13056167615974693,0.46349481506661916,optimal,OSQP,1.1|1.3|1.4|1.5|10.1|10.3|11.2|12.1|12.4|12.5|16.1|16.3|17.1|17.2|17.3|17.5|18.1|18.2|18.3|19.2|19.4|2.1|2.4|20.1|20.2|20.3|20.4|20.5|21.1|21.2|21.3|21.5|3.1|3.3|4.1|4.3|4.4|6.3|8.2|8.3|8.4|9.1|9.2,11.1|12.2|12.3|16.2|17.4|19.1|19.3|21.4|3.4|6.2|9.3
146,20145,43,11,7,9,11,12,11,13,1.179291052178476e-09,4.234103910097655e-10,0.8578694325003106,optimal,OSQP,1.3|1.4|10.1|11.1|11.2|12.1|12.2|12.3|12.4|12.5|16.2|16.3|17.1|17.2|17.3|17.4|17.5|18.1|18.2|19.1|19.2|19.3|19.4|20.1|20.2|20.3|20.5|21.1|21.3|21.4|21.5|3.1|3.3|4.1|4.3|4.4|6.2|8.2|8.3|8.4|9.1|9.2|9.3,1.1|1.5|10.3|16.1|18.3|2.1|2.4|20.4|21.2|3.4|6.3
147,20146,43,11,7,9,11,12,11,12,0.007943174100304954,0.007943174100304954,0.8669888383077686,optimal,OSQP,1.1|1.3|1.4|1.5|10.1|10.3|11.1|11.2|12.2|12.5|16.2|16.3|17.1|17.2|17.3|17.4|18.1|18.2|18.3|19.1|19.3|19.4|2.4|20.1|20.3|20.4|20.5|21.1|21.2|21.3|21.5|3.1|3.3|4.1|4.3|4.4|6.2|6.3|8.2|8.4|9.1|9.2|9.3,12.1|12.3|12.4|16.1|17.5|19.2|2.1|20.2|21.4|3.4|8.3
148,20147,43,11,7,9,11,12,11,17,1.5832294080177588e-18,7.309338571096045e-19,0.5234742283860278,optimal,OSQP,1.1|1.3|1.4|10.1|10.3|11.2|12.1|12.2|12.3|12.5|16.1|16.2|16.3|17.1|17.2|17.3|17.4|18.1|18.3|19.1|19.2|19.4|2.1|2.4|20.1|20.2|20.3|20.4|20.5|21.1|21.2|21.4|3.1|3.3|3.4|4.1|4.4|6.2|6.3|8.2|8.3|9.1|9.2,1.5|11.1|12.4|17.5|18.2|19.3|21.3|21.5|4.3|8.4|9.3
149,20148,43,11,6,9,11,12,11,20,0.10439067967545175,0.06160202006658371,0.7941726925894352,optimal,OSQP,1.1|1.3|1.5|10.3|11.1|11.2|12.1|12.2|12.4|12.5|16.1|17.1|17.2|17.3|17.4|17.5|18.1|18.2|18.3|19.1|19.2|19.3|19.4|2.4|20.1|20.2|20.3|20.4|20.5|21.1|21.4|21.5|3.1|3.3|4.1|4.3|4.4|6.2|8.2|8.4|9.1|9.2|9.3,1.4|10.1|12.3|16.2|16.3|2.1|21.2|21.3|3.4|6.3|8.3
150,20149,43,11,6,9,11,12,11,21,0.12456996890459282,0.08802887946506179,0.6986880837926586,optimal,OSQP,1.1|1.3|10.1|11.1|12.1|12.3|12.4|12.5|16.1|16.3|17.2|17.3|17.4|17.5|18.1|18.2|18.3|19.1|19.2|19.3|19.4|2.1|2.4|20.1|20.2|20.3|20.4|21.1|21.2|21.4|21.5|3.1|3.3|3.4|4.1|4.3|4.4|6.2|6.3|8.2|8.4|9.1|9.2,1.4|1.5|10.3|11.2|12.2|16.2|17.1|20.5|21.3|8.3|9.3
151,20150,43,11,7,9,11,12,11,20,0.14008833230919265,0.0735864714845414,0.7085799830398177,optimal,OSQP,1.1|1.3|1.5|10.1|10.3|11.1|11.2|12.2|12.3|12.4|12.5|16.2|16.3|17.1|17.2|17.4|17.5|18.1|18.2|18.3|19.1|19.2|19.3|19.4|2.1|2.4|20.1|20.2|20.3|21.1|21.2|21.3|21.4|21.5|3.3|3.4|4.1|4.3|4.4|6.2|8.3|9.2|9.3,1.4|12.1|16.1|17.3|20.4|20.5|3.1|6.3|8.2|8.4|9.1
152,20151,43,11,7,9,11,12,11,15,7.17667797416933e-18,3.597133664633341e-18,0.6616343231377386,optimal,OSQP,1.3|1.5|10.1|11.2|12.1|12.2|12.3|12.4|12.5|16.1|16.2|17.1|17.2|17.3|17.4|18.1|18.2|18.3|19.1|19.2|19.3|19.4|2.1|20.1|20.2|20.3|20.5|21.1|21.3|21.4|21.5|3.1|3.3|3.4|4.1|4.4|6.2|6.3|8.3|8.4|9.1|9.2|9.3,1.1|1.4|10.3|11.1|16.3|17.5|2.4|20.4|21.2|4.3|8.2
153,20152,43,11,6,9,11,12,11,17,0.11625904169550015,0.06482644380327109,0.7557909654583809,optimal,OSQP,1.1|1.3|1.4|10.1|10.3|11.1|11.2|12.2|12.3|12.4|12.5|16.1|16.2|16.3|17.1|17.3|17.4|17.5|18.1|18.3|19.1|19.2|19.3|19.4|2.1|2.4|20.2|20.3|20.4|20.5|21.1|21.3|21.4|21.5|3.1|3.3|4.3|4.4|6.2|6.3|8.3|8.4|9.3,1.5|12.1|17.2|18.2|20.1|21.2|3.4|4.1|8.2|9.1|9.2
154,20153,43,11,7,9,11,12,11,26,0.1285259628921298,0.0708098433958269,0.691262433154909,optimal,OSQP,1.1|1.3|1.4|10.1|10.3|11.1|11.2|12.1|12.2|12.3|12.5|16.1|16.2|17.1|17.2|17.4|17.5|18.1|18.2|18.3|19.1|19.3|19.4|2.4|20.1|20.2|20.3|20.4|20.5|21.3|21.4|21.5|3.3|3.4|4.1|4.3|4.4|6.2|8.3|8.4|9.1|9.2|9.3,1.5|12.4|16.3|17.3|19.2|2.1|21.1|21.2|3.1|6.3|8.2
155,20154,43,11,6,9,11,12,11,16,0.09603849185538904,0.0542071562025113,0.7533168155513723,optimal,OSQP,1.3|1.5|10.1|10.3|11.1|11.2|12.1|12.2|12.4|12.5|16.1|16.2|16.3|17.1|17.3|17.4|17.5|18.2|18.3|19.1|19.2|19.3|19.4|2.1|20.1|20.3|20.4|21.1|21.2|21.3|21.4|3.1|3.3|3.4|4.1|4.3|4.4|6.2|6.3|8.2|8.3|8.4|9.1,1.1|1.4|12.3|17.2|18.1|2.4|20.2|20.5|21.5|9.2|9.3
156,20155,43,11,6,9,11,12,11,13,0.09720677391720618,0.04860338695860312,0.8299292251563049,optimal,OSQP,1.1|1.3|1.5|10.1|10.3|11.1|11.2|12.1|12.2|12.3|12.5|16.1|16.2|17.1|17.2|17.3|17.4|17.5|18.1|18.3|19.1|19.2|19.3|2.1|2.4|20.1|20.3|20.4|20.5|21.1|21.2|21.4|21.5|3.1|3.3|4.1|4.3|6.2|6.3|8.2|8.3|9.2|9.3,1.4|12.4|16.3|18.2|19.4|20.2|21.3|3.4|4.4|8.4|9.1
157,20156,43,11,6,9,11,12,11,22,0.1584050337472048,0.1476576848963507,0.2642123274241063,optimal,OSQP,1.4|1.5|10.1|10.3|11.1|11.2|12.1|12.2|12.3|12.4|12.5|16.1|16.2|16.3|17.1|17.2|17.3|17.5|18.1|18.3|19.1|19.2|19.4|2.1|2.4|20.1|20.2|20.3|20.4|20.5|21.2|21.4|21.5|3.1|3.4|4.1|4.3|4.4|6.3|8.2|9.1|9.2|9.3,1.1|1.3|17.4|18.2|19.3|21.1|21.3|3.3|6.2|8.3|8.4
158,20157,43,11,8,9,11,12,11,15,6.912474454451352e-22,4.0011215391606736e-22,0.696672343751606,optimal,OSQP,1.1|1.3|1.4|10.1|11.1|11.2|12.3|12.4|12.5|16.1|16.2|16.3|17.1|17.2|17.3|17.4|18.1|18.2|19.2|19.3|19.4|2.1|2.4|20.2|20.3|20.4|20.5|21.3|21.4|21.5|3.1|3.3|3.4|4.1|4.3|4.4|6.2|6.3|8.2|8.3|9.1|9.2|9.3,1.5|10.3|12.1|12.2|17.5|18.3|19.1|20.1|21.1|21.2|8.4
159,20158,43,11,6,9,11,12,11,21,0.19643125150644797,0.1013315919869414,0.3557329769079619,optimal,OSQP,1.1|1.5|10.1|10.3|11.1|12.1|12.2|12.3|12.4|12.5|16.1|16.2|17.1|17.3|17.4|17.5|18.1|18.2|18.3|19.2|19.3|19.4|2.4|20.1|20.2|20.3|20.4|21.1|21.2|21.4|21.5|3.1|3.3|3.4|4.1|4.4|6.2|6.3|8.2|8.3|8.4|9.1|9.2,1.3|1.4|11.2|16.3|17.2|19.1|2.1|20.5|21.3|4.3|9.3
160,20159,43,11,7,9,11,12,11,11,0.006709809743238498,0.006709809743238498,0.9368169150392848,optimal,OSQP,1.1|1.3|1.4|1.5|10.1|10.3|11.1|11.2|12.1|12.4|16.1|16.2|17.1|17.2|17.3|17.4|17.5|18.1|18.2|19.1|19.2|19.3|19.4|2.1|20.1|20.3|20.4|20.5|21.1|21.2|21.3|21.4|3.1|3.3|4.1|4.3|4.4|6.2|6.3|8.3|8.4|9.1|9.3,12.2|12.3|12.5|16.3|18.3|2.4|20.2|21.5|3.4|8.2|9.2
161,20160,43,11,7,9,11,12,11,15,0.00531612509488395,0.00531612509488395,0.8356319509995557,optimal,OSQP,1.3|1.4|1.5|10.1|10.3|11.1|11.2|12.1|12.2|12.3|12.4|16.1|16.3|17.1|17.2|17.3|17.4|18.1|18.2|18.3|19.1|19.2|19.3|2.1|2.4|20.1|20.3|20.5|21.1|21.2|21.3|21.4|21.5|3.3|3.4|4.1|4.3|6.2|6.3|8.3|9.1|9.2|9.3,1.1|12.5|16.2|17.5|19.4|20.2|20.4|3.1|4.4|8.2|8.4
162,20161,43,11,6,9,11,12,11,22,0.0916436467834271,0.04582182339171357,0.5807107787556354,optimal,OSQP,1.1|1.3|1.5|10.1|11.1|11.2|12.1|12.2|12.3|12.4|12.5|16.2|17.1|17.2|17.3|17.4|17.5|18.1|18.2|18.3|19.2|19.3|19.4|2.1|2.4|20.1|20.2|20.3|20.4|20.5|21.1|21.2|21.3|21.4|3.3|4.4|6.2|6.3|8.2|8.3|8.4|9.2|9.3,1.4|10.3|16.1|16.3|19.1|21.5|3.1|3.4|4.1|4.3|9.1
163,20162,43,11,8,9,11,12,11,15,0.00240875347787607,0.00240875347787607,0.5891736212585954,optimal,OSQP,1.1|1.3|1.4|1.5|10.1|10.3|11.1|12.1|12.2|12.5|16.1|16.2|16.3|17.1|17.2|17.4|18.1|18.2|18.3|19.1|19.2|19.4|2.1|2.4|20.1|20.2|20.4|21.1|21.2|21.3|21.4|21.5|3.1|3.3|3.4|4.1|4.3|4.4|6.2|8.2|8.4|9.1|9.3,11.2|12.3|12.4|17.3|17.5|19.3|20.3|20.5|6.3|8.3|9.2
164,20163,43,11,6,9,11,12,11,22,0.11322916932810323,0.11322916932810323,0.2097964938381146,optimal,OSQP,1.1|1.4|1.5|10.3|11.1|11.2|12.1|12.2|12.4|12.5|16.1|16.2|16.3|17.1|17.2|17.3|17.5|18.1|18.3|19.1|19.2|19.3|19.4|2.1|2.4|20.1|20.2|20.3|20.4|20.5|21.1|21.2|21.3|21.4|3.3|4.1|4.3|4.4|6.3|8.4|9.1|9.2|9.3,1.3|10.1|12.3|17.4|18.2|21.5|3.1|3.4|6.2|8.2|8.3
165,20164,43,11,6,9,11,12,11,19,0.21947322066524735,0.12843941973671483,0.44949070976349237,optimal,OSQP,1.1|1.4|1.5|10.1|10.3|11.1|11.2|12.1|12.2|12.3|12.4|12.5|16.1|17.1|17.2|17.3|17.4|17.5|18.1|18.2|18.3|19.1|19.2|19.3|19.4|2.1|20.2|20.3|20.4|20.5|21.1|21.2|21.3|21.5|3.3|3.4|4.4|6.2|6.3|8.2|8.4|9.1|9.2,1.3|16.2|16.3|2.4|20.1|21.4|3.1|4.1|4.3|8.3|9.3
166,20165,43,11,7,9,11,12,11,13,1.3751200492470981e-18,6.87780663688066e-19,0.913530690597133,optimal,OSQP,1.1|1.3|1.4|1.5|10.3|11.1|11.2|12.2|12.3|12.4|16.1|16.3|17.1|17.2|17.3|17.4|17.5|18.1|18.2|19.1|19.2|19.4|2.1|2.4|20.2|20.4|20.5|21.1|21.3|21.4|21.5|3.1|3.3|3.4|4.1|4.3|4.4|6.2|8.2|8.3|8.4|9.1|9.2,10.1|12.1|12.5|16.2|18.3|19.3|20.1|20.3|21.2|6.3|9.3
167,20166,43,11,7,9,11,12,11,23,7.709055714621927e-18,3.853932783220704e-18,0.43531454062320507,optimal,OSQP,1.1|1.3|1.5|10.1|10.3|11.1|11.2|12.1|12.2|12.3|12.4|12.5|16.1|16.2|16.3|17.2|17.4|17.5|18.1|18.2|18.3|19.1|19.3|19.4|2.4|20.3|20.4|20.5|21.1|21.3|21.4|21.5|3.1|3.3|3.4|4.1|6.2|6.3|8.2|8.3|8.4|9.1|9.2,1.4|17.1|17.3|19.2|2.1|20.1|20.2|21.2|4.3|4.4|9.3
168,20167,43,11,7,9,11,12,11,23,0.07070130779129427,0.05068671270818762,0.4911245414603972,optimal,OSQP,1.1|1.4|1.5|10.1|10.3|11.1|11.2|12.1|12.2|12.3|12.4|12.5|16.1|16.2|16.3|17.1|17.2|17.4|17.5|18.1|18.3|19.2|19.3|19.4|2.1|2.4|20.2|20.3|20.4|20.5|21.2|21.3|21.4|3.1|3.3|3.4|4.1|4.3|6.2|8.3|8.4|9.1|9.3,1.3|17.3|18.2|19.1|20.1|21.1|21.5|4.4|6.3|8.2|9.2
169,20168,43,11,6,9,11,12,11,20,0.20019023678911246,0.13742510182223908,0.555057933184806,optimal,OSQP,1.3|1.4|1.5|10.1|10.3|11.1|11.2|12.2|12.3|12.4|12.5|16.1|16.2|16.3|17.2|17.3|17.5|18.1|18.2|18.3|19.2|19.3|19.4|20.1|20.2|20.3|20.4|20.5|21.2|21.3|21.5|3.1|3.4|4.1|4.3|4.4|6.3|8.2|8.3|8.4|9.1|9.2|9.3,1.1|12.1|17.1|17.4|19.1|2.1|2.4|21.1|21.4|3.3|6.2
170,20169,43,11,6,9,11,12,11,19,0.2751723371077554,0.17381845090608264,0.36431369498454247,optimal,OSQP,1.1|1.4|1.5|11.1|11.2|12.1|12.2|12.3|12.4|12.5|16.2|16.3|17.1|17.3|17.4|17.5|18.1|18.2|18.3|19.1|19.2|19.3|19.4|2.1|2.4|20.1|20.2|20.3|21.1|21.2|21.3|21.4|21.5|3.3|3.4|4.3|4.4|6.3|8.2|8.3|8.4|9.2|9.3,1.3|10.1|10.3|16.1|17.2|20.4|20.5|3.1|4.1|6.2|9.1
171,20170,43,11,6,9,11,12,11,18,0.07957469133534258,0.06546958777117642,0.716632780815749,optimal,OSQP,1.3|1.5|10.1|10.3|11.1|11.2|12.1|12.3|12.4|12.5|16.1|16.2|16.3|17.1|17.2|17.3|17.4|17.5|18.3|19.1|19.2|19.3|2.1|2.4|20.1|20.2|20.3|20.4|20.5|21.1|21.3|3.1|3.3|3.4|4.1|4.3|4.4|6.2|6.3|8.3|9.1|9.2|9.3,1.1|1.4|12.2|18.1|18.2|19.4|21.2|21.4|21.5|8.2|8.4
172,20171,43,11,7,9,11,12,11,17,0.019927618216516584,0.01527911120290593,0.838941913714302,optimal,OSQP,1.3|1.4|1.5|10.1|10.3|11.1|11.2|12.1|12.4|12.5|16.1|16.2|16.3|17.1|17.3|17.4|17.5|18.1|18.2|19.1|19.2|19.3|19.4|2.1|2.4|20.1|20.2|20.4|20.5|21.1|21.2|21.4|3.1|3.3|3.4|4.1|4.3|4.4|6.2|6.3|8.4|9.1|9.2,1.1|12.2|12.3|17.2|18.3|20.3|21.3|21.5|8.2|8.3|9.3
173,20172,43,11,7,9,11,12,11,13,0.01867665652846098,0.01867665652846098,0.9280074679421838,optimal,OSQP,1.3|1.4|1.5|10.1|11.1|11.2|12.3|12.4|12.5|16.1|16.2|16.3|17.1|17.2|17.3|18.1|18.2|18.3|19.1|19.2|19.4|2.1|2.4|20.1|20.2|20.4|20.5|21.1|21.2|21.3|21.5|3.1|3.3|4.1|4.3|4.4|6.2|6.3|8.2|8.3|8.4|9.2|9.3,1.1|10.3|12.1|12.2|17.4|17.5|19.3|20.3|21.4|3.4|9.1
174,20173,43,11,7,9,11,12,11,14,2.5993116795072306e-19,1.3837022824392214e-19,0.9282369178360117,optimal,OSQP,1.1|1.3|1.4|1.5|10.1|10.3|11.1|11.2|12.1|12.2|12.4|16.1|16.3|17.1|17.2|17.3|17.4|17.5|18.1|18.2|19.1|19.2|19.3|19.4|2.1|20.1|20.4|20.5|21.1|21.2|21.4|21.5|3.1|3.3|3.4|4.3|4.4|6.2|6.3|8.2|8.3|9.1|9.3,12.3|12.5|16.2|18.3|2.4|20.2|20.3|21.3|4.1|8.4|9.2
175,20174,43,11,6,9,11,12,11,18,0.11667199012339616,0.07450070734453187,0.7301240620943603,optimal,OSQP,1.1|1.3|1.4|1.5|10.1|10.3|11.2|12.1|12.3|12.4|16.1|16.2|16.3|17.2|17.3|17.4|17.5|18.1|18.3|19.1|19.2|19.3|2.1|2.4|20.1|20.2|20.3|20.4|21.1|21.2|21.3|21.4|21.5|3.1|3.4|4.1|4.3|4.4|6.2|8.2|8.3|8.4|9.1,11.1|12.2|12.5|17.1|18.2|19.4|20.5|3.3|6.3|9.2|9.3
176,20175,43,11,7,9,11,12,11,11,1.696434618430403e-19,1.6964346183603934e-19,0.8324453510978205,optimal,OSQP,1.1|1.3|10.1|10.3|11.2|12.2|12.3|12.4|12.5|16.1|16.2|16.3|17.1|17.3|17.4|17.5|18.1|18.2|19.1|19.2|19.3|2.1|2.4|20.1|20.2|20.3|20.4|20.5|21.1|21.2|21.3|21.4|21.5|3.4|4.1|4.3|4.4|6.2|6.3|8.2|8.3|9.2|9.3,1.4|1.5|11.1|12.1|17.2|18.3|19.4|3.1|3.3|8.4|9.1
177,20176,43,11,6,9,11,12,11,17,0.12144913429838258,0.0607245671491913,0.5570806477710457,optimal,OSQP,1.1|1.3|1.4|1.5|10.1|11.1|11.2|12.1|12.2|12.3|12.5|16.2|16.3|17.1|17.2|17.3|17.4|17.5|18.1|18.3|19.1|19.3|19.4|2.1|20.1|20.2|20.3|20.5|21.1|21.2|21.4|21.5|3.3|3.4|4.4|6.2|6.3|8.2|8.3|8.4|9.1|9.2|9.3,10.3|12.4|16.1|18.2|19.2|2.4|20.4|21.3|3.1|4.1|4.3
178,20177,43,11,6,9,11,12,11,14,0.13460272560950248,0.06730136280475124,0.7702142128979431,optimal,OSQP,1.1|1.3|1.5|10.1|10.3|11.1|11.2|12.1|12.2|12.3|12.4|12.5|16.2|16.3|17.1|17.2|17.3|17.4|17.5|18.2|18.3|19.1|19.2|19.4|2.1|2.4|20.1|20.3|21.1|21.2|21.3|21.4|21.5|3.1|3.3|3.4|4.1|4.3|6.2|8.3|8.4|9.2|9.3,1.4|16.1|18.1|19.3|20.2|20.4|20.5|4.4|6.3|8.2|9.1
179,20178,43,11,7,9,11,12,11,15,1.462692904166004e-18,1.0268258154602287e-18,0.8111615807515518,optimal,OSQP,1.1|1.3|1.4|10.1|11.1|11.2|12.1|12.2|12.4|12.5|16.1|16.2|17.1|17.2|17.3|17.4|18.1|18.2|18.3|19.1|19.4|2.1|2.4|20.2|20.3|20.4|20.5|21.1|21.2|21.4|3.1|3.3|3.4|4.3|4.4|6.2|6.3|8.2|8.3|8.4|9.1|9.2|9.3,1.5|10.3|12.3|16.3|17.5|19.2|19.3|20.1|21.3|21.5|4.1
180,20179,43,11,6,9,11,12,11,17,0.045454843369271455,0.043597092662862255,0.5234718099159466,optimal,CLARABEL,1.3|1.4|1.5|10.1|10.3|11.1|11.2|12.1|12.3|12.4|12.5|16.1|16.2|17.1|17.2|17.3|17.4|17.5|18.1|18.3|19.3|19.4|2.1|2.4|20.1|20.2|20.3|21.2|21.3|21.4|21.5|3.1|3.3|3.4|4.1|4.4|6.2|6.3|8.2|8.3|8.4|9.1|9.2,1.1|12.2|16.3|18.2|19.1|19.2|20.4|20.5|21.1|4.3|9.3
181,20180,43,11,7,9,11,12,11,16,0.1971458443298329,0.1590075964927567,0.5025540647462376,optimal,OSQP,1.1|1.4|10.1|10.3|11.1|11.2|12.1|12.3|12.4|12.5|16.1|16.3|17.1|17.2|17.4|17.5|18.1|18.2|18.3|19.1|19.3|19.4|2.1|2.4|20.1|20.3|20.4|20.5|21.1|21.3|21.4|3.1|3.3|3.4|4.1|4.3|4.4|6.2|6.3|8.2|8.3|9.1|9.3,1.3|1.5|12.2|16.2|17.3|19.2|20.2|21.2|21.5|8.4|9.2
182,20181,43,11,7,9,11,12,11,15,0.0033766693676363277,0.0033766693676363277,0.868857655530024,optimal,OSQP,1.1|1.3|1.4|1.5|10.1|10.3|11.1|11.2|12.1|12.2|12.3|16.1|16.2|16.3|17.1|17.2|17.3|17.4|17.5|18.2|19.1|19.2|19.3|19.4|20.2|20.3|20.4|20.5|21.2|21.4|21.5|3.1|3.3|3.4|4.1|4.3|6.2|6.3|8.2|8.4|9.1|9.2|9.3,12.4|12.5|18.1|18.3|2.1|2.4|20.1|21.1|21.3|4.4|8.3
183,20182,43,11,6,9,11,12,11,19,0.08618905938782506,0.043094529693912545,0.6443566020946452,optimal,OSQP,1.3|1.5|10.1|11.2|12.1|12.2|12.3|12.4|12.5|16.2|16.3|17.1|17.2|17.3|17.4|17.5|18.1|18.3|19.1|19.3|19.4|2.1|2.4|20.1|20.2|20.3|20.4|20.5|21.1|21.3|21.4|21.5|3.3|3.4|4.1|4.3|6.2|6.3|8.2|8.3|9.1|9.2|9.3,1.1|1.4|10.3|11.1|16.1|18.2|19.2|21.2|3.1|4.4|8.4
184,20183,43,11,7,9,11,12,11,19,0.06874053668294684,0.06874053668294684,0.48473200333419186,optimal,OSQP,1.1|1.4|1.5|10.1|10.3|11.1|11.2|12.1|12.2|12.3|12.5|16.1|16.2|16.3|17.1|17.2|17.3|17.4|18.1|18.3|19.1|19.3|19.4|2.1|2.4|20.1|20.2|20.3|20.5|21.2|21.3|21.4|21.5|3.1|3.4|4.1|4.3|4.4|6.3|8.2|8.3|9.2|9.3,1.3|12.4|17.5|18.2|19.2|20.4|21.1|3.3|6.2|8.4|9.1
185,20184,43,11,7,9,11,12,11,18,0.07074033391351957,0.0622336021283147,0.46175694637598197,optimal,OSQP,1.1|1.4|1.5|10.1|10.3|11.1|11.2|12.1|12.2|12.4|12.5|16.1|16.3|17.1|17.2|17.3|17.4|18.1|18.2|18.3|19.3|2.1|2.4|20.1|20.2|20.5|21.1|21.2|21.3|21.4|21.5|3.1|3.4|4.1|4.3|4.4|6.3|8.2|8.3|8.4|9.1|9.2|9.3,1.3|12.3|16.2|17.5|19.1|19.2|19.4|20.3|20.4|3.3|6.2
186,20185,43,11,6,9,11,12,11,17,0.10731257312679096,0.09375327835471388,0.47035221557676277,optimal,OSQP,1.3|1.4|1.5|10.1|10.3|11.1|11.2|12.1|12.2|12.4|12.5|16.1|16.2|16.3|17.1|17.3|17.5|18.1|18.2|18.3|19.1|19.3|19.4|2.1|2.4|20.1|20.3|20.4|21.1|21.3|21.4|21.5|3.1|3.3|3.4|4.1|4.3|4.4|6.3|8.2|8.3|9.2|9.3,1.1|12.3|17.2|17.4|19.2|20.2|20.5|21.2|6.2|8.4|9.1
187,20186,43,11,8,9,11,12,11,18,0.021069953811381034,0.021069953811381034,0.5693891030791577,optimal,OSQP,1.1|1.3|1.4|1.5|10.1|10.3|11.1|11.2|12.1|12.3|12.5|16.1|16.2|16.3|17.1|17.2|17.4|18.1|18.2|18.3|19.2|19.3|19.4|2.1|2.4|20.1|20.4|21.1|21.2|21.3|21.4|21.5|3.1|3.3|3.4|4.3|4.4|6.2|6.3|8.2|8.3|8.4|9.1,12.2|12.4|17.3|17.5|19.1|20.2|20.3|20.5|4.1|9.2|9.3
188,20187,43,11,6,9,11,12,11,18,0.27439049628647766,0.15307947763492066,0.6418481927651352,optimal,OSQP,1.1|1.4|1.5|10.1|10.3|11.1|11.2|12.3|12.4|12.5|16.1|16.2|17.2|17.3|17.4|17.5|18.1|18.2|18.3|19.1|19.2|19.4|2.1|20.2|20.4|20.5|21.1|21.2|21.4|21.5|3.1|3.3|3.4|4.1|4.3|4.4|6.2|6.3|8.2|8.3|9.1|9.2|9.3,1.3|12.1|12.2|16.3|17.1|19.3|2.4|20.1|20.3|21.3|8.4
189,20188,43,11,7,9,11,12,11,20,0.0427977396184673,0.0427977396184673,0.6737982012626809,optimal,OSQP,1.3|1.4|1.5|10.1|10.3|11.2|12.1|12.2|12.3|12.4|12.5|16.1|16.2|16.3|17.1|17.2|17.3|17.4|17.5|18.1|19.1|19.3|19.4|2.1|2.4|20.1|20.2|20.4|20.5|21.2|21.3|21.4|21.5|3.1|3.3|3.4|4.3|4.4|6.3|8.2|8.4|9.1|9.3,1.1|11.1|18.2|18.3|19.2|20.3|21.1|4.1|6.2|8.3|9.2
190,20189,43,11,6,9,11,12,11,18,0.17179833385520496,0.11083734382186891,0.5740602130979582,optimal,OSQP,1.1|1.4|1.5|10.3|11.1|12.1|12.2|12.4|16.1|16.2|17.2|17.3|17.4|17.5|18.1|18.2|18.3|19.1|19.2|19.3|19.4|2.1|2.4|20.1|20.3|20.4|20.5|21.1|21.3|21.4|21.5|3.1|3.3|3.4|4.1|4.3|4.4|6.2|6.3|8.2|9.1|9.2|9.3,1.3|10.1|11.2|12.3|12.5|16.3|17.1|20.2|21.2|8.3|8.4
191,20190,43,11,6,9,11,12,11,16,0.05623521342845024,0.036392342838226635,0.7725522478404734,optimal,OSQP,1.1|1.3|1.4|1.5|10.1|10.3|11.1|11.2|12.1|12.2|12.3|16.1|16.3|17.1|17.2|17.3|17.4|17.5|18.2|18.3|19.2|19.4|2.1|20.1|20.2|20.3|20.4|20.5|21.1|21.2|21.3|3.3|3.4|4.1|4.3|6.2|6.3|8.2|8.3|8.4|9.1|9.2|9.3,12.4|12.5|16.2|18.1|19.1|19.3|2.4|21.4|21.5|3.1|4.4
192,20191,43,11,6,9,11,12,11,23,0.08761046916261477,0.043805234581307424,0.5841740340209356,optimal,OSQP,1.1|1.3|1.4|1.5|10.1|11.1|11.2|12.1|12.2|12.3|12.4|12.5|16.1|16.2|17.1|17.2|17.3|17.4|17.5|18.2|18.3|19.1|19.2|19.3|2.1|2.4|20.1|20.2|20.4|20.5|21.2|21.3|21.4|21.5|3.1|3.4|4.4|6.2|8.2|8.4|9.1|9.2|9.3,10.3|16.3|18.1|19.4|20.3|21.1|3.3|4.1|4.3|6.3|8.3
193,20192,43,11,7,9,11,12,11,19,0.16879704982530117,0.08677643927629228,0.7556057412082553,optimal,OSQP,1.3|10.1|10.3|11.1|12.1|12.2|12.3|12.4|12.5|16.2|16.3|17.1|17.2|17.4|17.5|18.1|18.2|18.3|19.1|19.2|19.3|2.4|20.1|20.2|20.3|20.4|20.5|21.1|21.2|21.4|21.5|3.1|3.3|4.1|4.3|4.4|6.2|6.3|8.2|8.4|9.1|9.2|9.3,1.1|1.4|1.5|11.2|16.1|17.3|19.4|2.1|21.3|3.4|8.3
194,20193,43,11,8,9,11,12,11,18,1.8129219874307694e-19,1.5309138233323918e-19,0.729263281418194,optimal,OSQP,1.1|1.3|1.4|1.5|10.1|11.1|11.2|12.2|12.3|12.4|12.5|16.1|16.2|16.3|17.1|17.2|17.4|18.1|18.2|18.3|19.1|19.2|19.3|19.4|2.1|2.4|20.2|20.3|20.4|21.1|21.2|21.3|21.5|3.1|3.3|3.4|4.3|4.4|6.2|8.2|8.4|9.1|9.2,10.3|12.1|17.3|17.5|20.1|20.5|21.4|4.1|6.3|8.3|9.3
195,20194,43,11,7,9,11,12,11,14,0.022512097272900666,0.022512097272900666,0.8436740383786594,optimal,OSQP,1.3|1.4|1.5|10.1|10.3|11.1|12.3|12.4|12.5|16.1|16.2|16.3|17.1|17.3|17.4|17.5|18.1|18.2|19.1|19.2|19.3|2.1|2.4|20.1|20.2|20.3|20.4|20.5|21.1|21.2|21.3|21.5|3.1|3.3|4.1|4.3|4.4|6.2|6.3|8.2|8.3|9.1|9.3,1.1|11.2|12.1|12.2|17.2|18.3|19.4|21.4|3.4|8.4|9.2
196,20195,43,11,7,9,11,12,11,18,0.017070501457191217,0.017070501457191217,0.5709444535319135,optimal,OSQP,1.3|1.4|1.5|10.1|10.3|11.1|11.2|12.1|12.2|12.3|12.4|12.5|16.1|16.3|17.1|17.2|17.4|17.5|18.1|18.2|18.3|19.1|19.4|2.1|20.1|20.2|20.3|20.5|21.1|21.3|21.4|21.5|3.3|3.4|4.1|4.4|6.2|8.2|8.3|8.4|9.1|9.2|9.3,1.1|16.2|17.3|19.2|19.3|2.4|20.4|21.2|3.1|4.3|6.3
197,20196,43,11,7,9,11,12,11,19,0.11228669522576072,0.09161644530372574,0.8094613973771724,optimal,OSQP,1.1|1.4|10.1|11.1|11.2|12.1|12.3|12.4|12.5|16.1|16.3|17.1|17.2|17.3|17.4|17.5|18.1|18.2|19.1|19.2|19.3|19.4|2.1|2.4|20.1|20.3|20.4|20.5|21.1|21.2|21.3|21.4|21.5|3.3|4.1|4.3|4.4|6.2|6.3|8.2|8.3|9.2|9.3,1.3|1.5|10.3|12.2|16.2|18.3|20.2|3.1|3.4|8.4|9.1
198,20197,43,11,6,9,11,12,11,17,0.07572777549026771,0.0536534892187923,0.8260107304414556,optimal,OSQP,1.1|1.3|1.4|1.5|10.1|10.3|11.1|12.2|12.3|12.4|16.1|16.3|17.1|17.2|17.3|17.4|17.5|18.2|18.3|19.1|19.2|19.3|19.4|2.1|20.1|20.2|20.3|20.4|20.5|21.1|21.2|21.3|21.4|21.5|3.4|4.3|4.4|6.2|6.3|8.2|8.3|9.1|9.2,11.2|12.1|12.5|16.2|18.1|2.4|3.1|3.3|4.1|8.4|9.3
199,20198,43,11,6,9,11,12,11,15,0.2608082292875682,0.15457527311126337,0.6646105937314661,optimal,OSQP,1.1|1.4|1.5|10.1|10.3|12.1|12.3|12.4|16.1|16.3|17.2|17.3|17.4|17.5|18.1|18.2|18.3|19.2|19.4|2.1|2.4|20.1|20.2|20.3|20.4|20.5|21.1|21.2|21.3|21.4|21.5|3.1|3.4|4.1|4.3|4.4|6.2|6.3|8.2|8.3|8.4|9.2|9.3,1.3|11.1|11.2|12.2|12.5|16.2|17.1|19.1|19.3|3.3|9.1
200,20199,43,11,6,9,11,12,11,18,0.13047710512938687,0.0652385525646935,0.49502562861072685,optimal,OSQP,1.1|1.3|1.4|10.1|11.2|12.2|12.3|12.4|12.5|16.3|17.1|17.2|17.3|17.4|17.5|18.1|18.2|18.3|19.1|19.2|19.3|19.4|2.1|2.4|20.1|20.2|20.3|20.4|20.5|21.1|21.2|21.4|3.1|3.3|3.4|4.1|4.4|6.2|6.3|8.4|9.1|9.2|9.3,1.5|10.3|11.1|12.1|16.1|16.2|21.3|21.5|4.3|8.2|8.3
