consensus_rank,feature,selected_count,selected_frequency,canonical_order,final_status
1,OFT_distance,29,0.9666666666666668,1,not_fixed_due_to_stopping_rule
2,Latency_to_first_investigation_Piramidka_NOR1,24,0.8,9,not_fixed_due_to_stopping_rule
3,EnduranceT,21,0.7,27,not_fixed_due_to_stopping_rule
4,Average_speed_NOR1,20,0.6666666666666666,7,not_fixed_due_to_stopping_rule
5,Time_inCenter_OFT,17,0.5666666666666667,5,not_fixed_due_to_stopping_rule
6,rear_support,17,0.5666666666666667,28,not_fixed_due_to_stopping_rule
7,Time_investigating_Piramidka_NOR1,14,0.4666666666666667,8,not_fixed_due_to_stopping_rule
8,Latency_to_first_investigation_Stakan_zone_NOR2,13,0.4333333333333333,17,not_fixed_due_to_stopping_rule
9,Learning_T1max,12,0.4,19,not_fixed_due_to_stopping_rule
10,Weight,10,0.3333333333333333,30,not_fixed_due_to_stopping_rule
11,Average_speed_OFT,9,0.3,2,not_fixed_due_to_stopping_rule
12,Time_investigating_Stakan_zone_NOR2,8,0.2666666666666666,16,not_fixed_due_to_stopping_rule
13,Learning_T3sum,8,0.2666666666666666,26,not_fixed_due_to_stopping_rule
14,Absolute_turn_angle_OFT,7,0.2333333333333333,4,not_fixed_due_to_stopping_rule
15,Latency_to_first_investigation_Stakan_NOR1,6,0.2,11,not_fixed_due_to_stopping_rule
16,Time_investigating_Stakan_NOR1,5,0.1666666666666666,10,not_fixed_due_to_stopping_rule
17,Latency_to_first_investigation_Piramidka_zone_NOR2,4,0.1333333333333333,15,not_fixed_due_to_stopping_rule
18,Learning_T2mean,2,0.0666666666666666,21,not_fixed_due_to_stopping_rule
19,Total_time_mobile_OFT,1,0.0333333333333333,3,not_fixed_due_to_stopping_rule
20,Total_distance_travelled_NOR2,1,0.0333333333333333,12,not_fixed_due_to_stopping_rule
21,Time_investigating_Piramidka_zone_NOR2,1,0.0333333333333333,14,not_fixed_due_to_stopping_rule
22,Learning_T1mean,1,0.0333333333333333,18,not_fixed_due_to_stopping_rule
23,Learning_T3mean,1,0.0333333333333333,24,not_fixed_due_to_stopping_rule
24,rear_nosupport,1,0.0333333333333333,29,not_fixed_due_to_stopping_rule
25,Total_distance_travelled_NOR1,0,0.0,6,not_fixed_due_to_stopping_rule
26,Average_speed_NOR2,0,0.0,13,not_fixed_due_to_stopping_rule
27,Learning_T1sum,0,0.0,20,not_fixed_due_to_stopping_rule
28,Learning_T2max,0,0.0,22,not_fixed_due_to_stopping_rule
29,Learning_T2sum,0,0.0,23,not_fixed_due_to_stopping_rule
30,Learning_T3max,0,0.0,25,not_fixed_due_to_stopping_rule
