run,type,module,name,attrname,attrvalue,value
Baseline-0-20260929-10:48:31-67,runattr,,,configname,Baseline,
Baseline-0-20260929-10:48:31-67,runattr,,,datetime,20260929-10:48:31,
Baseline-0-20260929-10:48:31-67,runattr,,,datetimef,20260929-104831,
Baseline-0-20260929-10:48:31-67,runattr,,,experiment,Baseline,
Baseline-0-20260929-10:48:31-67,runattr,,,inifile,omnetpp.ini,
Baseline-0-20260929-10:48:31-67,runattr,,,iterationvars,,
Baseline-0-20260929-10:48:31-67,runattr,,,iterationvarsd,,
Baseline-0-20260929-10:48:31-67,runattr,,,iterationvarsf,,
Baseline-0-20260929-10:48:31-67,runattr,,,measurement,,
Baseline-0-20260929-10:48:31-67,runattr,,,network,dect2020scheduledaccess.DectScheduledAccessNetwork,
Baseline-0-20260929-10:48:31-67,runattr,,,processid,67,
Baseline-0-20260929-10:48:31-67,runattr,,,repetition,0,
Baseline-0-20260929-10:48:31-67,runattr,,,replication,#0,
Baseline-0-20260929-10:48:31-67,runattr,,,resultdir,results,
Baseline-0-20260929-10:48:31-67,runattr,,,runnumber,0,
Baseline-0-20260929-10:48:31-67,runattr,,,seedset,0,
Baseline-0-20260929-10:48:31-67,config,,,repeat,10,
Baseline-0-20260929-10:48:31-67,config,,,seed-set,0,
Baseline-0-20260929-10:48:31-67,config,,,*.queue.D,10,
Baseline-0-20260929-10:48:31-67,config,,,*.queue.r,30,
Baseline-0-20260929-10:48:31-67,config,,,*.queue.rho,0.084745762712,
Baseline-0-20260929-10:48:31-67,config,,,network,dect2020scheduledaccess.DectScheduledAccessNetwork,
Baseline-0-20260929-10:48:31-67,config,,,cmdenv-express-mode,true,
Baseline-0-20260929-10:48:31-67,config,,,cmdenv-status-frequency,10s,
Baseline-0-20260929-10:48:31-67,config,,,result-dir,results,
Baseline-0-20260929-10:48:31-67,config,,,*.queue.frameDuration,10ms,
Baseline-0-20260929-10:48:31-67,config,,,*.queue.meanType1ServiceTime,0.4166666667ms,
Baseline-0-20260929-10:48:31-67,config,,,*.queue.deriveDectParametersFromD,true,
Baseline-0-20260929-10:48:31-67,config,,,*.queue.deriveLambdaFromRho,true,
Baseline-0-20260929-10:48:31-67,config,,,*.queue.warmupCompletedPackets,200000,
Baseline-0-20260929-10:48:31-67,config,,,*.queue.targetCompletedPackets,1000000,
Baseline-0-20260929-10:48:31-67,config,,,*.queue.recordVectors,false,
Baseline-0-20260929-10:48:31-67,config,,,*.queue.rngIndex,0,
Baseline-2-20260929-10:48:32-67,runattr,,,configname,Baseline,
Baseline-2-20260929-10:48:32-67,runattr,,,datetime,20260929-10:48:32,
Baseline-2-20260929-10:48:32-67,runattr,,,datetimef,20260929-104832,
Baseline-2-20260929-10:48:32-67,runattr,,,experiment,Baseline,
Baseline-2-20260929-10:48:32-67,runattr,,,inifile,omnetpp.ini,
Baseline-2-20260929-10:48:32-67,runattr,,,iterationvars,,
Baseline-2-20260929-10:48:32-67,runattr,,,iterationvarsd,,
Baseline-2-20260929-10:48:32-67,runattr,,,iterationvarsf,,
Baseline-2-20260929-10:48:32-67,runattr,,,measurement,,
Baseline-2-20260929-10:48:32-67,runattr,,,network,dect2020scheduledaccess.DectScheduledAccessNetwork,
Baseline-2-20260929-10:48:32-67,runattr,,,processid,67,
Baseline-2-20260929-10:48:32-67,runattr,,,repetition,2,
Baseline-2-20260929-10:48:32-67,runattr,,,replication,#2,
Baseline-2-20260929-10:48:32-67,runattr,,,resultdir,results,
Baseline-2-20260929-10:48:32-67,runattr,,,runnumber,2,
Baseline-2-20260929-10:48:32-67,runattr,,,seedset,2,
Baseline-2-20260929-10:48:32-67,config,,,repeat,10,
Baseline-2-20260929-10:48:32-67,config,,,seed-set,2,
Baseline-2-20260929-10:48:32-67,config,,,*.queue.D,10,
Baseline-2-20260929-10:48:32-67,config,,,*.queue.r,30,
Baseline-2-20260929-10:48:32-67,config,,,*.queue.rho,0.084745762712,
Baseline-2-20260929-10:48:32-67,config,,,network,dect2020scheduledaccess.DectScheduledAccessNetwork,
Baseline-2-20260929-10:48:32-67,config,,,cmdenv-express-mode,true,
Baseline-2-20260929-10:48:32-67,config,,,cmdenv-status-frequency,10s,
Baseline-2-20260929-10:48:32-67,config,,,result-dir,results,
Baseline-2-20260929-10:48:32-67,config,,,*.queue.frameDuration,10ms,
Baseline-2-20260929-10:48:32-67,config,,,*.queue.meanType1ServiceTime,0.4166666667ms,
Baseline-2-20260929-10:48:32-67,config,,,*.queue.deriveDectParametersFromD,true,
Baseline-2-20260929-10:48:32-67,config,,,*.queue.deriveLambdaFromRho,true,
Baseline-2-20260929-10:48:32-67,config,,,*.queue.warmupCompletedPackets,200000,
Baseline-2-20260929-10:48:32-67,config,,,*.queue.targetCompletedPackets,1000000,
Baseline-2-20260929-10:48:32-67,config,,,*.queue.recordVectors,false,
Baseline-2-20260929-10:48:32-67,config,,,*.queue.rngIndex,0,
Baseline-1-20260929-10:48:31-67,runattr,,,configname,Baseline,
Baseline-1-20260929-10:48:31-67,runattr,,,datetime,20260929-10:48:31,
Baseline-1-20260929-10:48:31-67,runattr,,,datetimef,20260929-104831,
Baseline-1-20260929-10:48:31-67,runattr,,,experiment,Baseline,
Baseline-1-20260929-10:48:31-67,runattr,,,inifile,omnetpp.ini,
Baseline-1-20260929-10:48:31-67,runattr,,,iterationvars,,
Baseline-1-20260929-10:48:31-67,runattr,,,iterationvarsd,,
Baseline-1-20260929-10:48:31-67,runattr,,,iterationvarsf,,
Baseline-1-20260929-10:48:31-67,runattr,,,measurement,,
Baseline-1-20260929-10:48:31-67,runattr,,,network,dect2020scheduledaccess.DectScheduledAccessNetwork,
Baseline-1-20260929-10:48:31-67,runattr,,,processid,67,
Baseline-1-20260929-10:48:31-67,runattr,,,repetition,1,
Baseline-1-20260929-10:48:31-67,runattr,,,replication,#1,
Baseline-1-20260929-10:48:31-67,runattr,,,resultdir,results,
Baseline-1-20260929-10:48:31-67,runattr,,,runnumber,1,
Baseline-1-20260929-10:48:31-67,runattr,,,seedset,1,
Baseline-1-20260929-10:48:31-67,config,,,repeat,10,
Baseline-1-20260929-10:48:31-67,config,,,seed-set,1,
Baseline-1-20260929-10:48:31-67,config,,,*.queue.D,10,
Baseline-1-20260929-10:48:31-67,config,,,*.queue.r,30,
Baseline-1-20260929-10:48:31-67,config,,,*.queue.rho,0.084745762712,
Baseline-1-20260929-10:48:31-67,config,,,network,dect2020scheduledaccess.DectScheduledAccessNetwork,
Baseline-1-20260929-10:48:31-67,config,,,cmdenv-express-mode,true,
Baseline-1-20260929-10:48:31-67,config,,,cmdenv-status-frequency,10s,
Baseline-1-20260929-10:48:31-67,config,,,result-dir,results,
Baseline-1-20260929-10:48:31-67,config,,,*.queue.frameDuration,10ms,
Baseline-1-20260929-10:48:31-67,config,,,*.queue.meanType1ServiceTime,0.4166666667ms,
Baseline-1-20260929-10:48:31-67,config,,,*.queue.deriveDectParametersFromD,true,
Baseline-1-20260929-10:48:31-67,config,,,*.queue.deriveLambdaFromRho,true,
Baseline-1-20260929-10:48:31-67,config,,,*.queue.warmupCompletedPackets,200000,
Baseline-1-20260929-10:48:31-67,config,,,*.queue.targetCompletedPackets,1000000,
Baseline-1-20260929-10:48:31-67,config,,,*.queue.recordVectors,false,
Baseline-1-20260929-10:48:31-67,config,,,*.queue.rngIndex,0,
Baseline-3-20260929-10:48:32-67,runattr,,,configname,Baseline,
Baseline-3-20260929-10:48:32-67,runattr,,,datetime,20260929-10:48:32,
Baseline-3-20260929-10:48:32-67,runattr,,,datetimef,20260929-104832,
Baseline-3-20260929-10:48:32-67,runattr,,,experiment,Baseline,
Baseline-3-20260929-10:48:32-67,runattr,,,inifile,omnetpp.ini,
Baseline-3-20260929-10:48:32-67,runattr,,,iterationvars,,
Baseline-3-20260929-10:48:32-67,runattr,,,iterationvarsd,,
Baseline-3-20260929-10:48:32-67,runattr,,,iterationvarsf,,
Baseline-3-20260929-10:48:32-67,runattr,,,measurement,,
Baseline-3-20260929-10:48:32-67,runattr,,,network,dect2020scheduledaccess.DectScheduledAccessNetwork,
Baseline-3-20260929-10:48:32-67,runattr,,,processid,67,
Baseline-3-20260929-10:48:32-67,runattr,,,repetition,3,
Baseline-3-20260929-10:48:32-67,runattr,,,replication,#3,
Baseline-3-20260929-10:48:32-67,runattr,,,resultdir,results,
Baseline-3-20260929-10:48:32-67,runattr,,,runnumber,3,
Baseline-3-20260929-10:48:32-67,runattr,,,seedset,3,
Baseline-3-20260929-10:48:32-67,config,,,repeat,10,
Baseline-3-20260929-10:48:32-67,config,,,seed-set,3,
Baseline-3-20260929-10:48:32-67,config,,,*.queue.D,10,
Baseline-3-20260929-10:48:32-67,config,,,*.queue.r,30,
Baseline-3-20260929-10:48:32-67,config,,,*.queue.rho,0.084745762712,
Baseline-3-20260929-10:48:32-67,config,,,network,dect2020scheduledaccess.DectScheduledAccessNetwork,
Baseline-3-20260929-10:48:32-67,config,,,cmdenv-express-mode,true,
Baseline-3-20260929-10:48:32-67,config,,,cmdenv-status-frequency,10s,
Baseline-3-20260929-10:48:32-67,config,,,result-dir,results,
Baseline-3-20260929-10:48:32-67,config,,,*.queue.frameDuration,10ms,
Baseline-3-20260929-10:48:32-67,config,,,*.queue.meanType1ServiceTime,0.4166666667ms,
Baseline-3-20260929-10:48:32-67,config,,,*.queue.deriveDectParametersFromD,true,
Baseline-3-20260929-10:48:32-67,config,,,*.queue.deriveLambdaFromRho,true,
Baseline-3-20260929-10:48:32-67,config,,,*.queue.warmupCompletedPackets,200000,
Baseline-3-20260929-10:48:32-67,config,,,*.queue.targetCompletedPackets,1000000,
Baseline-3-20260929-10:48:32-67,config,,,*.queue.recordVectors,false,
Baseline-3-20260929-10:48:32-67,config,,,*.queue.rngIndex,0,
Baseline-4-20260929-10:48:32-67,runattr,,,configname,Baseline,
Baseline-4-20260929-10:48:32-67,runattr,,,datetime,20260929-10:48:32,
Baseline-4-20260929-10:48:32-67,runattr,,,datetimef,20260929-104832,
Baseline-4-20260929-10:48:32-67,runattr,,,experiment,Baseline,
Baseline-4-20260929-10:48:32-67,runattr,,,inifile,omnetpp.ini,
Baseline-4-20260929-10:48:32-67,runattr,,,iterationvars,,
Baseline-4-20260929-10:48:32-67,runattr,,,iterationvarsd,,
Baseline-4-20260929-10:48:32-67,runattr,,,iterationvarsf,,
Baseline-4-20260929-10:48:32-67,runattr,,,measurement,,
Baseline-4-20260929-10:48:32-67,runattr,,,network,dect2020scheduledaccess.DectScheduledAccessNetwork,
Baseline-4-20260929-10:48:32-67,runattr,,,processid,67,
Baseline-4-20260929-10:48:32-67,runattr,,,repetition,4,
Baseline-4-20260929-10:48:32-67,runattr,,,replication,#4,
Baseline-4-20260929-10:48:32-67,runattr,,,resultdir,results,
Baseline-4-20260929-10:48:32-67,runattr,,,runnumber,4,
Baseline-4-20260929-10:48:32-67,runattr,,,seedset,4,
Baseline-4-20260929-10:48:32-67,config,,,repeat,10,
Baseline-4-20260929-10:48:32-67,config,,,seed-set,4,
Baseline-4-20260929-10:48:32-67,config,,,*.queue.D,10,
Baseline-4-20260929-10:48:32-67,config,,,*.queue.r,30,
Baseline-4-20260929-10:48:32-67,config,,,*.queue.rho,0.084745762712,
Baseline-4-20260929-10:48:32-67,config,,,network,dect2020scheduledaccess.DectScheduledAccessNetwork,
Baseline-4-20260929-10:48:32-67,config,,,cmdenv-express-mode,true,
Baseline-4-20260929-10:48:32-67,config,,,cmdenv-status-frequency,10s,
Baseline-4-20260929-10:48:32-67,config,,,result-dir,results,
Baseline-4-20260929-10:48:32-67,config,,,*.queue.frameDuration,10ms,
Baseline-4-20260929-10:48:32-67,config,,,*.queue.meanType1ServiceTime,0.4166666667ms,
Baseline-4-20260929-10:48:32-67,config,,,*.queue.deriveDectParametersFromD,true,
Baseline-4-20260929-10:48:32-67,config,,,*.queue.deriveLambdaFromRho,true,
Baseline-4-20260929-10:48:32-67,config,,,*.queue.warmupCompletedPackets,200000,
Baseline-4-20260929-10:48:32-67,config,,,*.queue.targetCompletedPackets,1000000,
Baseline-4-20260929-10:48:32-67,config,,,*.queue.recordVectors,false,
Baseline-4-20260929-10:48:32-67,config,,,*.queue.rngIndex,0,
Baseline-5-20260929-10:48:33-67,runattr,,,configname,Baseline,
Baseline-5-20260929-10:48:33-67,runattr,,,datetime,20260929-10:48:33,
Baseline-5-20260929-10:48:33-67,runattr,,,datetimef,20260929-104833,
Baseline-5-20260929-10:48:33-67,runattr,,,experiment,Baseline,
Baseline-5-20260929-10:48:33-67,runattr,,,inifile,omnetpp.ini,
Baseline-5-20260929-10:48:33-67,runattr,,,iterationvars,,
Baseline-5-20260929-10:48:33-67,runattr,,,iterationvarsd,,
Baseline-5-20260929-10:48:33-67,runattr,,,iterationvarsf,,
Baseline-5-20260929-10:48:33-67,runattr,,,measurement,,
Baseline-5-20260929-10:48:33-67,runattr,,,network,dect2020scheduledaccess.DectScheduledAccessNetwork,
Baseline-5-20260929-10:48:33-67,runattr,,,processid,67,
Baseline-5-20260929-10:48:33-67,runattr,,,repetition,5,
Baseline-5-20260929-10:48:33-67,runattr,,,replication,#5,
Baseline-5-20260929-10:48:33-67,runattr,,,resultdir,results,
Baseline-5-20260929-10:48:33-67,runattr,,,runnumber,5,
Baseline-5-20260929-10:48:33-67,runattr,,,seedset,5,
Baseline-5-20260929-10:48:33-67,config,,,repeat,10,
Baseline-5-20260929-10:48:33-67,config,,,seed-set,5,
Baseline-5-20260929-10:48:33-67,config,,,*.queue.D,10,
Baseline-5-20260929-10:48:33-67,config,,,*.queue.r,30,
Baseline-5-20260929-10:48:33-67,config,,,*.queue.rho,0.084745762712,
Baseline-5-20260929-10:48:33-67,config,,,network,dect2020scheduledaccess.DectScheduledAccessNetwork,
Baseline-5-20260929-10:48:33-67,config,,,cmdenv-express-mode,true,
Baseline-5-20260929-10:48:33-67,config,,,cmdenv-status-frequency,10s,
Baseline-5-20260929-10:48:33-67,config,,,result-dir,results,
Baseline-5-20260929-10:48:33-67,config,,,*.queue.frameDuration,10ms,
Baseline-5-20260929-10:48:33-67,config,,,*.queue.meanType1ServiceTime,0.4166666667ms,
Baseline-5-20260929-10:48:33-67,config,,,*.queue.deriveDectParametersFromD,true,
Baseline-5-20260929-10:48:33-67,config,,,*.queue.deriveLambdaFromRho,true,
Baseline-5-20260929-10:48:33-67,config,,,*.queue.warmupCompletedPackets,200000,
Baseline-5-20260929-10:48:33-67,config,,,*.queue.targetCompletedPackets,1000000,
Baseline-5-20260929-10:48:33-67,config,,,*.queue.recordVectors,false,
Baseline-5-20260929-10:48:33-67,config,,,*.queue.rngIndex,0,
Baseline-6-20260929-10:48:33-67,runattr,,,configname,Baseline,
Baseline-6-20260929-10:48:33-67,runattr,,,datetime,20260929-10:48:33,
Baseline-6-20260929-10:48:33-67,runattr,,,datetimef,20260929-104833,
Baseline-6-20260929-10:48:33-67,runattr,,,experiment,Baseline,
Baseline-6-20260929-10:48:33-67,runattr,,,inifile,omnetpp.ini,
Baseline-6-20260929-10:48:33-67,runattr,,,iterationvars,,
Baseline-6-20260929-10:48:33-67,runattr,,,iterationvarsd,,
Baseline-6-20260929-10:48:33-67,runattr,,,iterationvarsf,,
Baseline-6-20260929-10:48:33-67,runattr,,,measurement,,
Baseline-6-20260929-10:48:33-67,runattr,,,network,dect2020scheduledaccess.DectScheduledAccessNetwork,
Baseline-6-20260929-10:48:33-67,runattr,,,processid,67,
Baseline-6-20260929-10:48:33-67,runattr,,,repetition,6,
Baseline-6-20260929-10:48:33-67,runattr,,,replication,#6,
Baseline-6-20260929-10:48:33-67,runattr,,,resultdir,results,
Baseline-6-20260929-10:48:33-67,runattr,,,runnumber,6,
Baseline-6-20260929-10:48:33-67,runattr,,,seedset,6,
Baseline-6-20260929-10:48:33-67,config,,,repeat,10,
Baseline-6-20260929-10:48:33-67,config,,,seed-set,6,
Baseline-6-20260929-10:48:33-67,config,,,*.queue.D,10,
Baseline-6-20260929-10:48:33-67,config,,,*.queue.r,30,
Baseline-6-20260929-10:48:33-67,config,,,*.queue.rho,0.084745762712,
Baseline-6-20260929-10:48:33-67,config,,,network,dect2020scheduledaccess.DectScheduledAccessNetwork,
Baseline-6-20260929-10:48:33-67,config,,,cmdenv-express-mode,true,
Baseline-6-20260929-10:48:33-67,config,,,cmdenv-status-frequency,10s,
Baseline-6-20260929-10:48:33-67,config,,,result-dir,results,
Baseline-6-20260929-10:48:33-67,config,,,*.queue.frameDuration,10ms,
Baseline-6-20260929-10:48:33-67,config,,,*.queue.meanType1ServiceTime,0.4166666667ms,
Baseline-6-20260929-10:48:33-67,config,,,*.queue.deriveDectParametersFromD,true,
Baseline-6-20260929-10:48:33-67,config,,,*.queue.deriveLambdaFromRho,true,
Baseline-6-20260929-10:48:33-67,config,,,*.queue.warmupCompletedPackets,200000,
Baseline-6-20260929-10:48:33-67,config,,,*.queue.targetCompletedPackets,1000000,
Baseline-6-20260929-10:48:33-67,config,,,*.queue.recordVectors,false,
Baseline-6-20260929-10:48:33-67,config,,,*.queue.rngIndex,0,
Baseline-7-20260929-10:48:33-67,runattr,,,configname,Baseline,
Baseline-7-20260929-10:48:33-67,runattr,,,datetime,20260929-10:48:33,
Baseline-7-20260929-10:48:33-67,runattr,,,datetimef,20260929-104833,
Baseline-7-20260929-10:48:33-67,runattr,,,experiment,Baseline,
Baseline-7-20260929-10:48:33-67,runattr,,,inifile,omnetpp.ini,
Baseline-7-20260929-10:48:33-67,runattr,,,iterationvars,,
Baseline-7-20260929-10:48:33-67,runattr,,,iterationvarsd,,
Baseline-7-20260929-10:48:33-67,runattr,,,iterationvarsf,,
Baseline-7-20260929-10:48:33-67,runattr,,,measurement,,
Baseline-7-20260929-10:48:33-67,runattr,,,network,dect2020scheduledaccess.DectScheduledAccessNetwork,
Baseline-7-20260929-10:48:33-67,runattr,,,processid,67,
Baseline-7-20260929-10:48:33-67,runattr,,,repetition,7,
Baseline-7-20260929-10:48:33-67,runattr,,,replication,#7,
Baseline-7-20260929-10:48:33-67,runattr,,,resultdir,results,
Baseline-7-20260929-10:48:33-67,runattr,,,runnumber,7,
Baseline-7-20260929-10:48:33-67,runattr,,,seedset,7,
Baseline-7-20260929-10:48:33-67,config,,,repeat,10,
Baseline-7-20260929-10:48:33-67,config,,,seed-set,7,
Baseline-7-20260929-10:48:33-67,config,,,*.queue.D,10,
Baseline-7-20260929-10:48:33-67,config,,,*.queue.r,30,
Baseline-7-20260929-10:48:33-67,config,,,*.queue.rho,0.084745762712,
Baseline-7-20260929-10:48:33-67,config,,,network,dect2020scheduledaccess.DectScheduledAccessNetwork,
Baseline-7-20260929-10:48:33-67,config,,,cmdenv-express-mode,true,
Baseline-7-20260929-10:48:33-67,config,,,cmdenv-status-frequency,10s,
Baseline-7-20260929-10:48:33-67,config,,,result-dir,results,
Baseline-7-20260929-10:48:33-67,config,,,*.queue.frameDuration,10ms,
Baseline-7-20260929-10:48:33-67,config,,,*.queue.meanType1ServiceTime,0.4166666667ms,
Baseline-7-20260929-10:48:33-67,config,,,*.queue.deriveDectParametersFromD,true,
Baseline-7-20260929-10:48:33-67,config,,,*.queue.deriveLambdaFromRho,true,
Baseline-7-20260929-10:48:33-67,config,,,*.queue.warmupCompletedPackets,200000,
Baseline-7-20260929-10:48:33-67,config,,,*.queue.targetCompletedPackets,1000000,
Baseline-7-20260929-10:48:33-67,config,,,*.queue.recordVectors,false,
Baseline-7-20260929-10:48:33-67,config,,,*.queue.rngIndex,0,
Baseline-8-20260929-10:48:33-67,runattr,,,configname,Baseline,
Baseline-8-20260929-10:48:33-67,runattr,,,datetime,20260929-10:48:33,
Baseline-8-20260929-10:48:33-67,runattr,,,datetimef,20260929-104833,
Baseline-8-20260929-10:48:33-67,runattr,,,experiment,Baseline,
Baseline-8-20260929-10:48:33-67,runattr,,,inifile,omnetpp.ini,
Baseline-8-20260929-10:48:33-67,runattr,,,iterationvars,,
Baseline-8-20260929-10:48:33-67,runattr,,,iterationvarsd,,
Baseline-8-20260929-10:48:33-67,runattr,,,iterationvarsf,,
Baseline-8-20260929-10:48:33-67,runattr,,,measurement,,
Baseline-8-20260929-10:48:33-67,runattr,,,network,dect2020scheduledaccess.DectScheduledAccessNetwork,
Baseline-8-20260929-10:48:33-67,runattr,,,processid,67,
Baseline-8-20260929-10:48:33-67,runattr,,,repetition,8,
Baseline-8-20260929-10:48:33-67,runattr,,,replication,#8,
Baseline-8-20260929-10:48:33-67,runattr,,,resultdir,results,
Baseline-8-20260929-10:48:33-67,runattr,,,runnumber,8,
Baseline-8-20260929-10:48:33-67,runattr,,,seedset,8,
Baseline-8-20260929-10:48:33-67,config,,,repeat,10,
Baseline-8-20260929-10:48:33-67,config,,,seed-set,8,
Baseline-8-20260929-10:48:33-67,config,,,*.queue.D,10,
Baseline-8-20260929-10:48:33-67,config,,,*.queue.r,30,
Baseline-8-20260929-10:48:33-67,config,,,*.queue.rho,0.084745762712,
Baseline-8-20260929-10:48:33-67,config,,,network,dect2020scheduledaccess.DectScheduledAccessNetwork,
Baseline-8-20260929-10:48:33-67,config,,,cmdenv-express-mode,true,
Baseline-8-20260929-10:48:33-67,config,,,cmdenv-status-frequency,10s,
Baseline-8-20260929-10:48:33-67,config,,,result-dir,results,
Baseline-8-20260929-10:48:33-67,config,,,*.queue.frameDuration,10ms,
Baseline-8-20260929-10:48:33-67,config,,,*.queue.meanType1ServiceTime,0.4166666667ms,
Baseline-8-20260929-10:48:33-67,config,,,*.queue.deriveDectParametersFromD,true,
Baseline-8-20260929-10:48:33-67,config,,,*.queue.deriveLambdaFromRho,true,
Baseline-8-20260929-10:48:33-67,config,,,*.queue.warmupCompletedPackets,200000,
Baseline-8-20260929-10:48:33-67,config,,,*.queue.targetCompletedPackets,1000000,
Baseline-8-20260929-10:48:33-67,config,,,*.queue.recordVectors,false,
Baseline-8-20260929-10:48:33-67,config,,,*.queue.rngIndex,0,
Baseline-9-20260929-10:48:34-67,runattr,,,configname,Baseline,
Baseline-9-20260929-10:48:34-67,runattr,,,datetime,20260929-10:48:34,
Baseline-9-20260929-10:48:34-67,runattr,,,datetimef,20260929-104834,
Baseline-9-20260929-10:48:34-67,runattr,,,experiment,Baseline,
Baseline-9-20260929-10:48:34-67,runattr,,,inifile,omnetpp.ini,
Baseline-9-20260929-10:48:34-67,runattr,,,iterationvars,,
Baseline-9-20260929-10:48:34-67,runattr,,,iterationvarsd,,
Baseline-9-20260929-10:48:34-67,runattr,,,iterationvarsf,,
Baseline-9-20260929-10:48:34-67,runattr,,,measurement,,
Baseline-9-20260929-10:48:34-67,runattr,,,network,dect2020scheduledaccess.DectScheduledAccessNetwork,
Baseline-9-20260929-10:48:34-67,runattr,,,processid,67,
Baseline-9-20260929-10:48:34-67,runattr,,,repetition,9,
Baseline-9-20260929-10:48:34-67,runattr,,,replication,#9,
Baseline-9-20260929-10:48:34-67,runattr,,,resultdir,results,
Baseline-9-20260929-10:48:34-67,runattr,,,runnumber,9,
Baseline-9-20260929-10:48:34-67,runattr,,,seedset,9,
Baseline-9-20260929-10:48:34-67,config,,,repeat,10,
Baseline-9-20260929-10:48:34-67,config,,,seed-set,9,
Baseline-9-20260929-10:48:34-67,config,,,*.queue.D,10,
Baseline-9-20260929-10:48:34-67,config,,,*.queue.r,30,
Baseline-9-20260929-10:48:34-67,config,,,*.queue.rho,0.084745762712,
Baseline-9-20260929-10:48:34-67,config,,,network,dect2020scheduledaccess.DectScheduledAccessNetwork,
Baseline-9-20260929-10:48:34-67,config,,,cmdenv-express-mode,true,
Baseline-9-20260929-10:48:34-67,config,,,cmdenv-status-frequency,10s,
Baseline-9-20260929-10:48:34-67,config,,,result-dir,results,
Baseline-9-20260929-10:48:34-67,config,,,*.queue.frameDuration,10ms,
Baseline-9-20260929-10:48:34-67,config,,,*.queue.meanType1ServiceTime,0.4166666667ms,
Baseline-9-20260929-10:48:34-67,config,,,*.queue.deriveDectParametersFromD,true,
Baseline-9-20260929-10:48:34-67,config,,,*.queue.deriveLambdaFromRho,true,
Baseline-9-20260929-10:48:34-67,config,,,*.queue.warmupCompletedPackets,200000,
Baseline-9-20260929-10:48:34-67,config,,,*.queue.targetCompletedPackets,1000000,
Baseline-9-20260929-10:48:34-67,config,,,*.queue.recordVectors,false,
Baseline-9-20260929-10:48:34-67,config,,,*.queue.rngIndex,0,
Baseline-0-20260929-10:48:31-67,scalar,DectScheduledAccessNetwork.queue,D,,,10
Baseline-0-20260929-10:48:31-67,scalar,DectScheduledAccessNetwork.queue,r,,,30
Baseline-0-20260929-10:48:31-67,scalar,DectScheduledAccessNetwork.queue,L_effective,,,2
Baseline-0-20260929-10:48:31-67,scalar,DectScheduledAccessNetwork.queue,rho,,,0.084745762712
Baseline-0-20260929-10:48:31-67,scalar,DectScheduledAccessNetwork.queue,lambda_per_ms,,,0.20338983034609
Baseline-0-20260929-10:48:31-67,scalar,DectScheduledAccessNetwork.queue,lambda_sat_per_ms,,,0.20338983049469
Baseline-0-20260929-10:48:31-67,scalar,DectScheduledAccessNetwork.queue,rho_sat,,,0.084745762773916
Baseline-0-20260929-10:48:31-67,scalar,DectScheduledAccessNetwork.queue,mean_type1_service_ms,,,0.416666667
Baseline-0-20260929-10:48:31-67,scalar,DectScheduledAccessNetwork.queue,type2_service_ms,,,9
Baseline-0-20260929-10:48:31-67,scalar,DectScheduledAccessNetwork.queue,warmup_type1_completions,,,200000
Baseline-0-20260929-10:48:31-67,scalar,DectScheduledAccessNetwork.queue,measured_arrivals,,,1017045
Baseline-0-20260929-10:48:31-67,scalar,DectScheduledAccessNetwork.queue,measured_accepted_arrivals,,,1000013
Baseline-0-20260929-10:48:31-67,scalar,DectScheduledAccessNetwork.queue,measured_blocked_arrivals,,,17032
Baseline-0-20260929-10:48:31-67,scalar,DectScheduledAccessNetwork.queue,measured_completed_packets,,,1000000
Baseline-0-20260929-10:48:31-67,scalar,DectScheduledAccessNetwork.queue,observation_time_s,,,5004.9775829791
Baseline-0-20260929-10:48:31-67,scalar,DectScheduledAccessNetwork.queue,blocking_probability,,,0.016746554970527
Baseline-0-20260929-10:48:31-67,scalar,DectScheduledAccessNetwork.queue,mean_type1_number,,,14.778855673699
Baseline-0-20260929-10:48:31-67,scalar,DectScheduledAccessNetwork.queue,mean_delay_direct_ms,,,73.967421301838
Baseline-0-20260929-10:48:31-67,scalar,DectScheduledAccessNetwork.queue,effective_throughput_departures_per_ms,,,0.19980109469437
Baseline-0-20260929-10:48:31-67,scalar,DectScheduledAccessNetwork.queue,effective_throughput_accepted_per_ms,,,0.1998036921086
Baseline-0-20260929-10:48:31-67,scalar,DectScheduledAccessNetwork.queue,mean_delay_little_ms,,,73.967841348949
Baseline-0-20260929-10:48:31-67,scalar,DectScheduledAccessNetwork.queue,little_vs_direct_relative_error,,,5.6788124236373e-06
Baseline-1-20260929-10:48:31-67,scalar,DectScheduledAccessNetwork.queue,D,,,10
Baseline-1-20260929-10:48:31-67,scalar,DectScheduledAccessNetwork.queue,r,,,30
Baseline-1-20260929-10:48:31-67,scalar,DectScheduledAccessNetwork.queue,L_effective,,,2
Baseline-1-20260929-10:48:31-67,scalar,DectScheduledAccessNetwork.queue,rho,,,0.084745762712
Baseline-1-20260929-10:48:31-67,scalar,DectScheduledAccessNetwork.queue,lambda_per_ms,,,0.20338983034609
Baseline-1-20260929-10:48:31-67,scalar,DectScheduledAccessNetwork.queue,lambda_sat_per_ms,,,0.20338983049469
Baseline-1-20260929-10:48:31-67,scalar,DectScheduledAccessNetwork.queue,rho_sat,,,0.084745762773916
Baseline-1-20260929-10:48:31-67,scalar,DectScheduledAccessNetwork.queue,mean_type1_service_ms,,,0.416666667
Baseline-1-20260929-10:48:31-67,scalar,DectScheduledAccessNetwork.queue,type2_service_ms,,,9
Baseline-1-20260929-10:48:31-67,scalar,DectScheduledAccessNetwork.queue,warmup_type1_completions,,,200000
Baseline-1-20260929-10:48:31-67,scalar,DectScheduledAccessNetwork.queue,measured_arrivals,,,1017443
Baseline-1-20260929-10:48:31-67,scalar,DectScheduledAccessNetwork.queue,measured_accepted_arrivals,,,1000001
Baseline-1-20260929-10:48:31-67,scalar,DectScheduledAccessNetwork.queue,measured_blocked_arrivals,,,17442
Baseline-1-20260929-10:48:31-67,scalar,DectScheduledAccessNetwork.queue,measured_completed_packets,,,1000000
Baseline-1-20260929-10:48:31-67,scalar,DectScheduledAccessNetwork.queue,observation_time_s,,,5004.4095345832
Baseline-1-20260929-10:48:31-67,scalar,DectScheduledAccessNetwork.queue,blocking_probability,,,0.017142975085582
Baseline-1-20260929-10:48:31-67,scalar,DectScheduledAccessNetwork.queue,mean_type1_number,,,14.903312737887
Baseline-1-20260929-10:48:31-67,scalar,DectScheduledAccessNetwork.queue,mean_delay_direct_ms,,,74.582253859244
Baseline-1-20260929-10:48:31-67,scalar,DectScheduledAccessNetwork.queue,effective_throughput_departures_per_ms,,,0.19982377403157
Baseline-1-20260929-10:48:31-67,scalar,DectScheduledAccessNetwork.queue,effective_throughput_accepted_per_ms,,,0.19982397385535
Baseline-1-20260929-10:48:31-67,scalar,DectScheduledAccessNetwork.queue,mean_delay_little_ms,,,74.582280362358
Baseline-1-20260929-10:48:31-67,scalar,DectScheduledAccessNetwork.queue,little_vs_direct_relative_error,,,3.5535416031962e-07
Baseline-2-20260929-10:48:32-67,scalar,DectScheduledAccessNetwork.queue,D,,,10
Baseline-2-20260929-10:48:32-67,scalar,DectScheduledAccessNetwork.queue,r,,,30
Baseline-2-20260929-10:48:32-67,scalar,DectScheduledAccessNetwork.queue,L_effective,,,2
Baseline-2-20260929-10:48:32-67,scalar,DectScheduledAccessNetwork.queue,rho,,,0.084745762712
Baseline-2-20260929-10:48:32-67,scalar,DectScheduledAccessNetwork.queue,lambda_per_ms,,,0.20338983034609
Baseline-2-20260929-10:48:32-67,scalar,DectScheduledAccessNetwork.queue,lambda_sat_per_ms,,,0.20338983049469
Baseline-2-20260929-10:48:32-67,scalar,DectScheduledAccessNetwork.queue,rho_sat,,,0.084745762773916
Baseline-2-20260929-10:48:32-67,scalar,DectScheduledAccessNetwork.queue,mean_type1_service_ms,,,0.416666667
Baseline-2-20260929-10:48:32-67,scalar,DectScheduledAccessNetwork.queue,type2_service_ms,,,9
Baseline-2-20260929-10:48:32-67,scalar,DectScheduledAccessNetwork.queue,warmup_type1_completions,,,200000
Baseline-2-20260929-10:48:32-67,scalar,DectScheduledAccessNetwork.queue,measured_arrivals,,,1017659
Baseline-2-20260929-10:48:32-67,scalar,DectScheduledAccessNetwork.queue,measured_accepted_arrivals,,,1000024
Baseline-2-20260929-10:48:32-67,scalar,DectScheduledAccessNetwork.queue,measured_blocked_arrivals,,,17635
Baseline-2-20260929-10:48:32-67,scalar,DectScheduledAccessNetwork.queue,measured_completed_packets,,,1000000
Baseline-2-20260929-10:48:32-67,scalar,DectScheduledAccessNetwork.queue,observation_time_s,,,4998.8933094461
Baseline-2-20260929-10:48:32-67,scalar,DectScheduledAccessNetwork.queue,blocking_probability,,,0.017328987411304
Baseline-2-20260929-10:48:32-67,scalar,DectScheduledAccessNetwork.queue,mean_type1_number,,,15.091281673263
Baseline-2-20260929-10:48:32-67,scalar,DectScheduledAccessNetwork.queue,mean_delay_direct_ms,,,75.438394776356
Baseline-2-20260929-10:48:32-67,scalar,DectScheduledAccessNetwork.queue,effective_throughput_departures_per_ms,,,0.20004427742244
Baseline-2-20260929-10:48:32-67,scalar,DectScheduledAccessNetwork.queue,effective_throughput_accepted_per_ms,,,0.2000490784851
Baseline-2-20260929-10:48:32-67,scalar,DectScheduledAccessNetwork.queue,mean_delay_little_ms,,,75.439706987442
Baseline-2-20260929-10:48:32-67,scalar,DectScheduledAccessNetwork.queue,little_vs_direct_relative_error,,,1.7394472528576e-05
Baseline-3-20260929-10:48:32-67,scalar,DectScheduledAccessNetwork.queue,D,,,10
Baseline-3-20260929-10:48:32-67,scalar,DectScheduledAccessNetwork.queue,r,,,30
Baseline-3-20260929-10:48:32-67,scalar,DectScheduledAccessNetwork.queue,L_effective,,,2
Baseline-3-20260929-10:48:32-67,scalar,DectScheduledAccessNetwork.queue,rho,,,0.084745762712
Baseline-3-20260929-10:48:32-67,scalar,DectScheduledAccessNetwork.queue,lambda_per_ms,,,0.20338983034609
Baseline-3-20260929-10:48:32-67,scalar,DectScheduledAccessNetwork.queue,lambda_sat_per_ms,,,0.20338983049469
Baseline-3-20260929-10:48:32-67,scalar,DectScheduledAccessNetwork.queue,rho_sat,,,0.084745762773916
Baseline-3-20260929-10:48:32-67,scalar,DectScheduledAccessNetwork.queue,mean_type1_service_ms,,,0.416666667
Baseline-3-20260929-10:48:32-67,scalar,DectScheduledAccessNetwork.queue,type2_service_ms,,,9
Baseline-3-20260929-10:48:32-67,scalar,DectScheduledAccessNetwork.queue,warmup_type1_completions,,,200000
Baseline-3-20260929-10:48:32-67,scalar,DectScheduledAccessNetwork.queue,measured_arrivals,,,1016838
Baseline-3-20260929-10:48:32-67,scalar,DectScheduledAccessNetwork.queue,measured_accepted_arrivals,,,1000009
Baseline-3-20260929-10:48:32-67,scalar,DectScheduledAccessNetwork.queue,measured_blocked_arrivals,,,16829
Baseline-3-20260929-10:48:32-67,scalar,DectScheduledAccessNetwork.queue,measured_completed_packets,,,1000000
Baseline-3-20260929-10:48:32-67,scalar,DectScheduledAccessNetwork.queue,observation_time_s,,,5004.7179495564
Baseline-3-20260929-10:48:32-67,scalar,DectScheduledAccessNetwork.queue,blocking_probability,,,0.016550325617257
Baseline-3-20260929-10:48:32-67,scalar,DectScheduledAccessNetwork.queue,mean_type1_number,,,14.622074447829
Baseline-3-20260929-10:48:32-67,scalar,DectScheduledAccessNetwork.queue,mean_delay_direct_ms,,,73.178203490057
Baseline-3-20260929-10:48:32-67,scalar,DectScheduledAccessNetwork.queue,effective_throughput_departures_per_ms,,,0.19981145992226
Baseline-3-20260929-10:48:32-67,scalar,DectScheduledAccessNetwork.queue,effective_throughput_accepted_per_ms,,,0.1998132582254
Baseline-3-20260929-10:48:32-67,scalar,DectScheduledAccessNetwork.queue,mean_delay_little_ms,,,73.179358448798
Baseline-3-20260929-10:48:32-67,scalar,DectScheduledAccessNetwork.queue,little_vs_direct_relative_error,,,1.5782824479338e-05
Baseline-4-20260929-10:48:32-67,scalar,DectScheduledAccessNetwork.queue,D,,,10
Baseline-4-20260929-10:48:32-67,scalar,DectScheduledAccessNetwork.queue,r,,,30
Baseline-4-20260929-10:48:32-67,scalar,DectScheduledAccessNetwork.queue,L_effective,,,2
Baseline-4-20260929-10:48:32-67,scalar,DectScheduledAccessNetwork.queue,rho,,,0.084745762712
Baseline-4-20260929-10:48:32-67,scalar,DectScheduledAccessNetwork.queue,lambda_per_ms,,,0.20338983034609
Baseline-4-20260929-10:48:32-67,scalar,DectScheduledAccessNetwork.queue,lambda_sat_per_ms,,,0.20338983049469
Baseline-4-20260929-10:48:32-67,scalar,DectScheduledAccessNetwork.queue,rho_sat,,,0.084745762773916
Baseline-4-20260929-10:48:32-67,scalar,DectScheduledAccessNetwork.queue,mean_type1_service_ms,,,0.416666667
Baseline-4-20260929-10:48:32-67,scalar,DectScheduledAccessNetwork.queue,type2_service_ms,,,9
Baseline-4-20260929-10:48:32-67,scalar,DectScheduledAccessNetwork.queue,warmup_type1_completions,,,200000
Baseline-4-20260929-10:48:32-67,scalar,DectScheduledAccessNetwork.queue,measured_arrivals,,,1015982
Baseline-4-20260929-10:48:32-67,scalar,DectScheduledAccessNetwork.queue,measured_accepted_arrivals,,,1000015
Baseline-4-20260929-10:48:32-67,scalar,DectScheduledAccessNetwork.queue,measured_blocked_arrivals,,,15967
Baseline-4-20260929-10:48:32-67,scalar,DectScheduledAccessNetwork.queue,measured_completed_packets,,,1000000
Baseline-4-20260929-10:48:32-67,scalar,DectScheduledAccessNetwork.queue,observation_time_s,,,5008.087583894
Baseline-4-20260929-10:48:32-67,scalar,DectScheduledAccessNetwork.queue,blocking_probability,,,0.015715829611155
Baseline-4-20260929-10:48:32-67,scalar,DectScheduledAccessNetwork.queue,mean_type1_number,,,14.372892745425
Baseline-4-20260929-10:48:32-67,scalar,DectScheduledAccessNetwork.queue,mean_delay_direct_ms,,,71.979621242422
Baseline-4-20260929-10:48:32-67,scalar,DectScheduledAccessNetwork.queue,effective_throughput_departures_per_ms,,,0.19967701907131
Baseline-4-20260929-10:48:32-67,scalar,DectScheduledAccessNetwork.queue,effective_throughput_accepted_per_ms,,,0.1996800142266
Baseline-4-20260929-10:48:32-67,scalar,DectScheduledAccessNetwork.queue,mean_delay_little_ms,,,71.980705703001
Baseline-4-20260929-10:48:32-67,scalar,DectScheduledAccessNetwork.queue,little_vs_direct_relative_error,,,1.5066216809245e-05
Baseline-5-20260929-10:48:33-67,scalar,DectScheduledAccessNetwork.queue,D,,,10
Baseline-5-20260929-10:48:33-67,scalar,DectScheduledAccessNetwork.queue,r,,,30
Baseline-5-20260929-10:48:33-67,scalar,DectScheduledAccessNetwork.queue,L_effective,,,2
Baseline-5-20260929-10:48:33-67,scalar,DectScheduledAccessNetwork.queue,rho,,,0.084745762712
Baseline-5-20260929-10:48:33-67,scalar,DectScheduledAccessNetwork.queue,lambda_per_ms,,,0.20338983034609
Baseline-5-20260929-10:48:33-67,scalar,DectScheduledAccessNetwork.queue,lambda_sat_per_ms,,,0.20338983049469
Baseline-5-20260929-10:48:33-67,scalar,DectScheduledAccessNetwork.queue,rho_sat,,,0.084745762773916
Baseline-5-20260929-10:48:33-67,scalar,DectScheduledAccessNetwork.queue,mean_type1_service_ms,,,0.416666667
Baseline-5-20260929-10:48:33-67,scalar,DectScheduledAccessNetwork.queue,type2_service_ms,,,9
Baseline-5-20260929-10:48:33-67,scalar,DectScheduledAccessNetwork.queue,warmup_type1_completions,,,200000
Baseline-5-20260929-10:48:33-67,scalar,DectScheduledAccessNetwork.queue,measured_arrivals,,,1017026
Baseline-5-20260929-10:48:33-67,scalar,DectScheduledAccessNetwork.queue,measured_accepted_arrivals,,,1000028
Baseline-5-20260929-10:48:33-67,scalar,DectScheduledAccessNetwork.queue,measured_blocked_arrivals,,,16998
Baseline-5-20260929-10:48:33-67,scalar,DectScheduledAccessNetwork.queue,measured_completed_packets,,,1000000
Baseline-5-20260929-10:48:33-67,scalar,DectScheduledAccessNetwork.queue,observation_time_s,,,4999.2960191146
Baseline-5-20260929-10:48:33-67,scalar,DectScheduledAccessNetwork.queue,blocking_probability,,,0.016713437021276
Baseline-5-20260929-10:48:33-67,scalar,DectScheduledAccessNetwork.queue,mean_type1_number,,,14.971881189355
Baseline-5-20260929-10:48:33-67,scalar,DectScheduledAccessNetwork.queue,mean_delay_direct_ms,,,74.846064703601
Baseline-5-20260929-10:48:33-67,scalar,DectScheduledAccessNetwork.queue,effective_throughput_departures_per_ms,,,0.20002816320069
Baseline-5-20260929-10:48:33-67,scalar,DectScheduledAccessNetwork.queue,effective_throughput_accepted_per_ms,,,0.20003376398926
Baseline-5-20260929-10:48:33-67,scalar,DectScheduledAccessNetwork.queue,mean_delay_little_ms,,,74.848866028601
Baseline-5-20260929-10:48:33-67,scalar,DectScheduledAccessNetwork.queue,little_vs_direct_relative_error,,,3.7427819500335e-05
Baseline-6-20260929-10:48:33-67,scalar,DectScheduledAccessNetwork.queue,D,,,10
Baseline-6-20260929-10:48:33-67,scalar,DectScheduledAccessNetwork.queue,r,,,30
Baseline-6-20260929-10:48:33-67,scalar,DectScheduledAccessNetwork.queue,L_effective,,,2
Baseline-6-20260929-10:48:33-67,scalar,DectScheduledAccessNetwork.queue,rho,,,0.084745762712
Baseline-6-20260929-10:48:33-67,scalar,DectScheduledAccessNetwork.queue,lambda_per_ms,,,0.20338983034609
Baseline-6-20260929-10:48:33-67,scalar,DectScheduledAccessNetwork.queue,lambda_sat_per_ms,,,0.20338983049469
Baseline-6-20260929-10:48:33-67,scalar,DectScheduledAccessNetwork.queue,rho_sat,,,0.084745762773916
Baseline-6-20260929-10:48:33-67,scalar,DectScheduledAccessNetwork.queue,mean_type1_service_ms,,,0.416666667
Baseline-6-20260929-10:48:33-67,scalar,DectScheduledAccessNetwork.queue,type2_service_ms,,,9
Baseline-6-20260929-10:48:33-67,scalar,DectScheduledAccessNetwork.queue,warmup_type1_completions,,,200000
Baseline-6-20260929-10:48:33-67,scalar,DectScheduledAccessNetwork.queue,measured_arrivals,,,1016669
Baseline-6-20260929-10:48:33-67,scalar,DectScheduledAccessNetwork.queue,measured_accepted_arrivals,,,1000004
Baseline-6-20260929-10:48:33-67,scalar,DectScheduledAccessNetwork.queue,measured_blocked_arrivals,,,16665
Baseline-6-20260929-10:48:33-67,scalar,DectScheduledAccessNetwork.queue,measured_completed_packets,,,1000000
Baseline-6-20260929-10:48:33-67,scalar,DectScheduledAccessNetwork.queue,observation_time_s,,,5003.3452456928
Baseline-6-20260929-10:48:33-67,scalar,DectScheduledAccessNetwork.queue,blocking_probability,,,0.016391765658243
Baseline-6-20260929-10:48:33-67,scalar,DectScheduledAccessNetwork.queue,mean_type1_number,,,14.864389292295
Baseline-6-20260929-10:48:33-67,scalar,DectScheduledAccessNetwork.queue,mean_delay_direct_ms,,,74.37158836209
Baseline-6-20260929-10:48:33-67,scalar,DectScheduledAccessNetwork.queue,effective_throughput_departures_per_ms,,,0.19986627963778
Baseline-6-20260929-10:48:33-67,scalar,DectScheduledAccessNetwork.queue,effective_throughput_accepted_per_ms,,,0.1998670791029
Baseline-6-20260929-10:48:33-67,scalar,DectScheduledAccessNetwork.queue,mean_delay_little_ms,,,74.371671495733
Baseline-6-20260929-10:48:33-67,scalar,DectScheduledAccessNetwork.queue,little_vs_direct_relative_error,,,1.1178145391533e-06
Baseline-7-20260929-10:48:33-67,scalar,DectScheduledAccessNetwork.queue,D,,,10
Baseline-7-20260929-10:48:33-67,scalar,DectScheduledAccessNetwork.queue,r,,,30
Baseline-7-20260929-10:48:33-67,scalar,DectScheduledAccessNetwork.queue,L_effective,,,2
Baseline-7-20260929-10:48:33-67,scalar,DectScheduledAccessNetwork.queue,rho,,,0.084745762712
Baseline-7-20260929-10:48:33-67,scalar,DectScheduledAccessNetwork.queue,lambda_per_ms,,,0.20338983034609
Baseline-7-20260929-10:48:33-67,scalar,DectScheduledAccessNetwork.queue,lambda_sat_per_ms,,,0.20338983049469
Baseline-7-20260929-10:48:33-67,scalar,DectScheduledAccessNetwork.queue,rho_sat,,,0.084745762773916
Baseline-7-20260929-10:48:33-67,scalar,DectScheduledAccessNetwork.queue,mean_type1_service_ms,,,0.416666667
Baseline-7-20260929-10:48:33-67,scalar,DectScheduledAccessNetwork.queue,type2_service_ms,,,9
Baseline-7-20260929-10:48:33-67,scalar,DectScheduledAccessNetwork.queue,warmup_type1_completions,,,200000
Baseline-7-20260929-10:48:33-67,scalar,DectScheduledAccessNetwork.queue,measured_arrivals,,,1017165
Baseline-7-20260929-10:48:33-67,scalar,DectScheduledAccessNetwork.queue,measured_accepted_arrivals,,,1000006
Baseline-7-20260929-10:48:33-67,scalar,DectScheduledAccessNetwork.queue,measured_blocked_arrivals,,,17159
Baseline-7-20260929-10:48:33-67,scalar,DectScheduledAccessNetwork.queue,measured_completed_packets,,,1000000
Baseline-7-20260929-10:48:33-67,scalar,DectScheduledAccessNetwork.queue,observation_time_s,,,5003.5200401648
Baseline-7-20260929-10:48:33-67,scalar,DectScheduledAccessNetwork.queue,blocking_probability,,,0.016869436128848
Baseline-7-20260929-10:48:33-67,scalar,DectScheduledAccessNetwork.queue,mean_type1_number,,,14.885704957281
Baseline-7-20260929-10:48:33-67,scalar,DectScheduledAccessNetwork.queue,mean_delay_direct_ms,,,74.480085394457
Baseline-7-20260929-10:48:33-67,scalar,DectScheduledAccessNetwork.queue,effective_throughput_departures_per_ms,,,0.19985929744914
Baseline-7-20260929-10:48:33-67,scalar,DectScheduledAccessNetwork.queue,effective_throughput_accepted_per_ms,,,0.19986049660492
Baseline-7-20260929-10:48:33-67,scalar,DectScheduledAccessNetwork.queue,mean_delay_little_ms,,,74.480923065734
Baseline-7-20260929-10:48:33-67,scalar,DectScheduledAccessNetwork.queue,little_vs_direct_relative_error,,,1.1246916175933e-05
Baseline-8-20260929-10:48:33-67,scalar,DectScheduledAccessNetwork.queue,D,,,10
Baseline-8-20260929-10:48:33-67,scalar,DectScheduledAccessNetwork.queue,r,,,30
Baseline-8-20260929-10:48:33-67,scalar,DectScheduledAccessNetwork.queue,L_effective,,,2
Baseline-8-20260929-10:48:33-67,scalar,DectScheduledAccessNetwork.queue,rho,,,0.084745762712
Baseline-8-20260929-10:48:33-67,scalar,DectScheduledAccessNetwork.queue,lambda_per_ms,,,0.20338983034609
Baseline-8-20260929-10:48:33-67,scalar,DectScheduledAccessNetwork.queue,lambda_sat_per_ms,,,0.20338983049469
Baseline-8-20260929-10:48:33-67,scalar,DectScheduledAccessNetwork.queue,rho_sat,,,0.084745762773916
Baseline-8-20260929-10:48:33-67,scalar,DectScheduledAccessNetwork.queue,mean_type1_service_ms,,,0.416666667
Baseline-8-20260929-10:48:33-67,scalar,DectScheduledAccessNetwork.queue,type2_service_ms,,,9
Baseline-8-20260929-10:48:33-67,scalar,DectScheduledAccessNetwork.queue,warmup_type1_completions,,,200000
Baseline-8-20260929-10:48:33-67,scalar,DectScheduledAccessNetwork.queue,measured_arrivals,,,1017211
Baseline-8-20260929-10:48:33-67,scalar,DectScheduledAccessNetwork.queue,measured_accepted_arrivals,,,1000007
Baseline-8-20260929-10:48:33-67,scalar,DectScheduledAccessNetwork.queue,measured_blocked_arrivals,,,17204
Baseline-8-20260929-10:48:33-67,scalar,DectScheduledAccessNetwork.queue,measured_completed_packets,,,1000000
Baseline-8-20260929-10:48:33-67,scalar,DectScheduledAccessNetwork.queue,observation_time_s,,,5002.2572521093
Baseline-8-20260929-10:48:33-67,scalar,DectScheduledAccessNetwork.queue,blocking_probability,,,0.016912911873741
Baseline-8-20260929-10:48:33-67,scalar,DectScheduledAccessNetwork.queue,mean_type1_number,,,14.869542105106
Baseline-8-20260929-10:48:33-67,scalar,DectScheduledAccessNetwork.queue,mean_delay_direct_ms,,,74.380877867303
Baseline-8-20260929-10:48:33-67,scalar,DectScheduledAccessNetwork.queue,effective_throughput_departures_per_ms,,,0.19990975065873
Baseline-8-20260929-10:48:33-67,scalar,DectScheduledAccessNetwork.queue,effective_throughput_accepted_per_ms,,,0.19991115002699
Baseline-8-20260929-10:48:33-67,scalar,DectScheduledAccessNetwork.queue,mean_delay_little_ms,,,74.381274830811
Baseline-8-20260929-10:48:33-67,scalar,DectScheduledAccessNetwork.queue,little_vs_direct_relative_error,,,5.3369027002148e-06
Baseline-9-20260929-10:48:34-67,scalar,DectScheduledAccessNetwork.queue,D,,,10
Baseline-9-20260929-10:48:34-67,scalar,DectScheduledAccessNetwork.queue,r,,,30
Baseline-9-20260929-10:48:34-67,scalar,DectScheduledAccessNetwork.queue,L_effective,,,2
Baseline-9-20260929-10:48:34-67,scalar,DectScheduledAccessNetwork.queue,rho,,,0.084745762712
Baseline-9-20260929-10:48:34-67,scalar,DectScheduledAccessNetwork.queue,lambda_per_ms,,,0.20338983034609
Baseline-9-20260929-10:48:34-67,scalar,DectScheduledAccessNetwork.queue,lambda_sat_per_ms,,,0.20338983049469
Baseline-9-20260929-10:48:34-67,scalar,DectScheduledAccessNetwork.queue,rho_sat,,,0.084745762773916
Baseline-9-20260929-10:48:34-67,scalar,DectScheduledAccessNetwork.queue,mean_type1_service_ms,,,0.416666667
Baseline-9-20260929-10:48:34-67,scalar,DectScheduledAccessNetwork.queue,type2_service_ms,,,9
Baseline-9-20260929-10:48:34-67,scalar,DectScheduledAccessNetwork.queue,warmup_type1_completions,,,200000
Baseline-9-20260929-10:48:34-67,scalar,DectScheduledAccessNetwork.queue,measured_arrivals,,,1016590
Baseline-9-20260929-10:48:34-67,scalar,DectScheduledAccessNetwork.queue,measured_accepted_arrivals,,,1000007
Baseline-9-20260929-10:48:34-67,scalar,DectScheduledAccessNetwork.queue,measured_blocked_arrivals,,,16583
Baseline-9-20260929-10:48:34-67,scalar,DectScheduledAccessNetwork.queue,measured_completed_packets,,,1000000
Baseline-9-20260929-10:48:34-67,scalar,DectScheduledAccessNetwork.queue,observation_time_s,,,5001.7831240132
Baseline-9-20260929-10:48:34-67,scalar,DectScheduledAccessNetwork.queue,blocking_probability,,,0.016312377654708
Baseline-9-20260929-10:48:34-67,scalar,DectScheduledAccessNetwork.queue,mean_type1_number,,,14.693538330118
Baseline-9-20260929-10:48:34-67,scalar,DectScheduledAccessNetwork.queue,mean_delay_direct_ms,,,73.493005965609
Baseline-9-20260929-10:48:34-67,scalar,DectScheduledAccessNetwork.queue,effective_throughput_departures_per_ms,,,0.19992870046665
Baseline-9-20260929-10:48:34-67,scalar,DectScheduledAccessNetwork.queue,effective_throughput_accepted_per_ms,,,0.19993009996756
Baseline-9-20260929-10:48:34-67,scalar,DectScheduledAccessNetwork.queue,mean_delay_little_ms,,,73.493892051625
Baseline-9-20260929-10:48:34-67,scalar,DectScheduledAccessNetwork.queue,little_vs_direct_relative_error,,,1.2056739336241e-05
Baseline-0-20260929-10:48:31-67,param,DectScheduledAccessNetwork.queue,typename,,,"""dect2020scheduledaccess.ScheduledAccessQueue"""
Baseline-0-20260929-10:48:31-67,param,DectScheduledAccessNetwork.queue,D,,,10
Baseline-0-20260929-10:48:31-67,param,DectScheduledAccessNetwork.queue,frameDuration,,,0.01s
Baseline-0-20260929-10:48:31-67,attr,DectScheduledAccessNetwork.queue,frameDuration,unit,s,
Baseline-0-20260929-10:48:31-67,param,DectScheduledAccessNetwork.queue,meanType1ServiceTime,,,0.000416667s
Baseline-0-20260929-10:48:31-67,attr,DectScheduledAccessNetwork.queue,meanType1ServiceTime,unit,s,
Baseline-0-20260929-10:48:31-67,param,DectScheduledAccessNetwork.queue,deriveDectParametersFromD,,,true
Baseline-0-20260929-10:48:31-67,param,DectScheduledAccessNetwork.queue,L,,,2
Baseline-0-20260929-10:48:31-67,param,DectScheduledAccessNetwork.queue,type2ServiceTime,,,0.009s
Baseline-0-20260929-10:48:31-67,attr,DectScheduledAccessNetwork.queue,type2ServiceTime,unit,s,
Baseline-0-20260929-10:48:31-67,param,DectScheduledAccessNetwork.queue,deriveLambdaFromRho,,,true
Baseline-0-20260929-10:48:31-67,param,DectScheduledAccessNetwork.queue,rho,,,0.0847458
Baseline-0-20260929-10:48:31-67,param,DectScheduledAccessNetwork.queue,lambdaPerMs,,,0.12
Baseline-0-20260929-10:48:31-67,param,DectScheduledAccessNetwork.queue,r,,,30
Baseline-0-20260929-10:48:31-67,param,DectScheduledAccessNetwork.queue,warmupCompletedPackets,,,200000
Baseline-0-20260929-10:48:31-67,param,DectScheduledAccessNetwork.queue,targetCompletedPackets,,,1000000
Baseline-0-20260929-10:48:31-67,param,DectScheduledAccessNetwork.queue,rngIndex,,,0
Baseline-0-20260929-10:48:31-67,param,DectScheduledAccessNetwork.queue,recordVectors,,,false
Baseline-0-20260929-10:48:31-67,param,DectScheduledAccessNetwork,typename,,,"""dect2020scheduledaccess.DectScheduledAccessNetwork"""
Baseline-1-20260929-10:48:31-67,param,DectScheduledAccessNetwork.queue,typename,,,"""dect2020scheduledaccess.ScheduledAccessQueue"""
Baseline-1-20260929-10:48:31-67,param,DectScheduledAccessNetwork.queue,D,,,10
Baseline-1-20260929-10:48:31-67,param,DectScheduledAccessNetwork.queue,frameDuration,,,0.01s
Baseline-1-20260929-10:48:31-67,attr,DectScheduledAccessNetwork.queue,frameDuration,unit,s,
Baseline-1-20260929-10:48:31-67,param,DectScheduledAccessNetwork.queue,meanType1ServiceTime,,,0.000416667s
Baseline-1-20260929-10:48:31-67,attr,DectScheduledAccessNetwork.queue,meanType1ServiceTime,unit,s,
Baseline-1-20260929-10:48:31-67,param,DectScheduledAccessNetwork.queue,deriveDectParametersFromD,,,true
Baseline-1-20260929-10:48:31-67,param,DectScheduledAccessNetwork.queue,L,,,2
Baseline-1-20260929-10:48:31-67,param,DectScheduledAccessNetwork.queue,type2ServiceTime,,,0.009s
Baseline-1-20260929-10:48:31-67,attr,DectScheduledAccessNetwork.queue,type2ServiceTime,unit,s,
Baseline-1-20260929-10:48:31-67,param,DectScheduledAccessNetwork.queue,deriveLambdaFromRho,,,true
Baseline-1-20260929-10:48:31-67,param,DectScheduledAccessNetwork.queue,rho,,,0.0847458
Baseline-1-20260929-10:48:31-67,param,DectScheduledAccessNetwork.queue,lambdaPerMs,,,0.12
Baseline-1-20260929-10:48:31-67,param,DectScheduledAccessNetwork.queue,r,,,30
Baseline-1-20260929-10:48:31-67,param,DectScheduledAccessNetwork.queue,warmupCompletedPackets,,,200000
Baseline-1-20260929-10:48:31-67,param,DectScheduledAccessNetwork.queue,targetCompletedPackets,,,1000000
Baseline-1-20260929-10:48:31-67,param,DectScheduledAccessNetwork.queue,rngIndex,,,0
Baseline-1-20260929-10:48:31-67,param,DectScheduledAccessNetwork.queue,recordVectors,,,false
Baseline-1-20260929-10:48:31-67,param,DectScheduledAccessNetwork,typename,,,"""dect2020scheduledaccess.DectScheduledAccessNetwork"""
Baseline-2-20260929-10:48:32-67,param,DectScheduledAccessNetwork.queue,typename,,,"""dect2020scheduledaccess.ScheduledAccessQueue"""
Baseline-2-20260929-10:48:32-67,param,DectScheduledAccessNetwork.queue,D,,,10
Baseline-2-20260929-10:48:32-67,param,DectScheduledAccessNetwork.queue,frameDuration,,,0.01s
Baseline-2-20260929-10:48:32-67,attr,DectScheduledAccessNetwork.queue,frameDuration,unit,s,
Baseline-2-20260929-10:48:32-67,param,DectScheduledAccessNetwork.queue,meanType1ServiceTime,,,0.000416667s
Baseline-2-20260929-10:48:32-67,attr,DectScheduledAccessNetwork.queue,meanType1ServiceTime,unit,s,
Baseline-2-20260929-10:48:32-67,param,DectScheduledAccessNetwork.queue,deriveDectParametersFromD,,,true
Baseline-2-20260929-10:48:32-67,param,DectScheduledAccessNetwork.queue,L,,,2
Baseline-2-20260929-10:48:32-67,param,DectScheduledAccessNetwork.queue,type2ServiceTime,,,0.009s
Baseline-2-20260929-10:48:32-67,attr,DectScheduledAccessNetwork.queue,type2ServiceTime,unit,s,
Baseline-2-20260929-10:48:32-67,param,DectScheduledAccessNetwork.queue,deriveLambdaFromRho,,,true
Baseline-2-20260929-10:48:32-67,param,DectScheduledAccessNetwork.queue,rho,,,0.0847458
Baseline-2-20260929-10:48:32-67,param,DectScheduledAccessNetwork.queue,lambdaPerMs,,,0.12
Baseline-2-20260929-10:48:32-67,param,DectScheduledAccessNetwork.queue,r,,,30
Baseline-2-20260929-10:48:32-67,param,DectScheduledAccessNetwork.queue,warmupCompletedPackets,,,200000
Baseline-2-20260929-10:48:32-67,param,DectScheduledAccessNetwork.queue,targetCompletedPackets,,,1000000
Baseline-2-20260929-10:48:32-67,param,DectScheduledAccessNetwork.queue,rngIndex,,,0
Baseline-2-20260929-10:48:32-67,param,DectScheduledAccessNetwork.queue,recordVectors,,,false
Baseline-2-20260929-10:48:32-67,param,DectScheduledAccessNetwork,typename,,,"""dect2020scheduledaccess.DectScheduledAccessNetwork"""
Baseline-3-20260929-10:48:32-67,param,DectScheduledAccessNetwork.queue,typename,,,"""dect2020scheduledaccess.ScheduledAccessQueue"""
Baseline-3-20260929-10:48:32-67,param,DectScheduledAccessNetwork.queue,D,,,10
Baseline-3-20260929-10:48:32-67,param,DectScheduledAccessNetwork.queue,frameDuration,,,0.01s
Baseline-3-20260929-10:48:32-67,attr,DectScheduledAccessNetwork.queue,frameDuration,unit,s,
Baseline-3-20260929-10:48:32-67,param,DectScheduledAccessNetwork.queue,meanType1ServiceTime,,,0.000416667s
Baseline-3-20260929-10:48:32-67,attr,DectScheduledAccessNetwork.queue,meanType1ServiceTime,unit,s,
Baseline-3-20260929-10:48:32-67,param,DectScheduledAccessNetwork.queue,deriveDectParametersFromD,,,true
Baseline-3-20260929-10:48:32-67,param,DectScheduledAccessNetwork.queue,L,,,2
Baseline-3-20260929-10:48:32-67,param,DectScheduledAccessNetwork.queue,type2ServiceTime,,,0.009s
Baseline-3-20260929-10:48:32-67,attr,DectScheduledAccessNetwork.queue,type2ServiceTime,unit,s,
Baseline-3-20260929-10:48:32-67,param,DectScheduledAccessNetwork.queue,deriveLambdaFromRho,,,true
Baseline-3-20260929-10:48:32-67,param,DectScheduledAccessNetwork.queue,rho,,,0.0847458
Baseline-3-20260929-10:48:32-67,param,DectScheduledAccessNetwork.queue,lambdaPerMs,,,0.12
Baseline-3-20260929-10:48:32-67,param,DectScheduledAccessNetwork.queue,r,,,30
Baseline-3-20260929-10:48:32-67,param,DectScheduledAccessNetwork.queue,warmupCompletedPackets,,,200000
Baseline-3-20260929-10:48:32-67,param,DectScheduledAccessNetwork.queue,targetCompletedPackets,,,1000000
Baseline-3-20260929-10:48:32-67,param,DectScheduledAccessNetwork.queue,rngIndex,,,0
Baseline-3-20260929-10:48:32-67,param,DectScheduledAccessNetwork.queue,recordVectors,,,false
Baseline-3-20260929-10:48:32-67,param,DectScheduledAccessNetwork,typename,,,"""dect2020scheduledaccess.DectScheduledAccessNetwork"""
Baseline-4-20260929-10:48:32-67,param,DectScheduledAccessNetwork.queue,typename,,,"""dect2020scheduledaccess.ScheduledAccessQueue"""
Baseline-4-20260929-10:48:32-67,param,DectScheduledAccessNetwork.queue,D,,,10
Baseline-4-20260929-10:48:32-67,param,DectScheduledAccessNetwork.queue,frameDuration,,,0.01s
Baseline-4-20260929-10:48:32-67,attr,DectScheduledAccessNetwork.queue,frameDuration,unit,s,
Baseline-4-20260929-10:48:32-67,param,DectScheduledAccessNetwork.queue,meanType1ServiceTime,,,0.000416667s
Baseline-4-20260929-10:48:32-67,attr,DectScheduledAccessNetwork.queue,meanType1ServiceTime,unit,s,
Baseline-4-20260929-10:48:32-67,param,DectScheduledAccessNetwork.queue,deriveDectParametersFromD,,,true
Baseline-4-20260929-10:48:32-67,param,DectScheduledAccessNetwork.queue,L,,,2
Baseline-4-20260929-10:48:32-67,param,DectScheduledAccessNetwork.queue,type2ServiceTime,,,0.009s
Baseline-4-20260929-10:48:32-67,attr,DectScheduledAccessNetwork.queue,type2ServiceTime,unit,s,
Baseline-4-20260929-10:48:32-67,param,DectScheduledAccessNetwork.queue,deriveLambdaFromRho,,,true
Baseline-4-20260929-10:48:32-67,param,DectScheduledAccessNetwork.queue,rho,,,0.0847458
Baseline-4-20260929-10:48:32-67,param,DectScheduledAccessNetwork.queue,lambdaPerMs,,,0.12
Baseline-4-20260929-10:48:32-67,param,DectScheduledAccessNetwork.queue,r,,,30
Baseline-4-20260929-10:48:32-67,param,DectScheduledAccessNetwork.queue,warmupCompletedPackets,,,200000
Baseline-4-20260929-10:48:32-67,param,DectScheduledAccessNetwork.queue,targetCompletedPackets,,,1000000
Baseline-4-20260929-10:48:32-67,param,DectScheduledAccessNetwork.queue,rngIndex,,,0
Baseline-4-20260929-10:48:32-67,param,DectScheduledAccessNetwork.queue,recordVectors,,,false
Baseline-4-20260929-10:48:32-67,param,DectScheduledAccessNetwork,typename,,,"""dect2020scheduledaccess.DectScheduledAccessNetwork"""
Baseline-5-20260929-10:48:33-67,param,DectScheduledAccessNetwork.queue,typename,,,"""dect2020scheduledaccess.ScheduledAccessQueue"""
Baseline-5-20260929-10:48:33-67,param,DectScheduledAccessNetwork.queue,D,,,10
Baseline-5-20260929-10:48:33-67,param,DectScheduledAccessNetwork.queue,frameDuration,,,0.01s
Baseline-5-20260929-10:48:33-67,attr,DectScheduledAccessNetwork.queue,frameDuration,unit,s,
Baseline-5-20260929-10:48:33-67,param,DectScheduledAccessNetwork.queue,meanType1ServiceTime,,,0.000416667s
Baseline-5-20260929-10:48:33-67,attr,DectScheduledAccessNetwork.queue,meanType1ServiceTime,unit,s,
Baseline-5-20260929-10:48:33-67,param,DectScheduledAccessNetwork.queue,deriveDectParametersFromD,,,true
Baseline-5-20260929-10:48:33-67,param,DectScheduledAccessNetwork.queue,L,,,2
Baseline-5-20260929-10:48:33-67,param,DectScheduledAccessNetwork.queue,type2ServiceTime,,,0.009s
Baseline-5-20260929-10:48:33-67,attr,DectScheduledAccessNetwork.queue,type2ServiceTime,unit,s,
Baseline-5-20260929-10:48:33-67,param,DectScheduledAccessNetwork.queue,deriveLambdaFromRho,,,true
Baseline-5-20260929-10:48:33-67,param,DectScheduledAccessNetwork.queue,rho,,,0.0847458
Baseline-5-20260929-10:48:33-67,param,DectScheduledAccessNetwork.queue,lambdaPerMs,,,0.12
Baseline-5-20260929-10:48:33-67,param,DectScheduledAccessNetwork.queue,r,,,30
Baseline-5-20260929-10:48:33-67,param,DectScheduledAccessNetwork.queue,warmupCompletedPackets,,,200000
Baseline-5-20260929-10:48:33-67,param,DectScheduledAccessNetwork.queue,targetCompletedPackets,,,1000000
Baseline-5-20260929-10:48:33-67,param,DectScheduledAccessNetwork.queue,rngIndex,,,0
Baseline-5-20260929-10:48:33-67,param,DectScheduledAccessNetwork.queue,recordVectors,,,false
Baseline-5-20260929-10:48:33-67,param,DectScheduledAccessNetwork,typename,,,"""dect2020scheduledaccess.DectScheduledAccessNetwork"""
Baseline-6-20260929-10:48:33-67,param,DectScheduledAccessNetwork.queue,typename,,,"""dect2020scheduledaccess.ScheduledAccessQueue"""
Baseline-6-20260929-10:48:33-67,param,DectScheduledAccessNetwork.queue,D,,,10
Baseline-6-20260929-10:48:33-67,param,DectScheduledAccessNetwork.queue,frameDuration,,,0.01s
Baseline-6-20260929-10:48:33-67,attr,DectScheduledAccessNetwork.queue,frameDuration,unit,s,
Baseline-6-20260929-10:48:33-67,param,DectScheduledAccessNetwork.queue,meanType1ServiceTime,,,0.000416667s
Baseline-6-20260929-10:48:33-67,attr,DectScheduledAccessNetwork.queue,meanType1ServiceTime,unit,s,
Baseline-6-20260929-10:48:33-67,param,DectScheduledAccessNetwork.queue,deriveDectParametersFromD,,,true
Baseline-6-20260929-10:48:33-67,param,DectScheduledAccessNetwork.queue,L,,,2
Baseline-6-20260929-10:48:33-67,param,DectScheduledAccessNetwork.queue,type2ServiceTime,,,0.009s
Baseline-6-20260929-10:48:33-67,attr,DectScheduledAccessNetwork.queue,type2ServiceTime,unit,s,
Baseline-6-20260929-10:48:33-67,param,DectScheduledAccessNetwork.queue,deriveLambdaFromRho,,,true
Baseline-6-20260929-10:48:33-67,param,DectScheduledAccessNetwork.queue,rho,,,0.0847458
Baseline-6-20260929-10:48:33-67,param,DectScheduledAccessNetwork.queue,lambdaPerMs,,,0.12
Baseline-6-20260929-10:48:33-67,param,DectScheduledAccessNetwork.queue,r,,,30
Baseline-6-20260929-10:48:33-67,param,DectScheduledAccessNetwork.queue,warmupCompletedPackets,,,200000
Baseline-6-20260929-10:48:33-67,param,DectScheduledAccessNetwork.queue,targetCompletedPackets,,,1000000
Baseline-6-20260929-10:48:33-67,param,DectScheduledAccessNetwork.queue,rngIndex,,,0
Baseline-6-20260929-10:48:33-67,param,DectScheduledAccessNetwork.queue,recordVectors,,,false
Baseline-6-20260929-10:48:33-67,param,DectScheduledAccessNetwork,typename,,,"""dect2020scheduledaccess.DectScheduledAccessNetwork"""
Baseline-7-20260929-10:48:33-67,param,DectScheduledAccessNetwork.queue,typename,,,"""dect2020scheduledaccess.ScheduledAccessQueue"""
Baseline-7-20260929-10:48:33-67,param,DectScheduledAccessNetwork.queue,D,,,10
Baseline-7-20260929-10:48:33-67,param,DectScheduledAccessNetwork.queue,frameDuration,,,0.01s
Baseline-7-20260929-10:48:33-67,attr,DectScheduledAccessNetwork.queue,frameDuration,unit,s,
Baseline-7-20260929-10:48:33-67,param,DectScheduledAccessNetwork.queue,meanType1ServiceTime,,,0.000416667s
Baseline-7-20260929-10:48:33-67,attr,DectScheduledAccessNetwork.queue,meanType1ServiceTime,unit,s,
Baseline-7-20260929-10:48:33-67,param,DectScheduledAccessNetwork.queue,deriveDectParametersFromD,,,true
Baseline-7-20260929-10:48:33-67,param,DectScheduledAccessNetwork.queue,L,,,2
Baseline-7-20260929-10:48:33-67,param,DectScheduledAccessNetwork.queue,type2ServiceTime,,,0.009s
Baseline-7-20260929-10:48:33-67,attr,DectScheduledAccessNetwork.queue,type2ServiceTime,unit,s,
Baseline-7-20260929-10:48:33-67,param,DectScheduledAccessNetwork.queue,deriveLambdaFromRho,,,true
Baseline-7-20260929-10:48:33-67,param,DectScheduledAccessNetwork.queue,rho,,,0.0847458
Baseline-7-20260929-10:48:33-67,param,DectScheduledAccessNetwork.queue,lambdaPerMs,,,0.12
Baseline-7-20260929-10:48:33-67,param,DectScheduledAccessNetwork.queue,r,,,30
Baseline-7-20260929-10:48:33-67,param,DectScheduledAccessNetwork.queue,warmupCompletedPackets,,,200000
Baseline-7-20260929-10:48:33-67,param,DectScheduledAccessNetwork.queue,targetCompletedPackets,,,1000000
Baseline-7-20260929-10:48:33-67,param,DectScheduledAccessNetwork.queue,rngIndex,,,0
Baseline-7-20260929-10:48:33-67,param,DectScheduledAccessNetwork.queue,recordVectors,,,false
Baseline-7-20260929-10:48:33-67,param,DectScheduledAccessNetwork,typename,,,"""dect2020scheduledaccess.DectScheduledAccessNetwork"""
Baseline-8-20260929-10:48:33-67,param,DectScheduledAccessNetwork.queue,typename,,,"""dect2020scheduledaccess.ScheduledAccessQueue"""
Baseline-8-20260929-10:48:33-67,param,DectScheduledAccessNetwork.queue,D,,,10
Baseline-8-20260929-10:48:33-67,param,DectScheduledAccessNetwork.queue,frameDuration,,,0.01s
Baseline-8-20260929-10:48:33-67,attr,DectScheduledAccessNetwork.queue,frameDuration,unit,s,
Baseline-8-20260929-10:48:33-67,param,DectScheduledAccessNetwork.queue,meanType1ServiceTime,,,0.000416667s
Baseline-8-20260929-10:48:33-67,attr,DectScheduledAccessNetwork.queue,meanType1ServiceTime,unit,s,
Baseline-8-20260929-10:48:33-67,param,DectScheduledAccessNetwork.queue,deriveDectParametersFromD,,,true
Baseline-8-20260929-10:48:33-67,param,DectScheduledAccessNetwork.queue,L,,,2
Baseline-8-20260929-10:48:33-67,param,DectScheduledAccessNetwork.queue,type2ServiceTime,,,0.009s
Baseline-8-20260929-10:48:33-67,attr,DectScheduledAccessNetwork.queue,type2ServiceTime,unit,s,
Baseline-8-20260929-10:48:33-67,param,DectScheduledAccessNetwork.queue,deriveLambdaFromRho,,,true
Baseline-8-20260929-10:48:33-67,param,DectScheduledAccessNetwork.queue,rho,,,0.0847458
Baseline-8-20260929-10:48:33-67,param,DectScheduledAccessNetwork.queue,lambdaPerMs,,,0.12
Baseline-8-20260929-10:48:33-67,param,DectScheduledAccessNetwork.queue,r,,,30
Baseline-8-20260929-10:48:33-67,param,DectScheduledAccessNetwork.queue,warmupCompletedPackets,,,200000
Baseline-8-20260929-10:48:33-67,param,DectScheduledAccessNetwork.queue,targetCompletedPackets,,,1000000
Baseline-8-20260929-10:48:33-67,param,DectScheduledAccessNetwork.queue,rngIndex,,,0
Baseline-8-20260929-10:48:33-67,param,DectScheduledAccessNetwork.queue,recordVectors,,,false
Baseline-8-20260929-10:48:33-67,param,DectScheduledAccessNetwork,typename,,,"""dect2020scheduledaccess.DectScheduledAccessNetwork"""
Baseline-9-20260929-10:48:34-67,param,DectScheduledAccessNetwork.queue,typename,,,"""dect2020scheduledaccess.ScheduledAccessQueue"""
Baseline-9-20260929-10:48:34-67,param,DectScheduledAccessNetwork.queue,D,,,10
Baseline-9-20260929-10:48:34-67,param,DectScheduledAccessNetwork.queue,frameDuration,,,0.01s
Baseline-9-20260929-10:48:34-67,attr,DectScheduledAccessNetwork.queue,frameDuration,unit,s,
Baseline-9-20260929-10:48:34-67,param,DectScheduledAccessNetwork.queue,meanType1ServiceTime,,,0.000416667s
Baseline-9-20260929-10:48:34-67,attr,DectScheduledAccessNetwork.queue,meanType1ServiceTime,unit,s,
Baseline-9-20260929-10:48:34-67,param,DectScheduledAccessNetwork.queue,deriveDectParametersFromD,,,true
Baseline-9-20260929-10:48:34-67,param,DectScheduledAccessNetwork.queue,L,,,2
Baseline-9-20260929-10:48:34-67,param,DectScheduledAccessNetwork.queue,type2ServiceTime,,,0.009s
Baseline-9-20260929-10:48:34-67,attr,DectScheduledAccessNetwork.queue,type2ServiceTime,unit,s,
Baseline-9-20260929-10:48:34-67,param,DectScheduledAccessNetwork.queue,deriveLambdaFromRho,,,true
Baseline-9-20260929-10:48:34-67,param,DectScheduledAccessNetwork.queue,rho,,,0.0847458
Baseline-9-20260929-10:48:34-67,param,DectScheduledAccessNetwork.queue,lambdaPerMs,,,0.12
Baseline-9-20260929-10:48:34-67,param,DectScheduledAccessNetwork.queue,r,,,30
Baseline-9-20260929-10:48:34-67,param,DectScheduledAccessNetwork.queue,warmupCompletedPackets,,,200000
Baseline-9-20260929-10:48:34-67,param,DectScheduledAccessNetwork.queue,targetCompletedPackets,,,1000000
Baseline-9-20260929-10:48:34-67,param,DectScheduledAccessNetwork.queue,rngIndex,,,0
Baseline-9-20260929-10:48:34-67,param,DectScheduledAccessNetwork.queue,recordVectors,,,false
Baseline-9-20260929-10:48:34-67,param,DectScheduledAccessNetwork,typename,,,"""dect2020scheduledaccess.DectScheduledAccessNetwork"""
