block_id,feature_a,feature_b,p_a_selected,p_b_selected,p_both_selected,p_neither_selected,p_exactly_one_selected,p_a_only,p_b_only,p_any_selected
B01,OFT_distance,Average_speed_OFT,0.99,0.0,0.0,0.01,0.99,0.99,0.0,0.99
B01,OFT_distance,Total_time_mobile_OFT,0.99,0.0,0.0,0.01,0.99,0.99,0.0,0.99
B01,OFT_distance,Absolute_turn_angle_OFT,0.99,0.04,0.04,0.01,0.95,0.95,0.0,0.99
B01,Average_speed_OFT,Absolute_turn_angle_OFT,0.0,0.04,0.0,0.96,0.04,0.0,0.04,0.04
B01,Total_time_mobile_OFT,Absolute_turn_angle_OFT,0.0,0.04,0.0,0.96,0.04,0.0,0.04,0.04
B01,Average_speed_OFT,Total_time_mobile_OFT,0.0,0.0,0.0,1.0,0.0,0.0,0.0,0.0
B02,Total_distance_travelled_NOR1,Average_speed_NOR1,0.0,0.69,0.0,0.31,0.69,0.0,0.69,0.69
B03,Total_distance_travelled_NOR2,Average_speed_NOR2,0.0,0.0,0.0,1.0,0.0,0.0,0.0,0.0
B04,Learning_T1mean,Learning_T1max,0.015,0.205,0.01,0.79,0.2,0.005,0.195,0.21
B04,Learning_T1max,Learning_T1sum,0.205,0.015,0.01,0.79,0.2,0.195,0.005,0.21
B04,Learning_T1mean,Learning_T1sum,0.015,0.015,0.015,0.985,0.0,0.0,0.0,0.015
B05,Learning_T2max,Learning_T2sum,0.0,0.01,0.0,0.99,0.01,0.0,0.01,0.01
B05,Learning_T2mean,Learning_T2sum,0.005,0.01,0.005,0.99,0.005,0.0,0.005,0.01
B05,Learning_T2mean,Learning_T2max,0.005,0.0,0.0,0.995,0.005,0.005,0.0,0.005
B06,Learning_T3max,Learning_T3sum,0.0,0.01,0.0,0.99,0.01,0.0,0.01,0.01
B06,Learning_T3mean,Learning_T3sum,0.005,0.01,0.005,0.99,0.005,0.0,0.005,0.01
B06,Learning_T3mean,Learning_T3max,0.005,0.0,0.0,0.995,0.005,0.005,0.0,0.005
