feature,selected_count,selected_frequency
Average_speed_NOR1,2,1.0
EnduranceT,2,1.0
Latency_to_first_investigation_Piramidka_NOR1,2,1.0
OFT_distance,2,1.0
Time_investigating_Stakan_NOR1,2,1.0
rear_nosupport,2,1.0
Absolute_turn_angle_OFT,1,0.5
Average_speed_OFT,1,0.5
Latency_to_first_investigation_Stakan_NOR1,1,0.5
Learning_T1max,1,0.5
Learning_T2mean,1,0.5
Learning_T3sum,1,0.5
Time_inCenter_OFT,1,0.5
Time_investigating_Piramidka_NOR1,1,0.5
Time_investigating_Stakan_zone_NOR2,1,0.5
Weight,1,0.5
rear_support,1,0.5
Average_speed_NOR2,0,0.0
Latency_to_first_investigation_Piramidka_zone_NOR2,0,0.0
Latency_to_first_investigation_Stakan_zone_NOR2,0,0.0
Learning_T1mean,0,0.0
Learning_T1sum,0,0.0
Learning_T2max,0,0.0
Learning_T2sum,0,0.0
Learning_T3max,0,0.0
Learning_T3mean,0,0.0
Time_investigating_Piramidka_zone_NOR2,0,0.0
Total_distance_travelled_NOR1,0,0.0
Total_distance_travelled_NOR2,0,0.0
Total_time_mobile_OFT,0,0.0
