r,rho,repetitions,D,L_effective,mean_type1_service_ms,type2_service_ms,mean_delay_ms,blocking_probability,throughput_per_ms,paoi_ms,paoi_sem_ms
1,0.005,3,10.0,2.0,0.41666666700000005,9.0,4.9894467326207,0.05234102188838966,0.011420141228533333,92.5541869328481,0.0825015676097123
1,0.01,3,10.0,2.0,0.41666666700000005,9.0,5.046794129320033,0.10129901738665,0.021665002638853334,51.20496682821056,0.1440740997535837
1,0.015,3,10.0,2.0,0.41666666700000005,9.0,5.1039941415337005,0.14690955739401002,0.030887709142213667,37.48046130618946,0.12741617414913375
1,0.02,3,10.0,2.0,0.41666666700000005,9.0,5.143506677023233,0.18723389026133666,0.039202012406161335,30.65266042459039,0.05765828118028319
1,0.025,3,10.0,2.0,0.41666666700000005,9.0,5.211791708484533,0.22617534892378666,0.04657301280364734,26.683884681849406,0.07007005601057288
1,0.03,3,10.0,2.0,0.41666666700000005,9.0,5.274028192319567,0.26109725049256,0.053338163306356996,24.022608246923866,0.046934995129005626
1,0.035,3,10.0,2.0,0.41666666700000005,9.0,5.325506793496801,0.2934408971495566,0.05939066271625667,22.163346448528998,0.04117710801001488
1,0.04,3,10.0,2.0,0.41666666700000005,9.0,5.376353654736399,0.32552936613308003,0.06496948422734866,20.76826277892565,0.024573213519634055
1,0.045,3,10.0,2.0,0.41666666700000005,9.0,5.440673400845,0.3532667096022967,0.06997559651024966,19.731470667540822,0.024163995439395108
1,0.05,3,10.0,2.0,0.41666666700000005,9.0,5.497726178596067,0.38030566667146665,0.07449813080937867,18.920923761262916,0.016317962989086585
1,0.055,3,10.0,2.0,0.41666666700000005,9.0,5.553731583290166,0.40578369904014333,0.07861233344983999,18.274438092669346,0.016637676721264996
1,0.06,3,10.0,2.0,0.41666666700000005,9.0,5.609949605437101,0.4293000692129667,0.08253219190691734,17.72645554638336,0.010353590210034316
1,0.065,3,10.0,2.0,0.41666666700000005,9.0,5.650508480073267,0.4515548661572966,0.08588039669992066,17.294631118070367,0.009953028434870422
1,0.07,3,10.0,2.0,0.41666666700000005,9.0,5.715855260489934,0.47231264875615,0.088874783264753,16.967656410505498,0.011784693881271142
1,0.075,3,10.0,2.0,0.41666666700000005,9.0,5.7522969783715,0.49136588753231,0.09182308783059266,16.642923301420655,0.026945980287259926
1,0.08,3,10.0,2.0,0.41666666700000005,9.0,5.807223337925966,0.5090664226631066,0.09433161813794733,16.408161139251302,0.02732507300402141
1,0.085,3,10.0,2.0,0.41666666700000005,9.0,5.8590474940318,0.5265605909984233,0.09674477191457599,16.195567061917643,0.022487904788023306
1,0.09,3,10.0,2.0,0.41666666700000005,9.0,5.918852834730999,0.5443329317107201,0.09894375128216933,16.025837033608408,0.04065309059845236
1,0.095,3,10.0,2.0,0.41666666700000005,9.0,5.937335937118566,0.5581440648156567,0.10119801183663,15.81897641209848,0.01205731530954473
1,0.1,3,10.0,2.0,0.41666666700000005,9.0,5.976059553224367,0.57195744730643,0.10321668765258667,15.664459305640216,0.017190043624311
1,0.105,3,10.0,2.0,0.41666666700000005,9.0,6.031047096475834,0.5864178177270732,0.10458995196938,15.592335313815804,0.0329240065146459
1,0.11,3,10.0,2.0,0.41666666700000005,9.0,6.068574897600634,0.5996274102723933,0.10606604899228333,15.496698858588951,0.019343312792726514
1,0.115,3,10.0,2.0,0.41666666700000005,9.0,6.1004834201385,0.6117820860934267,0.10758831558791666,15.395217381234543,0.013545901746132658
1,0.12,3,10.0,2.0,0.41666666700000005,9.0,6.150039083442134,0.6237436199844667,0.10866444670919,15.352687703703372,0.008480411175008593
1,0.125,3,10.0,2.0,0.41666666700000005,9.0,6.1826106478801,0.63439410826734,0.10995061140424334,15.277605605433118,0.009870626090249928
1,0.13,3,10.0,2.0,0.41666666700000005,9.0,6.217752393480599,0.6445096848761367,0.11123681970535333,15.207607979140597,0.027438512766593513
1,0.135,3,10.0,2.0,0.41666666700000005,9.0,6.2503279765597,0.6545742162682168,0.11227179392910334,15.157313810422002,0.012729263101447381
1,0.14,3,10.0,2.0,0.41666666700000005,9.0,6.268744189214499,0.66388142974938,0.11339228768544667,15.087719666057447,0.012336358430595868
1,0.145,3,10.0,2.0,0.41666666700000005,9.0,6.3030454322692675,0.6726555012824734,0.11428631509785665,15.053006552329231,0.006991800252026811
1,0.15,3,10.0,2.0,0.41666666700000005,9.0,6.337931400445933,0.68136226263205,0.11489007166505,15.041935583467042,0.015706101177812754
1,0.155,3,10.0,2.0,0.41666666700000005,9.0,6.365277845750833,0.6890407617077733,0.11578393392743334,15.002074415824813,0.015126595079522354
1,0.16,3,10.0,2.0,0.41666666700000005,9.0,6.379521572981666,0.6960563342939833,0.11696672677511666,14.928976816977766,0.013060654611614328
1,0.165,3,10.0,2.0,0.41666666700000005,9.0,6.4131453132197,0.7040129146163133,0.11741271968042,14.930133907026464,0.01588783169673618
1,0.17,3,10.0,2.0,0.41666666700000005,9.0,6.4324163002400665,0.71115856991171,0.11800917590146999,14.906340035820746,0.01221955358557622
1,0.175,3,10.0,2.0,0.41666666700000005,9.0,6.466620933240333,0.7180767491125734,0.11860273037030333,14.898141468231884,0.020308797908644642
1,0.18,3,10.0,2.0,0.41666666700000005,9.0,6.4995650612969,0.7249288591963801,0.11904237855889999,14.899950534671772,0.02048669797138548
1,0.185,3,10.0,2.0,0.41666666700000005,9.0,6.499990080182567,0.7303457085397467,0.11991980839068667,14.83892452613293,0.01859142142567136
1,0.19,3,10.0,2.0,0.41666666700000005,9.0,6.536663626015101,0.7369259435647266,0.12030028606252667,14.849203400723672,0.006597227779566322
1,0.195,3,10.0,2.0,0.41666666700000005,9.0,6.532864969588633,0.7421816634136299,0.12108063171384333,14.791824624714886,0.0007824145500996871
1,0.2,3,10.0,2.0,0.41666666700000005,9.0,6.558964507205267,0.7472148348162065,0.12165389573585,14.779008484513886,0.009155688990304715
1,0.205,3,10.0,2.0,0.41666666700000005,9.0,6.574116008642967,0.75206449682642,0.1222604537406,14.753380156454966,0.006930314617300708
1,0.21,3,10.0,2.0,0.41666666700000005,9.0,6.5898720115039,0.75732802032242,0.12255835759580332,14.749260743443841,0.00540574678078623
1,0.215,3,10.0,2.0,0.41666666700000005,9.0,6.600998574639966,0.7619534924569532,0.12314833422942333,14.721315740729173,0.022410594901598645
1,0.22,3,10.0,2.0,0.41666666700000005,9.0,6.6155048348618335,0.7665921342687735,0.12358854045318333,14.70689996745259,0.020721975798561863
1,0.225,3,10.0,2.0,0.41666666700000005,9.0,6.654352266265234,0.77121624322369,0.12356291081509001,14.7474594724688,0.02770201492626718
1,0.23,3,10.0,2.0,0.41666666700000005,9.0,6.652088410898799,0.77519752246212,0.12420557990869001,14.703256625593196,0.004258951873498019
1,0.235,3,10.0,2.0,0.41666666700000005,9.0,6.677191528847932,0.7794975538889001,0.12447146458980667,14.711169854765709,0.01414592336188828
1,0.24,3,10.0,2.0,0.41666666700000005,9.0,6.670509328111167,0.7827605630932067,0.12527235982237334,14.653119074143355,0.006394970613142064
1,0.245,3,10.0,2.0,0.41666666700000005,9.0,6.693488063667999,0.78687884614436,0.12518906909559666,14.681427945825055,0.02203722754680817
1,0.25,3,10.0,2.0,0.41666666700000005,9.0,6.695890639735733,0.7903977909499567,0.12586105670210668,14.641161029195528,0.0058495814792074476
1,0.255,3,10.0,2.0,0.41666666700000005,9.0,6.712692646681366,0.7938637560489866,0.12607240887616333,14.644643930998475,0.010088522818726284
1,0.26,3,10.0,2.0,0.41666666700000005,9.0,6.7053405826680335,0.79700519061594,0.12663120672598335,14.602319450765043,0.01828498750179379
1,0.265,3,10.0,2.0,0.41666666700000005,9.0,6.725425810161034,0.8004186816770233,0.12685713925835998,14.608336114087455,0.01754113615768913
1,0.27,3,10.0,2.0,0.41666666700000005,9.0,6.735654202667033,0.8036856883376333,0.12716396756382667,14.599517109291773,0.00573887967375959
1,0.275,3,10.0,2.0,0.41666666700000005,9.0,6.7381210470601,0.8067204383212333,0.12760573852997667,14.57479885985596,0.01805732087505493
1,0.28,3,10.0,2.0,0.41666666700000005,9.0,6.7477173624438676,0.8097667417259466,0.12785613639948,14.569025269824214,0.008746329518296281
1,0.285,3,10.0,2.0,0.41666666700000005,9.0,6.753230562045867,0.8124212804132133,0.12827735572575333,14.548842870251187,0.008336488514526359
1,0.29,3,10.0,2.0,0.41666666700000005,9.0,6.757440751670433,0.8152580745274799,0.12860380492933668,14.53327164959792,0.01584891706741546
1,0.295,3,10.0,2.0,0.41666666700000005,9.0,6.758217088044933,0.81767392082921,0.12900994663063334,14.509560083117591,0.008529007402818587
1,0.3,3,10.0,2.0,0.41666666700000005,9.0,6.775558143155166,0.8207428709761233,0.12905264474258335,14.524334051377537,0.0039109619504218525
3,0.005,3,10.0,2.0,0.41666666700000005,9.0,4.9336785292923,3.3331481592585665e-05,0.012032693885069001,88.04109247969018,0.1531348495436741
3,0.01,3,10.0,2.0,0.41666666700000005,9.0,5.001885127318833,0.00042203748913634005,0.024122858695160666,46.45713533175881,0.13279817743482306
3,0.015,3,10.0,2.0,0.41666666700000005,9.0,5.0894062189735,0.0012317875277044,0.03614253512227433,32.758104082349995,0.0734247668012764
3,0.02,3,10.0,2.0,0.41666666700000005,9.0,5.2286383171912,0.0029799348256329,0.048138107155489995,26.00258065737469,0.052254819767340005
3,0.025,3,10.0,2.0,0.41666666700000005,9.0,5.3730292209235,0.006062777714953667,0.059952338694714336,22.05304535109363,0.023116549444041554
3,0.03,3,10.0,2.0,0.41666666700000005,9.0,5.564112185406667,0.010238013755271632,0.07177206492499133,19.49712590722987,0.007553877682441836
3,0.035,3,10.0,2.0,0.41666666700000005,9.0,5.7577174187023665,0.015241413080119668,0.08299227890790434,17.807083693162692,0.0270515682886334
3,0.04,3,10.0,2.0,0.41666666700000005,9.0,5.978301330050667,0.02361588949789233,0.094027708197347,16.61372386722688,0.04016225186760985
3,0.045,3,10.0,2.0,0.41666666700000005,9.0,6.1937043496904325,0.03405381508275066,0.10480492724882333,15.735552335746426,0.041232725454678716
3,0.05,3,10.0,2.0,0.41666666700000005,9.0,6.4474796306656,0.04479757973526866,0.11500730141084332,15.142603416342899,0.016532274913522587
3,0.055,3,10.0,2.0,0.41666666700000005,9.0,6.741552894438967,0.05985450566241834,0.12478809999271334,14.75527175723608,0.023148698926441152
3,0.06,3,10.0,2.0,0.41666666700000005,9.0,7.003088263045534,0.075194703446006,0.13354895871140668,14.491019553051686,0.037640102651363604
3,0.065,3,10.0,2.0,0.41666666700000005,9.0,7.2684907773460665,0.09358078433601467,0.14224377070006333,14.298903862029817,0.02692105123332319
3,0.07,3,10.0,2.0,0.41666666700000005,9.0,7.5556108428963,0.11254508111549,0.14958520255952001,14.240816852607383,0.015947455559053896
3,0.075,3,10.0,2.0,0.41666666700000005,9.0,7.819661137115699,0.13276316289158666,0.15642120247257,14.212738310763157,0.010523395103180946
3,0.08,3,10.0,2.0,0.41666666700000005,9.0,8.1632948816619,0.15474916531223668,0.16338788002877,14.283719869632096,0.02689724993292675
3,0.085,3,10.0,2.0,0.41666666700000005,9.0,8.3905069620634,0.17776677228734003,0.1686208728317833,14.321026053688042,0.009570342860634339
3,0.09,3,10.0,2.0,0.41666666700000005,9.0,8.645069059532133,0.19923035234456665,0.17347765220318334,14.409607851884807,0.02260993022473474
3,0.095,3,10.0,2.0,0.41666666700000005,9.0,8.924221551286466,0.22392609547209666,0.17783240720570667,14.547538142136206,0.012415152349986481
3,0.1,3,10.0,2.0,0.41666666700000005,9.0,9.152215526408634,0.24563837055397666,0.18186007565367,14.650993903111015,0.019845450238448727
3,0.105,3,10.0,2.0,0.41666666700000005,9.0,9.367615882366435,0.26605823774782333,0.18499599786506668,14.77317497827442,0.017411772767051324
3,0.11,3,10.0,2.0,0.41666666700000005,9.0,9.6075969050992,0.29111415437662,0.18740623936071668,14.943629231425668,0.015269267106273618
3,0.115,3,10.0,2.0,0.41666666700000005,9.0,9.8243711165546,0.3129246585908867,0.18976298366481334,15.094184788568066,0.014352516119679049
3,0.12,3,10.0,2.0,0.41666666700000005,9.0,10.047343169887332,0.3362190473295266,0.19176057590469,15.262190120549894,0.009515075754256324
3,0.125,3,10.0,2.0,0.41666666700000005,9.0,10.236581454398,0.35595799677056,0.19347766849423,15.405184038721773,0.02056750232924791
3,0.13,3,10.0,2.0,0.41666666700000005,9.0,10.406824862513666,0.3772230832519967,0.19494543657545668,15.536473768122638,0.03465967417501949
3,0.135,3,10.0,2.0,0.41666666700000005,9.0,10.624835279878333,0.39540205015968666,0.19637630539401665,15.717111931995172,0.02196463968567476
3,0.14,3,10.0,2.0,0.41666666700000005,9.0,10.760547138338666,0.4143645205615667,0.19740334024547668,15.826331376182091,0.01747127916179177
3,0.145,3,10.0,2.0,0.41666666700000005,9.0,10.919034370600668,0.4309087891329633,0.19837452694459667,15.960022398076807,0.009935758060627856
3,0.15,3,10.0,2.0,0.41666666700000005,9.0,11.064017514102,0.44838544864952334,0.19901932550383336,16.088655690915324,0.0197721380688653
3,0.155,3,10.0,2.0,0.41666666700000005,9.0,11.232293670857333,0.46614006718336,0.19960169867278998,16.242273594277354,0.01224254318907735
3,0.16,3,10.0,2.0,0.41666666700000005,9.0,11.355964600048665,0.4808747846418533,0.20010778899440998,16.35327349808468,0.008660178791433123
3,0.165,3,10.0,2.0,0.41666666700000005,9.0,11.453268624360666,0.4940697536488767,0.20057372768310666,16.43897203989701,0.015839645416039477
3,0.17,3,10.0,2.0,0.41666666700000005,9.0,11.582534499773667,0.5080693851555333,0.2009913627663,16.55787464719907,0.00832322175708234
3,0.175,3,10.0,2.0,0.41666666700000005,9.0,11.699770747573,0.5221143749708633,0.2013056881582833,16.66734067325364,0.004613560960390846
3,0.18,3,10.0,2.0,0.41666666700000005,9.0,11.804710276314,0.53397231295901,0.20167260068473,16.763242265050447,0.005996844160730567
3,0.185,3,10.0,2.0,0.41666666700000005,9.0,11.861671984515667,0.5448271100020866,0.20195717790773335,16.81321733022214,0.011882740594979164
3,0.19,3,10.0,2.0,0.41666666700000005,9.0,11.999546622671334,0.55762737815718,0.20213320070036334,16.946780252959595,0.00849648718264025
3,0.195,3,10.0,2.0,0.41666666700000005,9.0,12.094328396640668,0.5694790045544467,0.20226962666690332,17.038224716409257,0.01244804874342042
3,0.2,3,10.0,2.0,0.41666666700000005,9.0,12.184806877303002,0.57979115140632,0.20243022550310666,17.124784441440827,0.023154629741890222
3,0.205,3,10.0,2.0,0.41666666700000005,9.0,12.268809050438,0.5901670042084434,0.20254908535531,17.205884494060385,0.012543855006084782
3,0.21,3,10.0,2.0,0.41666666700000005,9.0,12.332813701211668,0.5991863441614966,0.20268836159269998,17.26649775004271,0.019885094604805673
3,0.215,3,10.0,2.0,0.41666666700000005,9.0,12.416068979016332,0.6083006258768533,0.20275853754226333,17.34804675134481,0.01772606416047038
3,0.22,3,10.0,2.0,0.41666666700000005,9.0,12.476461523097,0.6178205786797367,0.20280422130785666,17.407325422518745,0.010673463597553999
3,0.225,3,10.0,2.0,0.41666666700000005,9.0,12.537004211120667,0.6251384393207533,0.20293675961276333,17.46464815376683,0.009711293929837552
3,0.23,3,10.0,2.0,0.41666666700000005,9.0,12.593245274991,0.6326985067607033,0.20304644021691667,17.51822720827135,0.009068610327922935
3,0.235,3,10.0,2.0,0.41666666700000005,9.0,12.649917329783333,0.6408188823049,0.20302238215452997,17.575484980778064,0.01524662746888978
3,0.24,3,10.0,2.0,0.41666666700000005,9.0,12.711592132000666,0.6483516850886767,0.2030256978466667,17.637079269511172,0.015949724939991076
3,0.245,3,10.0,2.0,0.41666666700000005,9.0,12.765121018800668,0.6552448589032066,0.20308960137626333,17.68905640860422,0.021375647402394435
3,0.25,3,10.0,2.0,0.41666666700000005,9.0,12.811236227524667,0.6621299059802533,0.20313142598352332,17.73415741957812,0.011987152917333661
3,0.255,3,10.0,2.0,0.41666666700000005,9.0,12.878438210530668,0.6693962220516766,0.20308795018963,17.802413309014938,0.012795826731060554
3,0.26,3,10.0,2.0,0.41666666700000005,9.0,12.903157267961667,0.6748763144869533,0.20320243019554665,17.824358364645814,0.014143613143436913
3,0.265,3,10.0,2.0,0.41666666700000005,9.0,12.963838716700332,0.6808734210252233,0.20323648621240334,17.884215093063276,0.010788423806794201
3,0.27,3,10.0,2.0,0.41666666700000005,9.0,13.008103555012333,0.6873201645988299,0.20316593067854663,17.930188840882877,0.01083216830468616
3,0.275,3,10.0,2.0,0.41666666700000005,9.0,13.050996687587334,0.6925636319667,0.20324818327131333,17.971091310338284,0.005781936943075475
3,0.28,3,10.0,2.0,0.41666666700000005,9.0,13.098855003361331,0.6983541690108966,0.20320907839559998,18.01989561712207,0.0051952019459587774
3,0.285,3,10.0,2.0,0.41666666700000005,9.0,13.141768360854668,0.7035641421085533,0.20322675604566998,18.062380420347115,0.010773146765374579
3,0.29,3,10.0,2.0,0.41666666700000005,9.0,13.170135605213332,0.70842493126223,0.20326938499098668,18.08971724339695,0.021667110587028904
3,0.295,3,10.0,2.0,0.41666666700000005,9.0,13.189367378085334,0.7128833984877433,0.20339186015774335,18.105985301923084,0.009049421365176441
3,0.3,3,10.0,2.0,0.41666666700000005,9.0,13.246126192687,0.7182778318324866,0.2033224578310633,18.16442364230878,0.0074515321821274514
7,0.005,3,10.0,2.0,0.41666666700000005,9.0,4.940789623988433,0.0,0.012097200852842,87.6061041193257,0.25091095354546106
7,0.01,3,10.0,2.0,0.41666666700000005,9.0,5.008650209642567,0.0,0.024178113965313667,46.3694903129044,0.16469535210605438
7,0.015,3,10.0,2.0,0.41666666700000005,9.0,5.0985651899198325,0.0,0.036341488875638005,32.615558393470565,0.05431177468462351
7,0.02,3,10.0,2.0,0.41666666700000005,9.0,5.269168995044933,0.0,0.04847007605113333,25.90068839916746,0.05715746604135818
7,0.025,3,10.0,2.0,0.41666666700000005,9.0,5.4615348793401,1.1110740753086e-05,0.06050576018250233,21.989292449915425,0.0638952831379757
7,0.03,3,10.0,2.0,0.41666666700000005,9.0,5.703377055866633,0.0,0.07263283036543566,19.471684675839366,0.04864566109651291
7,0.035,3,10.0,2.0,0.41666666700000005,9.0,6.019850903831767,1.1110740753086e-05,0.08429839908899067,17.882799741179838,0.04055142115053395
7,0.04,3,10.0,2.0,0.41666666700000005,9.0,6.466194299930867,8.887926037023633e-05,0.09648165912044133,16.831109283954547,0.003731517138005094
7,0.045,3,10.0,2.0,0.41666666700000005,9.0,7.020196915840233,0.000444217153767,0.10848541005280667,16.238223465934666,0.04194780949276622
7,0.05,3,10.0,2.0,0.41666666700000005,9.0,7.7145708008824,0.0010433138249949132,0.12081388773749667,15.99177180990271,0.05869428675844271
7,0.055,3,10.0,2.0,0.41666666700000005,9.0,8.575624789944365,0.0024161264367965666,0.13263465677111,16.115238931924555,0.07538626238921153
7,0.06,3,10.0,2.0,0.41666666700000005,9.0,9.6275090156772,0.005799024233936034,0.14365853427953668,16.58857515414987,0.07736889560396724
7,0.065,3,10.0,2.0,0.41666666700000005,9.0,10.849878860398334,0.010116241160852033,0.15536010787194998,17.28660910053414,0.0383683420453392
7,0.07,3,10.0,2.0,0.41666666700000005,9.0,12.532820811259333,0.019562286687236,0.16560877607798666,18.57126728838213,0.04279503692769342
7,0.075,3,10.0,2.0,0.41666666700000005,9.0,14.281144980679334,0.033158766590062665,0.1748127332332867,20.00159964789705,0.0938714119730595
7,0.08,3,10.0,2.0,0.41666666700000005,9.0,16.388315940047335,0.05286506772306734,0.18342055645695,21.840295190340722,0.1031973096618322
7,0.085,3,10.0,2.0,0.41666666700000005,9.0,18.222082335393,0.07654000181653767,0.18942449377347667,23.50128284360083,0.2125222816886736
7,0.09,3,10.0,2.0,0.41666666700000005,9.0,20.125200602792333,0.10518312410247667,0.19400522618302998,25.279710450660705,0.1727142864393107
7,0.095,3,10.0,2.0,0.41666666700000005,9.0,21.872149014353667,0.13863252603440668,0.19725697101804332,26.941729993151167,0.1889758553270235
7,0.1,3,10.0,2.0,0.41666666700000005,9.0,23.380766396386665,0.16910429262753335,0.19969892665261998,28.38831738402931,0.1031109601226507
7,0.105,3,10.0,2.0,0.41666666700000005,9.0,24.644195284503,0.20421399149493333,0.20100065059475333,29.61932190882378,0.04140359244478384
7,0.11,3,10.0,2.0,0.41666666700000005,9.0,25.799357561119667,0.23611379544348998,0.20198530446073668,30.750223290157233,0.1143015308464347
7,0.115,3,10.0,2.0,0.41666666700000005,9.0,26.693680403013662,0.2670587960194867,0.20262405343169668,31.628934449553384,0.09834349485119269
7,0.12,3,10.0,2.0,0.41666666700000005,9.0,27.445909369362667,0.29744344970654996,0.20290375275461667,32.37435644453836,0.1489269209113578
7,0.125,3,10.0,2.0,0.41666666700000005,9.0,28.096532066705,0.3239621301232433,0.20311456227268,33.019863221320556,0.08355992016496382
7,0.13,3,10.0,2.0,0.41666666700000005,9.0,28.64882024203833,0.35049459237383335,0.20320705277655002,33.56991057810038,0.07957295243874178
7,0.135,3,10.0,2.0,0.41666666700000005,9.0,29.15918941932833,0.3746606822374334,0.20324656018125334,34.079322313395714,0.07632373936446138
7,0.14,3,10.0,2.0,0.41666666700000005,9.0,29.496335953981667,0.39742420855079336,0.20329181739751,34.41537417239714,0.037981401684564396
7,0.145,3,10.0,2.0,0.41666666700000005,9.0,29.839132380712332,0.4184096871014,0.20327406339530665,34.75860088006164,0.017064658349439914
7,0.15,3,10.0,2.0,0.41666666700000005,9.0,30.120454389417002,0.43770499707667665,0.20331282798704664,35.03898336900585,0.025769599124484607
7,0.155,3,10.0,2.0,0.41666666700000005,9.0,30.352217473019667,0.45440308143743,0.20338710368862,35.26895124504764,0.023030196832307552
7,0.16,3,10.0,2.0,0.41666666700000005,9.0,30.625100643696,0.47273923244208,0.20330073042952668,35.54392251870548,0.012366861833434783
7,0.165,3,10.0,2.0,0.41666666700000005,9.0,30.751804277842336,0.4871746984362,0.20337613066415336,35.66880319311044,0.011792312477373439
7,0.17,3,10.0,2.0,0.41666666700000005,9.0,30.97037401252,0.5033185091966034,0.20330035289730666,35.889204645704844,0.019169448488984397
7,0.175,3,10.0,2.0,0.41666666700000005,9.0,31.111683208122333,0.5169802577128734,0.20333938463197332,36.02957012716885,0.043903727444711056
7,0.18,3,10.0,2.0,0.41666666700000005,9.0,31.249489468862667,0.53008805100859,0.20336804602602,36.16668326605647,0.012734138549601417
7,0.185,3,10.0,2.0,0.41666666700000005,9.0,31.381460687176,0.5427110206908666,0.20339081327857667,36.298103621688774,0.00690040853416992
7,0.19,3,10.0,2.0,0.41666666700000005,9.0,31.503100004076334,0.55517394551496,0.20338027695001668,36.419997702929656,0.02360691905796944
7,0.195,3,10.0,2.0,0.41666666700000005,9.0,31.640980449838334,0.5668471125035434,0.20336008781592665,36.558367240784946,0.028404081573334936
7,0.2,3,10.0,2.0,0.41666666700000005,9.0,31.754433645071668,0.57819938371118,0.20334749773747665,36.672125734319685,0.022974491165985076
7,0.205,3,10.0,2.0,0.41666666700000005,9.0,31.850093243545,0.5886400490752833,0.20333753227677,36.76802461494702,0.00271838896729642
7,0.21,3,10.0,2.0,0.41666666700000005,9.0,31.92161651358333,0.5978739606134934,0.20338721801686,36.83834728605398,0.01923845305085777
7,0.215,3,10.0,2.0,0.41666666700000005,9.0,32.00353133768233,0.60701670712439,0.2033897218276133,36.92020239021567,0.02484711767699144
7,0.22,3,10.0,2.0,0.41666666700000005,9.0,32.08239000511233,0.6161186803566934,0.20338031895396333,36.999287440046785,0.011692638440976061
7,0.225,3,10.0,2.0,0.41666666700000005,9.0,32.14725517908833,0.62422607331518,0.20338555344881334,37.06402719520305,0.03134739817327374
7,0.23,3,10.0,2.0,0.41666666700000005,9.0,32.21303784685633,0.6321117004749167,0.20340992049789,37.12921980079164,0.017117013050751154
7,0.235,3,10.0,2.0,0.41666666700000005,9.0,32.268430073675,0.6397989376510367,0.20340848979204,37.184646936788305,0.009330676718987553
7,0.24,3,10.0,2.0,0.41666666700000005,9.0,32.342827433318334,0.6471495176463367,0.20340053116085,37.259235719365016,0.00846287865827751
7,0.245,3,10.0,2.0,0.41666666700000005,9.0,32.38042755433333,0.65417914041435,0.20342437486456666,37.29626025300204,0.01553195067663921
7,0.25,3,10.0,2.0,0.41666666700000005,9.0,32.46351813534233,0.6617990440336067,0.20335152156545,37.381111277093986,0.0041440144071642
7,0.255,3,10.0,2.0,0.41666666700000005,9.0,32.50360853339634,0.6683202740939967,0.2033539442389667,37.42114312248402,0.021999917466427328
7,0.26,3,10.0,2.0,0.41666666700000005,9.0,32.55088814302933,0.6744938618248867,0.20338859826893,37.46758467012901,0.012381643548908595
7,0.265,3,10.0,2.0,0.41666666700000005,9.0,32.609193167674,0.6804219272614834,0.20341176224133664,37.525330128504926,0.012484782194768795
7,0.27,3,10.0,2.0,0.41666666700000005,9.0,32.679658452520336,0.6873664064473767,0.20326733793329665,37.599288025871616,0.009353103239504725
7,0.275,3,10.0,2.0,0.41666666700000005,9.0,32.705750067279006,0.69238968868547,0.20335116547203,37.62335200701583,0.004408494337872899
7,0.28,3,10.0,2.0,0.41666666700000005,9.0,32.725219655146,0.6974755143809167,0.20340678354699668,37.64147726840188,0.010802908096145826
7,0.285,3,10.0,2.0,0.41666666700000005,9.0,32.78439636679867,0.7031416233908933,0.20334906682669332,37.70204917946991,0.01320294966852075
7,0.29,3,10.0,2.0,0.41666666700000005,9.0,32.82914255272933,0.7082213250699168,0.20333382796520336,37.74716358841825,0.01402026942347716
7,0.295,3,10.0,2.0,0.41666666700000005,9.0,32.857668614157,0.7129686588443432,0.20340440069674334,37.77398398557157,0.015661458986445203
7,0.3,3,10.0,2.0,0.41666666700000005,9.0,32.92852425152233,0.7187171108270666,0.20327122600134664,37.84806137782358,0.01527979013697249
12,0.005,3,10.0,2.0,0.41666666700000005,9.0,4.940789623988433,0.0,0.012097200852842,87.6061041193257,0.25091095354546106
12,0.01,3,10.0,2.0,0.41666666700000005,9.0,5.008650209642567,0.0,0.024178113965313667,46.3694903129044,0.16469535210605438
12,0.015,3,10.0,2.0,0.41666666700000005,9.0,5.0985651899198325,0.0,0.036341488875638005,32.615558393470565,0.05431177468462351
12,0.02,3,10.0,2.0,0.41666666700000005,9.0,5.269168995044933,0.0,0.04847007605113333,25.90068839916746,0.05715746604135818
12,0.025,3,10.0,2.0,0.41666666700000005,9.0,5.455092790885,0.0,0.06054351294194333,21.97241201674883,0.04747728003735663
12,0.03,3,10.0,2.0,0.41666666700000005,9.0,5.703377055866633,0.0,0.07263283036543566,19.471684675839366,0.04864566109651291
12,0.035,3,10.0,2.0,0.41666666700000005,9.0,6.0340569001305004,0.0,0.08467984581891035,17.84329750338171,0.014719610825567097
12,0.04,3,10.0,2.0,0.41666666700000005,9.0,6.468115227899266,0.0,0.09678305435101765,16.800867677802092,0.025572340760859503
12,0.045,3,10.0,2.0,0.41666666700000005,9.0,6.985318265045134,0.0,0.10861687636736667,16.192083926907852,0.040734716034818035
12,0.05,3,10.0,2.0,0.41666666700000005,9.0,7.770253211794767,0.0,0.12085966136090999,16.044488714532456,0.0535757106546136
12,0.055,3,10.0,2.0,0.41666666700000005,9.0,8.690673548155134,6.664741301070567e-05,0.1330415144338,16.20733718607477,0.014374763971136708
12,0.06,3,10.0,2.0,0.41666666700000005,9.0,10.113746076529667,0.00025546521973947664,0.1445814301301067,17.030352627715803,0.03184595307745317
12,0.065,3,10.0,2.0,0.41666666700000005,9.0,12.276049048602,0.00085460743539351,0.15699489418805002,18.645689909413633,0.0529605565491509
12,0.07,3,10.0,2.0,0.41666666700000005,9.0,15.262189157500998,0.0032999449799348667,0.16846688480087332,21.198190339969027,0.07054313416414404
12,0.075,3,10.0,2.0,0.41666666700000005,9.0,19.304804123733664,0.008809155042041201,0.17889202417605332,24.894772091598583,0.30123858211742005
12,0.08,3,10.0,2.0,0.41666666700000005,9.0,25.35257410566467,0.02391053847078667,0.18915725818193665,30.63918878000159,0.4067967158793536
12,0.085,3,10.0,2.0,0.41666666700000005,9.0,31.496395429722337,0.046815656768498,0.19563399833982667,36.60802446074322,0.2593386783759188
12,0.09,3,10.0,2.0,0.41666666700000005,9.0,36.81183750951234,0.07752421765125933,0.19957680284072998,41.82246911975144,0.4498501547141638
12,0.095,3,10.0,2.0,0.41666666700000005,9.0,41.55218680329967,0.11780264697678,0.2018439469272467,46.50651966669128,0.41375408054874135
12,0.1,3,10.0,2.0,0.41666666700000005,9.0,45.384543649651,0.15936524825618334,0.20282086140841335,50.315007764379004,0.1773566660774812
12,0.105,3,10.0,2.0,0.41666666700000005,9.0,47.622818791777,0.19585947505875,0.20323337321778,52.54327257710594,0.08725455829400824
12,0.11,3,10.0,2.0,0.41666666700000005,9.0,49.42102036270734,0.23070218505766002,0.20329189100902667,54.34005708586582,0.12139636991421272
12,0.115,3,10.0,2.0,0.41666666700000005,9.0,50.81297700530734,0.26444670499494666,0.20336913672501,55.73014574468457,0.1821240470830748
12,0.12,3,10.0,2.0,0.41666666700000005,9.0,51.763814934795995,0.29668538320811,0.20331649088152334,56.682255341285774,0.15452610278268972
12,0.125,3,10.0,2.0,0.41666666700000005,9.0,52.576992414627,0.32351546921969,0.20336923604958335,57.49415736679978,0.11316033298881015
12,0.13,3,10.0,2.0,0.41666666700000005,9.0,53.252757304749004,0.35047458373511,0.20332147150271665,58.17107802284187,0.04956322460892722
12,0.135,3,10.0,2.0,0.41666666700000005,9.0,53.693926755125666,0.37458863605565,0.20331497630252002,58.61240397078263,0.07280834742238745
12,0.14,3,10.0,2.0,0.41666666700000005,9.0,54.064038018704,0.39714342133760333,0.20332241544172,58.98233561067093,0.03868893858172189
12,0.145,3,10.0,2.0,0.41666666700000005,9.0,54.43063677075667,0.41827796087131003,0.20328931294577335,59.349735364989236,0.04996994046669977
12,0.15,3,10.0,2.0,0.41666666700000005,9.0,54.676505361470994,0.4370272822608367,0.20332786324925,59.594670890469324,0.033997907703727494
12,0.155,3,10.0,2.0,0.41666666700000005,9.0,54.97034685495466,0.45619509630709665,0.20327665624210667,59.88975163971167,0.008217844669587446
12,0.16,3,10.0,2.0,0.41666666700000005,9.0,55.20288071784933,0.4729084200295934,0.2032667718862867,60.12252455016715,0.01756482721200025
12,0.165,3,10.0,2.0,0.41666666700000005,9.0,55.33250211610133,0.48704181495551335,0.20335405961565667,60.250034347582094,0.0024856051258233375
12,0.17,3,10.0,2.0,0.41666666700000005,9.0,55.55369051715066,0.5034422524223833,0.20326483391612002,60.4733809754681,0.020449876220191877
12,0.175,3,10.0,2.0,0.41666666700000005,9.0,55.70517059768067,0.5173047409786267,0.20329507697993,60.624129644480455,0.05662366196301992
12,0.18,3,10.0,2.0,0.41666666700000005,9.0,55.828983381606,0.5300583056120033,0.20334140271227333,60.74682169816646,0.018437361035742488
12,0.185,3,10.0,2.0,0.41666666700000005,9.0,55.96160325511,0.5424827515401134,0.20337378582146,60.87865792947391,0.007989161167117686
12,0.19,3,10.0,2.0,0.41666666700000005,9.0,56.08192563426366,0.5553336350349767,0.20333459376946003,60.99992806965859,0.024842090218210492
12,0.195,3,10.0,2.0,0.41666666700000005,9.0,56.223211330318,0.56682157822707,0.20332409759762668,61.14146859843296,0.03603446594513249
12,0.2,3,10.0,2.0,0.41666666700000005,9.0,56.33811894828833,0.5782304888408333,0.20331485343039335,61.25660058411781,0.032930428636106346
12,0.205,3,10.0,2.0,0.41666666700000005,9.0,56.434407677847666,0.5886377911189233,0.2033101534669133,61.35300132623502,0.0008157022131623289
12,0.21,3,10.0,2.0,0.41666666700000005,9.0,56.50038364857166,0.59787514270855,0.20335981483401666,61.417777006012194,0.025672394305945243
12,0.215,3,10.0,2.0,0.41666666700000005,9.0,56.582006233833,0.60702952917801,0.20335741188486334,61.49945838922988,0.03512728260129898
12,0.22,3,10.0,2.0,0.41666666700000005,9.0,56.66195972049133,0.6161086957720633,0.20334966247312666,61.57959847236382,0.01867382457590041
12,0.225,3,10.0,2.0,0.41666666700000005,9.0,56.72632218611934,0.6242126186135301,0.20335265921042,61.64388943063533,0.04219104024392941
12,0.23,3,10.0,2.0,0.41666666700000005,9.0,56.789250688950666,0.6321208338778933,0.20337807617513,61.70620252679303,0.02416946510142704
12,0.235,3,10.0,2.0,0.41666666700000005,9.0,56.84433010282601,0.6398060370023301,0.20337750218254333,61.76129593708898,0.018124620531011233
12,0.24,3,10.0,2.0,0.41666666700000005,9.0,56.91929305653533,0.6471535519328167,0.20337341944178333,61.83635675181109,0.010939744726505619
12,0.245,3,10.0,2.0,0.41666666700000005,9.0,56.95452469464533,0.65419021915875,0.20338878901744004,61.8712176117459,0.02307654659157917
12,0.25,3,10.0,2.0,0.41666666700000005,9.0,57.04670234508166,0.6617973663416666,0.20331943997146665,61.965071430870715,0.007900973033648402
12,0.255,3,10.0,2.0,0.41666666700000005,9.0,57.086374929747,0.6683236364875235,0.20332654386340998,62.004572197183656,0.025358557575575934
12,0.26,3,10.0,2.0,0.41666666700000005,9.0,57.128783466937,0.6745010036552067,0.20335289430184667,62.04634327913558,0.012410013415705112
12,0.265,3,10.0,2.0,0.41666666700000005,9.0,57.184973526333,0.6804253403461734,0.20337953818764332,62.1018894682155,0.01716496954684798
12,0.27,3,10.0,2.0,0.41666666700000005,9.0,57.27250328776267,0.6873748574828032,0.20323896037964664,62.19281977391284,0.010087160327774477
12,0.275,3,10.0,2.0,0.41666666700000005,9.0,57.288464831259,0.6923888064014033,0.20331746895959335,62.20688179206732,0.009076126221700438
12,0.28,3,10.0,2.0,0.41666666700000005,9.0,57.30165742885267,0.6974849599458333,0.20337510572308334,62.218680705002214,0.017393674053729668
12,0.285,3,10.0,2.0,0.41666666700000005,9.0,57.367745795415,0.7031330127035633,0.20331868282974,62.28613345478229,0.018023108450945177
12,0.29,3,10.0,2.0,0.41666666700000005,9.0,57.41424826831334,0.7082138934828867,0.20330129175116998,62.333056325797735,0.017473666980243916
12,0.295,3,10.0,2.0,0.41666666700000005,9.0,57.43432046890633,0.71295285170909,0.20337715879609,62.3512943697028,0.022527553477071034
12,0.3,3,10.0,2.0,0.41666666700000005,9.0,57.52143862790633,0.7187079447096832,0.2032398736591833,62.44173451621466,0.024646279596041532
16,0.005,3,10.0,2.0,0.41666666700000005,9.0,4.940789623988433,0.0,0.012097200852842,87.6061041193257,0.25091095354546106
16,0.01,3,10.0,2.0,0.41666666700000005,9.0,5.008650209642567,0.0,0.024178113965313667,46.3694903129044,0.16469535210605438
16,0.015,3,10.0,2.0,0.41666666700000005,9.0,5.0985651899198325,0.0,0.036341488875638005,32.615558393470565,0.05431177468462351
16,0.02,3,10.0,2.0,0.41666666700000005,9.0,5.269168995044933,0.0,0.04847007605113333,25.90068839916746,0.05715746604135818
16,0.025,3,10.0,2.0,0.41666666700000005,9.0,5.455092790885,0.0,0.06054351294194333,21.97241201674883,0.04747728003735663
16,0.03,3,10.0,2.0,0.41666666700000005,9.0,5.703377055866633,0.0,0.07263283036543566,19.471684675839366,0.04864566109651291
16,0.035,3,10.0,2.0,0.41666666700000005,9.0,6.0340569001305004,0.0,0.08467984581891035,17.84329750338171,0.014719610825567097
16,0.04,3,10.0,2.0,0.41666666700000005,9.0,6.468115227899266,0.0,0.09678305435101765,16.800867677802092,0.025572340760859503
16,0.045,3,10.0,2.0,0.41666666700000005,9.0,6.985318265045134,0.0,0.10861687636736667,16.192083926907852,0.040734716034818035
16,0.05,3,10.0,2.0,0.41666666700000005,9.0,7.770253211794767,0.0,0.12085966136090999,16.044488714532456,0.0535757106546136
16,0.055,3,10.0,2.0,0.41666666700000005,9.0,8.7455842603862,0.0,0.13333348709616333,16.245641534327685,0.06000223765377241
16,0.06,3,10.0,2.0,0.41666666700000005,9.0,10.195145212155333,4.443851950598866e-05,0.14481408991154332,17.100747777580537,0.07302255421672617
16,0.065,3,10.0,2.0,0.41666666700000005,9.0,12.446043916636668,8.8878149543025e-05,0.15676281241212334,18.825204399830373,0.10938499621919909
16,0.07,3,10.0,2.0,0.41666666700000005,9.0,15.885917947682666,0.0006439452119854967,0.16874612559344668,21.811984782564803,0.3518141484721707
16,0.075,3,10.0,2.0,0.41666666700000005,9.0,21.526584041183,0.0035316179011995667,0.18013144257605332,27.07811606500127,0.44233737180615335
16,0.08,3,10.0,2.0,0.41666666700000005,9.0,30.585513285892002,0.013942872196083667,0.19070336035091665,35.829287652823226,0.5957790891233458
16,0.085,3,10.0,2.0,0.41666666700000005,9.0,42.04370868409333,0.036726993974659665,0.19754265827196002,47.10599945887147,0.6971646219821421
16,0.09,3,10.0,2.0,0.41666666700000005,9.0,52.37562898983967,0.073518469224868,0.2013933397038933,57.34105145739371,0.568892311821902
16,0.095,3,10.0,2.0,0.41666666700000005,9.0,59.17871308102633,0.11440383431101668,0.20279569313136,64.10978787492088,0.20714360943767463
16,0.1,3,10.0,2.0,0.41666666700000005,9.0,63.941980752824,0.15509881463359002,0.20326788747624,68.8615994101082,0.3568361998809513
16,0.105,3,10.0,2.0,0.41666666700000005,9.0,66.812774221065,0.1925030344349967,0.20340456113697,71.72908528068314,0.18823152555144962
16,0.11,3,10.0,2.0,0.41666666700000005,9.0,68.994618058858,0.22977687105846,0.20339077786308665,73.91126257884787,0.1697855969554396
16,0.115,3,10.0,2.0,0.41666666700000005,9.0,70.39506005104333,0.26269345605811,0.20340066874659668,75.31146549744156,0.19099983851162816
16,0.12,3,10.0,2.0,0.41666666700000005,9.0,71.44988984265666,0.29630718441209997,0.20330231673746668,76.36867295968291,0.13815307615415154
16,0.125,3,10.0,2.0,0.41666666700000005,9.0,72.23910295135167,0.32350677450192333,0.2033414119977167,77.15694075014243,0.10953300345228106
16,0.13,3,10.0,2.0,0.41666666700000005,9.0,72.919934417649,0.3505165578204867,0.20329321262656666,77.83893880968064,0.04524227791707573
16,0.135,3,10.0,2.0,0.41666666700000005,9.0,73.36078630336,0.37457651312300994,0.20328791599096666,78.27991823293247,0.06843185744948277
16,0.14,3,10.0,2.0,0.41666666700000005,9.0,73.730701971275,0.3971452149458134,0.20329457445954335,78.6496731256325,0.03322497021426445
16,0.145,3,10.0,2.0,0.41666666700000005,9.0,74.10027798565467,0.4182840348107333,0.20326249381494,79.02002562956649,0.051065236340347535
16,0.15,3,10.0,2.0,0.41666666700000005,9.0,74.34211675896766,0.43703934915696996,0.20330019193708668,79.26095170951062,0.029868984907007765
16,0.155,3,10.0,2.0,0.41666666700000005,9.0,74.640926467634,0.4561980847698666,0.20325024368913,79.56097054131784,0.011654351579251687
16,0.16,3,10.0,2.0,0.41666666700000005,9.0,74.87417871779367,0.4728847525274967,0.20323909557209666,79.7944924959895,0.01429327561737895
16,0.165,3,10.0,2.0,0.41666666700000005,9.0,74.99551348526366,0.48703758200464,0.20332642487631333,79.91371406734247,0.004010449236824138
16,0.17,3,10.0,2.0,0.41666666700000005,9.0,75.225453726632,0.50343622102034,0.20323789695673,80.14579624311473,0.020582707049156476
16,0.175,3,10.0,2.0,0.41666666700000005,9.0,75.374632689044,0.5172859581398633,0.20326556395515002,80.29430595943961,0.0622223622414363
16,0.18,3,10.0,2.0,0.41666666700000005,9.0,75.49374861874634,0.5300718803427933,0.20331409841484668,80.41224738732143,0.023355735460396168
16,0.185,3,10.0,2.0,0.41666666700000005,9.0,75.62287323641966,0.5424809839337766,0.20334577409759333,80.54060525457635,0.006410151038707617
16,0.19,3,10.0,2.0,0.41666666700000005,9.0,75.74662029182032,0.5553243473540933,0.2033080326589133,80.6652652333304,0.027350118349089188
16,0.195,3,10.0,2.0,0.41666666700000005,9.0,75.88904008156699,0.5668180738528833,0.2032968391226,80.80795678321482,0.04208040706115869
16,0.2,3,10.0,2.0,0.41666666700000005,9.0,76.00511795768567,0.5782296012055833,0.20328826798151,80.92424282290854,0.04117626382209695
16,0.205,3,10.0,2.0,0.41666666700000005,9.0,76.10178054507233,0.5886285130782967,0.20328285426641335,81.02103471671093,0.0035059442708152864
16,0.21,3,10.0,2.0,0.41666666700000005,9.0,76.16337498302134,0.59788167825745,0.2033332939678333,81.08140971151762,0.03131552031241736
16,0.215,3,10.0,2.0,0.41666666700000005,9.0,76.24483692880366,0.6070275098896166,0.20333023749969334,81.16294631663624,0.04350441932015565
16,0.22,3,10.0,2.0,0.41666666700000005,9.0,76.32562140458667,0.6161011147871234,0.20332275457872664,81.2439109776346,0.024289283505236528
16,0.225,3,10.0,2.0,0.41666666700000005,9.0,76.38960727695,0.6242038547324433,0.20332541233596335,81.30783353366219,0.05102287741891023
16,0.23,3,10.0,2.0,0.41666666700000005,9.0,76.450250569863,0.63210988530959,0.20335170352381335,81.3678400925974,0.029970595657310754
16,0.235,3,10.0,2.0,0.41666666700000005,9.0,76.50511502534734,0.6398030325147667,0.20334947634957334,81.42275848671244,0.025040071682006372
16,0.24,3,10.0,2.0,0.41666666700000005,9.0,76.58040861370834,0.6471413575233433,0.20334597561305334,81.49813590843154,0.013360925178594413
16,0.245,3,10.0,2.0,0.41666666700000005,9.0,76.61370454306599,0.6541960797798934,0.20336088547958334,81.53107209189147,0.02902836710219087
16,0.25,3,10.0,2.0,0.41666666700000005,9.0,76.71316628299533,0.6617992517460167,0.20329345423094,81.63216404962627,0.010848228287048737
16,0.255,3,10.0,2.0,0.41666666700000005,9.0,76.75262786543367,0.6683221539636733,0.20330001051442,81.67146701702707,0.028120959709444077
16,0.26,3,10.0,2.0,0.41666666700000005,9.0,76.79113594623433,0.6744964097225034,0.20332609133122667,81.70934400306756,0.012803202849310934
16,0.265,3,10.0,2.0,0.41666666700000005,9.0,76.84557839003334,0.6804205019046233,0.20335226589065666,81.76315374536883,0.02102022224702268
16,0.27,3,10.0,2.0,0.41666666700000005,9.0,76.94673853709766,0.6873620643187367,0.20321142011506665,81.86772184678647,0.010638575416701455
16,0.275,3,10.0,2.0,0.41666666700000005,9.0,76.95461786440734,0.69238696427275,0.20328999663434666,81.87369947258846,0.012797055539000199
16,0.28,3,10.0,2.0,0.41666666700000005,9.0,76.96273523933667,0.6974898018894734,0.20334750004183666,81.88042602273843,0.022707483753219418
16,0.285,3,10.0,2.0,0.41666666700000005,9.0,77.03425203735766,0.7031279703604634,0.2032926612849367,81.95326924899445,0.02226135019184096
16,0.29,3,10.0,2.0,0.41666666700000005,9.0,77.08230588668634,0.70822497873336,0.20327494113571998,82.0017515670159,0.02027394130063766
16,0.295,3,10.0,2.0,0.41666666700000005,9.0,77.09559306016567,0.7129658031924068,0.2033505501216233,82.01321033447802,0.02818270827510344
16,0.3,3,10.0,2.0,0.41666666700000005,9.0,77.195661213359,0.7187167392063533,0.20321329813349331,82.116600571566,0.03252280438151529
20,0.005,3,10.0,2.0,0.41666666700000005,9.0,4.940789623988433,0.0,0.012097200852842,87.6061041193257,0.25091095354546106
20,0.01,3,10.0,2.0,0.41666666700000005,9.0,5.008650209642567,0.0,0.024178113965313667,46.3694903129044,0.16469535210605438
20,0.015,3,10.0,2.0,0.41666666700000005,9.0,5.0985651899198325,0.0,0.036341488875638005,32.615558393470565,0.05431177468462351
20,0.02,3,10.0,2.0,0.41666666700000005,9.0,5.269168995044933,0.0,0.04847007605113333,25.90068839916746,0.05715746604135818
20,0.025,3,10.0,2.0,0.41666666700000005,9.0,5.455092790885,0.0,0.06054351294194333,21.97241201674883,0.04747728003735663
20,0.03,3,10.0,2.0,0.41666666700000005,9.0,5.703377055866633,0.0,0.07263283036543566,19.471684675839366,0.04864566109651291
20,0.035,3,10.0,2.0,0.41666666700000005,9.0,6.0340569001305004,0.0,0.08467984581891035,17.84329750338171,0.014719610825567097
20,0.04,3,10.0,2.0,0.41666666700000005,9.0,6.468115227899266,0.0,0.09678305435101765,16.800867677802092,0.025572340760859503
20,0.045,3,10.0,2.0,0.41666666700000005,9.0,6.985318265045134,0.0,0.10861687636736667,16.192083926907852,0.040734716034818035
20,0.05,3,10.0,2.0,0.41666666700000005,9.0,7.770253211794767,0.0,0.12085966136090999,16.044488714532456,0.0535757106546136
20,0.055,3,10.0,2.0,0.41666666700000005,9.0,8.7455842603862,0.0,0.13333348709616333,16.245641534327685,0.06000223765377241
20,0.06,3,10.0,2.0,0.41666666700000005,9.0,10.223554366372667,0.0,0.14467714961179334,17.1355594102483,0.055585581338420065
20,0.065,3,10.0,2.0,0.41666666700000005,9.0,12.479935503989,0.0,0.15705128146755667,18.847514521989776,0.18544969489423685
20,0.07,3,10.0,2.0,0.41666666700000005,9.0,16.199842963592335,0.00013331185550552666,0.16931652930384,22.105958162040405,0.29671722079153057
20,0.075,3,10.0,2.0,0.41666666700000005,9.0,22.617380298940663,0.0010320541973197334,0.18047066226024,28.158463710003236,0.3943113848468361
20,0.08,3,10.0,2.0,0.41666666700000005,9.0,35.27541694612433,0.0087423173186358,0.19143879766087002,40.49912182633144,0.9001723520521852
20,0.085,3,10.0,2.0,0.41666666700000005,9.0,52.543011546751664,0.029787701470504333,0.19870777320179,57.5755382076238,0.438635290342718
20,0.09,3,10.0,2.0,0.41666666700000005,9.0,69.30989369698601,0.06947818641349533,0.20233804010726333,74.25212498318218,0.6105742266090641
20,0.095,3,10.0,2.0,0.41666666700000005,9.0,77.637363496706,0.11350057220312,0.20303426266484,82.56264168092163,0.3593449328697597
20,0.1,3,10.0,2.0,0.41666666700000005,9.0,83.37127875312534,0.15492489148311334,0.20335414154086331,88.28880992037368,0.3058230917149477
20,0.105,3,10.0,2.0,0.41666666700000005,9.0,86.25066119710966,0.19218486479554667,0.2034103938108033,91.1668316586867,0.03394450585088051
20,0.11,3,10.0,2.0,0.41666666700000005,9.0,88.65160146133599,0.22977567216403336,0.20336380731179335,93.56889804344293,0.1647439425886435
20,0.115,3,10.0,2.0,0.41666666700000005,9.0,90.09347752465,0.26360696719623666,0.20335463819560998,95.0109961091655,0.18949019402433254
20,0.12,3,10.0,2.0,0.41666666700000005,9.0,91.11629615888266,0.29628020985806997,0.20327661195263333,96.03570126622164,0.1383919756605935
20,0.125,3,10.0,2.0,0.41666666700000005,9.0,91.90126714374999,0.3235287316297966,0.20331555907735333,96.81973027885772,0.10588302754143175
20,0.13,3,10.0,2.0,0.41666666700000005,9.0,92.58717075270967,0.35050538253159,0.20326656909495,97.50681992889429,0.04158046639618671
20,0.135,3,10.0,2.0,0.41666666700000005,9.0,93.02760739901034,0.3745564866709867,0.20326111852460002,97.94738784705953,0.0640820374616241
20,0.14,3,10.0,2.0,0.41666666700000005,9.0,93.39741079832633,0.39714005886884335,0.2032673142998033,98.31704164625876,0.027886071501593758
20,0.145,3,10.0,2.0,0.41666666700000005,9.0,93.76982569865133,0.41826829249173,0.20323539406754998,98.69022936365245,0.05284538968945853
20,0.15,3,10.0,2.0,0.41666666700000005,9.0,94.00774479014034,0.43705154268415,0.20327314441767666,98.9272342467566,0.025637441302923454
20,0.155,3,10.0,2.0,0.41666666700000005,9.0,94.31156430026233,0.4561846583658,0.20322330132560332,99.23226065026597,0.016160330188993082
20,0.16,3,10.0,2.0,0.41666666700000005,9.0,94.54552832057168,0.4728912026203733,0.20321260962628998,99.46648340781746,0.01194836728352309
20,0.165,3,10.0,2.0,0.41666666700000005,9.0,94.65862324925,0.4870190873798,0.20329860426940669,99.5774968427077,0.009191247044418614
20,0.17,3,10.0,2.0,0.41666666700000005,9.0,94.89722296293267,0.5034493622311733,0.20321161574201332,99.81820182799699,0.021219250153299556
20,0.175,3,10.0,2.0,0.41666666700000005,9.0,95.044252517357,0.5173209786281633,0.20323924456641,99.96456289231902,0.06785253900418789
20,0.18,3,10.0,2.0,0.41666666700000005,9.0,95.15854663293435,0.5300634869167367,0.20328673683622334,100.07770740294491,0.02829228935644539
20,0.185,3,10.0,2.0,0.41666666700000005,9.0,95.28417024572566,0.5425044244470466,0.20331912570735666,100.20254681529912,0.004921989834670567
20,0.19,3,10.0,2.0,0.41666666700000005,9.0,95.411238370113,0.5553227471119934,0.20328202159312,100.33051268090531,0.029901079350692705
20,0.195,3,10.0,2.0,0.41666666700000005,9.0,95.55484399366367,0.5667986760627933,0.20326967412352334,100.47441807098551,0.04817955601334964
20,0.2,3,10.0,2.0,0.41666666700000005,9.0,95.67222742551701,0.5782332424526534,0.20326081298310003,100.59201675213808,0.04954618414770504
20,0.205,3,10.0,2.0,0.41666666700000005,9.0,95.76908804858665,0.5886333064886967,0.20325462746901,100.68902536233014,0.006147828961902938
20,0.21,3,10.0,2.0,0.41666666700000005,9.0,95.82640731599467,0.5978684244145267,0.20330643413990335,100.74509178430002,0.03716989185265452
20,0.215,3,10.0,2.0,0.41666666700000005,9.0,95.90776487611201,0.6070369061817367,0.2033028727128733,100.82653623676073,0.051939924107516286
20,0.22,3,10.0,2.0,0.41666666700000005,9.0,95.98940021314333,0.6160931731070567,0.20329492789443002,100.90836300833854,0.02993709681489946
20,0.225,3,10.0,2.0,0.41666666700000005,9.0,96.05289376868534,0.6242023750525334,0.20329835798998,100.97177451419326,0.05983861173896457
20,0.23,3,10.0,2.0,0.41666666700000005,9.0,96.11119936942066,0.63210441478448,0.20332564827835667,101.02941905184942,0.03582814324511746
20,0.235,3,10.0,2.0,0.41666666700000005,9.0,96.16586011092367,0.6397979431509699,0.20332218389850332,101.08416368264683,0.03205299583417707
20,0.24,3,10.0,2.0,0.41666666700000005,9.0,96.24166602182167,0.64713401008164,0.20331795858721335,101.16007097450726,0.015979245266941215
20,0.245,3,10.0,2.0,0.41666666700000005,9.0,96.273071284766,0.65417814172326,0.20333219730965002,101.19113261778466,0.034943457029597544
20,0.25,3,10.0,2.0,0.41666666700000005,9.0,96.379594181527,0.66178721774723,0.20326589872066667,101.29925877542512,0.01374965150276524
20,0.255,3,10.0,2.0,0.41666666700000005,9.0,96.41875563619766,0.6683218895118234,0.20327286395261335,101.33825168818107,0.03096905255983707
20,0.26,3,10.0,2.0,0.41666666700000005,9.0,96.45342450959534,0.6744978757122534,0.20330031637586665,101.37225611151838,0.013477229456270782
20,0.265,3,10.0,2.0,0.41666666700000005,9.0,96.50627420853567,0.6804197159682933,0.20332461906930666,101.42451822157824,0.024982715525129918
20,0.27,3,10.0,2.0,0.41666666700000005,9.0,96.62095199171834,0.6873573089927466,0.20318430435015666,101.54259202516137,0.011126779344753382
20,0.275,3,10.0,2.0,0.41666666700000005,9.0,96.62079370936999,0.6923914106933067,0.20326247093891334,101.54054147280772,0.01658090873313994
20,0.28,3,10.0,2.0,0.41666666700000005,9.0,96.62384550418034,0.69748502547021,0.20332029008030336,101.5421944201026,0.02801960569818823
20,0.285,3,10.0,2.0,0.41666666700000005,9.0,96.70072355294566,0.7031284844542967,0.20326563308417334,101.62039486294339,0.026692200274618924
20,0.29,3,10.0,2.0,0.41666666700000005,9.0,96.750298449178,0.7082324783542733,0.20324818309671,101.67039177718563,0.02306295242300633
20,0.295,3,10.0,2.0,0.41666666700000005,9.0,96.75684370315467,0.7129627879618367,0.20332369162289,101.67511059483796,0.0339491805262328
20,0.3,3,10.0,2.0,0.41666666700000005,9.0,96.86987900170432,0.7187050127348332,0.20318574219886665,101.79148574426627,0.04051159651725183
