subset,count,frequency,k
OFT_distance|Average_speed_NOR1|EnduranceT,1,0.03333333333333333,3
OFT_distance|Average_speed_NOR1|Learning_T1max,1,0.03333333333333333,3
OFT_distance|Time_investigating_Stakan_zone_NOR2|rear_support,1,0.03333333333333333,3
OFT_distance|rear_support|EnduranceT,1,0.03333333333333333,3
Latency_to_first_investigation_Stakan_zone_NOR2|Time_inCenter_OFT|Latency_to_first_investigation_Piramidka_NOR1|Absolute_turn_angle_OFT,1,0.03333333333333333,4
OFT_distance|Average_speed_NOR1|Latency_to_first_investigation_Piramidka_NOR1|EnduranceT,1,0.03333333333333333,4
Average_speed_NOR1|OFT_distance|EnduranceT|Latency_to_first_investigation_Piramidka_NOR1|rear_support,1,0.03333333333333333,5
EnduranceT|Latency_to_first_investigation_Piramidka_NOR1|Average_speed_NOR1|OFT_distance|Time_investigating_Piramidka_NOR1,1,0.03333333333333333,5
OFT_distance|Average_speed_NOR1|Latency_to_first_investigation_Piramidka_NOR1|Learning_T1max|Time_investigating_Piramidka_NOR1|Latency_to_first_investigation_Stakan_NOR1,1,0.03333333333333333,6
OFT_distance|Latency_to_first_investigation_Piramidka_NOR1|Average_speed_NOR1|Time_investigating_Stakan_zone_NOR2|Time_investigating_Piramidka_NOR1|Time_inCenter_OFT,1,0.03333333333333333,6
OFT_distance|Latency_to_first_investigation_Piramidka_NOR1|EnduranceT|Average_speed_NOR1|Latency_to_first_investigation_Stakan_zone_NOR2|Learning_T1max,1,0.03333333333333333,6
Latency_to_first_investigation_Stakan_zone_NOR2|OFT_distance|EnduranceT|Time_inCenter_OFT|Average_speed_NOR1|Latency_to_first_investigation_Piramidka_NOR1|Learning_T1max,1,0.03333333333333333,7
OFT_distance|Average_speed_NOR1|Time_investigating_Piramidka_NOR1|Time_investigating_Stakan_zone_NOR2|Latency_to_first_investigation_Piramidka_NOR1|EnduranceT|Time_inCenter_OFT,1,0.03333333333333333,7
OFT_distance|Latency_to_first_investigation_Piramidka_NOR1|Learning_T1max|Average_speed_NOR1|rear_support|EnduranceT|Latency_to_first_investigation_Stakan_zone_NOR2,1,0.03333333333333333,7
OFT_distance|Time_investigating_Stakan_zone_NOR2|Learning_T3sum|Latency_to_first_investigation_Stakan_zone_NOR2|Latency_to_first_investigation_Piramidka_NOR1|Time_inCenter_OFT|Time_investigating_Piramidka_NOR1,1,0.03333333333333333,7
Time_inCenter_OFT|rear_support|OFT_distance|Average_speed_OFT|Weight|Absolute_turn_angle_OFT|Latency_to_first_investigation_Piramidka_zone_NOR2,1,0.03333333333333333,7
Weight|rear_support|EnduranceT|Latency_to_first_investigation_Piramidka_zone_NOR2|OFT_distance|Latency_to_first_investigation_Stakan_zone_NOR2|Learning_T3sum,1,0.03333333333333333,7
rear_support|OFT_distance|EnduranceT|Latency_to_first_investigation_Piramidka_NOR1|Latency_to_first_investigation_Stakan_zone_NOR2|Learning_T3sum|Time_inCenter_OFT,1,0.03333333333333333,7
Average_speed_OFT|Time_investigating_Stakan_NOR1|OFT_distance|rear_support|Average_speed_NOR1|EnduranceT|Time_inCenter_OFT|Latency_to_first_investigation_Piramidka_NOR1,1,0.03333333333333333,8
EnduranceT|Latency_to_first_investigation_Stakan_zone_NOR2|rear_support|OFT_distance|Latency_to_first_investigation_Piramidka_NOR1|Time_inCenter_OFT|Latency_to_first_investigation_Stakan_NOR1|Weight|Absolute_turn_angle_OFT,1,0.03333333333333333,9
Latency_to_first_investigation_Piramidka_NOR1|Average_speed_OFT|rear_support|EnduranceT|Latency_to_first_investigation_Stakan_zone_NOR2|OFT_distance|Average_speed_NOR1|Total_time_mobile_OFT|Absolute_turn_angle_OFT,1,0.03333333333333333,9
OFT_distance|Average_speed_NOR1|Latency_to_first_investigation_Piramidka_NOR1|Time_investigating_Piramidka_NOR1|Learning_T1max|EnduranceT|Weight|Total_distance_travelled_NOR2|Learning_T2mean|Learning_T3mean,1,0.03333333333333333,10
OFT_distance|Latency_to_first_investigation_Piramidka_NOR1|Learning_T1max|Average_speed_NOR1|Time_inCenter_OFT|Latency_to_first_investigation_Stakan_zone_NOR2|EnduranceT|rear_support|Latency_to_first_investigation_Stakan_NOR1|Absolute_turn_angle_OFT,1,0.03333333333333333,10
Time_investigating_Stakan_zone_NOR2|rear_support|Average_speed_OFT|OFT_distance|Learning_T1max|Latency_to_first_investigation_Piramidka_NOR1|Time_inCenter_OFT|Average_speed_NOR1|Time_investigating_Piramidka_NOR1|Time_investigating_Stakan_NOR1,1,0.03333333333333333,10
Average_speed_OFT|rear_support|EnduranceT|OFT_distance|Learning_T2mean|Latency_to_first_investigation_Piramidka_zone_NOR2|Latency_to_first_investigation_Stakan_zone_NOR2|Latency_to_first_investigation_Piramidka_NOR1|Learning_T3sum|Total_time_mobile_OFT|Absolute_turn_angle_OFT,1,0.03333333333333333,11
Average_speed_NOR1|OFT_distance|Time_investigating_Piramidka_NOR1|EnduranceT|Latency_to_first_investigation_Piramidka_NOR1|Time_inCenter_OFT|Time_investigating_Stakan_zone_NOR2|Average_speed_OFT|Total_time_mobile_OFT|Absolute_turn_angle_OFT|Learning_T1mean|Learning_T1max,1,0.03333333333333333,12
OFT_distance|Average_speed_NOR1|Latency_to_first_investigation_Stakan_NOR1|Learning_T1mean|EnduranceT|Time_investigating_Piramidka_NOR1|Latency_to_first_investigation_Piramidka_NOR1|rear_support|Time_inCenter_OFT|Average_speed_OFT|Total_time_mobile_OFT|Absolute_turn_angle_OFT,1,0.03333333333333333,12
rear_support|Latency_to_first_investigation_Piramidka_NOR1|Time_investigating_Stakan_zone_NOR2|Average_speed_NOR1|Time_investigating_Piramidka_NOR1|OFT_distance|Time_investigating_Stakan_NOR1|Time_inCenter_OFT|Latency_to_first_investigation_Stakan_zone_NOR2|Learning_T3sum|Learning_T1max|Weight|EnduranceT|Average_speed_OFT,1,0.03333333333333333,14
Latency_to_first_investigation_Piramidka_NOR1|OFT_distance|rear_support|Time_inCenter_OFT|Learning_T3sum|Average_speed_OFT|rear_nosupport|Latency_to_first_investigation_Stakan_zone_NOR2|Average_speed_NOR1|Learning_T1max|Time_investigating_Piramidka_zone_NOR2|Weight|Time_investigating_Piramidka_NOR1|EnduranceT|Absolute_turn_angle_OFT,1,0.03333333333333333,15
OFT_distance|Average_speed_NOR1|rear_support|Latency_to_first_investigation_Stakan_zone_NOR2|Time_investigating_Stakan_zone_NOR2|Time_inCenter_OFT|Time_investigating_Piramidka_NOR1|Weight|Learning_T3sum|Latency_to_first_investigation_Stakan_NOR1|EnduranceT|Average_speed_OFT|Time_investigating_Stakan_NOR1|Latency_to_first_investigation_Piramidka_NOR1|Learning_T1max,1,0.03333333333333333,15
