lambda1,folds,active_count_mean,active_count_median,active_count_min,active_count_max,slack_sum_mean,V_pos_mean,V_pos_sd,V_pos_se,V_sign_mean,V_sign_sd,V_sign_se,V_margin_mean,V_margin_sd,V_margin_se,V_eq_mean,V_eq_sd,V_eq_se,V_var_mean,V_var_sd,V_var_se,V_w_mean,V_w_sd,V_w_se,active_count,weight_l1_norm,weight_l2_norm,weight_max_abs,slack_sum,slack_max,min_live_enri,objective,objective_variance,objective_equality,objective_ridge,objective_slack,objective_l1,active_features,selected_development_lambda1
0.0,22,31.0,31.0,31,31,0.0036149932559112353,0.0018181818181818182,0.00852802865422442,0.0018181818181818186,0.31363636363636366,0.14895015000377537,0.03175627868208054,0.08488230365019939,0.05587328001384611,0.011912223324089602,0.12765147925139012,0.0629631839349342,0.013423795918958035,0.018076040901643418,0.020527594528870312,0.00437649785861266,0.15523058701497813,0.06380814338468493,0.013603941878936333,31,0.7553730226856114,0.16973035488141747,0.07350057860695285,0.03205997200503314,0.03205994690511877,0.6247461369625809,0.014330100473008062,0.007956274484895602,0.0002869894507919562,0.002880839336817192,0.003205997200503314,0.0,OFT_distance|Average_speed_OFT|Total_time_mobile_OFT|Absolute_turn_angle_OFT|Time_inCenter_OFT|Total_distance_travelled_NOR1|Average_speed_NOR1|Time_investigating_Piramidka_NOR1|Latency_to_first_investigation_Piramidka_NOR1|Time_investigating_Stakan_NOR1|Latency_to_first_investigation_Stakan_NOR1|Total_distance_travelled_NOR2|Average_speed_NOR2|Time_investigating_Piramidka_zone_NOR2|Latency_to_first_investigation_Piramidka_zone_NOR2|Time_investigating_Stakan_zone_NOR2|Latency_to_first_investigation_Stakan_zone_NOR2|Learning_T1mean|Learning_T1max|Learning_T1sum|Learning_T2mean|Learning_T2max|Learning_T2sum|Learning_T3mean|Learning_T3max|Learning_T3sum|EnduranceT|rear_support|rear_nosupport|Weight|Grip,False
1e-05,22,30.90909090909091,31.0,30,31,0.003617941805538746,0.0018181818181818182,0.00852802865422442,0.0018181818181818186,0.31363636363636366,0.14895015000377537,0.03175627868208054,0.08488272470754982,0.05587157939081126,0.011911860750040321,0.12762295206484917,0.06291096212621289,0.013412662191929265,0.01805936446184792,0.02045906963290185,0.0043618883017039894,0.1552058221641045,0.06381028721986805,0.01360439894613312,31,0.755155969728196,0.16970525324608543,0.07349126180160652,0.03207304963729719,0.03207304963729719,0.6247789581728654,0.014337653404830352,0.00795569459086683,0.0002871149926047183,0.0028799872979317995,0.0032073049637297187,7.551559697281961e-06,OFT_distance|Average_speed_OFT|Total_time_mobile_OFT|Absolute_turn_angle_OFT|Time_inCenter_OFT|Total_distance_travelled_NOR1|Average_speed_NOR1|Time_investigating_Piramidka_NOR1|Latency_to_first_investigation_Piramidka_NOR1|Time_investigating_Stakan_NOR1|Latency_to_first_investigation_Stakan_NOR1|Total_distance_travelled_NOR2|Average_speed_NOR2|Time_investigating_Piramidka_zone_NOR2|Latency_to_first_investigation_Piramidka_zone_NOR2|Time_investigating_Stakan_zone_NOR2|Latency_to_first_investigation_Stakan_zone_NOR2|Learning_T1mean|Learning_T1max|Learning_T1sum|Learning_T2mean|Learning_T2max|Learning_T2sum|Learning_T3mean|Learning_T3max|Learning_T3sum|EnduranceT|rear_support|rear_nosupport|Weight|Grip,False
3e-05,22,30.90909090909091,31.0,30,31,0.0036238413060850237,0.0018181818181818182,0.00852802865422442,0.0018181818181818186,0.31363636363636366,0.14895015000377537,0.03175627868208054,0.08488388855474581,0.05586884493160579,0.01191127776137887,0.12756594198487017,0.06280710556613062,0.013390519898921495,0.018026140984911416,0.020322683190836736,0.004332810614554515,0.15515650191984193,0.06381440891640558,0.013605277694787523,31,0.7547215387721652,0.16965505344995943,0.07347261259152885,0.0320992704787765,0.0320992704787765,0.6248447065002769,0.014352752179915357,0.007954533659345595,0.0002873661104180876,0.002878283716110859,0.0032099270478776498,2.2641646163164955e-05,OFT_distance|Average_speed_OFT|Total_time_mobile_OFT|Absolute_turn_angle_OFT|Time_inCenter_OFT|Total_distance_travelled_NOR1|Average_speed_NOR1|Time_investigating_Piramidka_NOR1|Latency_to_first_investigation_Piramidka_NOR1|Time_investigating_Stakan_NOR1|Latency_to_first_investigation_Stakan_NOR1|Total_distance_travelled_NOR2|Average_speed_NOR2|Time_investigating_Piramidka_zone_NOR2|Latency_to_first_investigation_Piramidka_zone_NOR2|Time_investigating_Stakan_zone_NOR2|Latency_to_first_investigation_Stakan_zone_NOR2|Learning_T1mean|Learning_T1max|Learning_T1sum|Learning_T2mean|Learning_T2max|Learning_T2sum|Learning_T3mean|Learning_T3max|Learning_T3sum|EnduranceT|rear_support|rear_nosupport|Weight|Grip,False
0.0001,22,30.772727272727273,31.0,29,31,0.003644488994657755,0.0018181818181818182,0.00852802865422442,0.0018181818181818186,0.31363636363636366,0.14895015000377537,0.03175627868208054,0.08489059002849683,0.05586371071252237,0.011910183142192358,0.12736831983147506,0.06245178435926469,0.01331476516308134,0.017911141776812387,0.019851084824741655,0.004232265505070908,0.15498569689230157,0.06382781835685743,0.013608136597097784,31,0.7532010304260578,0.1694800704859274,0.07340734035625683,0.03219104342395411,0.03219104342395411,0.6250748256462175,0.01440552946983729,0.007950508830318469,0.00028824676488931533,0.002872349429191492,0.003219104342395411,7.532010304260578e-05,OFT_distance|Average_speed_OFT|Total_time_mobile_OFT|Absolute_turn_angle_OFT|Time_inCenter_OFT|Total_distance_travelled_NOR1|Average_speed_NOR1|Time_investigating_Piramidka_NOR1|Latency_to_first_investigation_Piramidka_NOR1|Time_investigating_Stakan_NOR1|Latency_to_first_investigation_Stakan_NOR1|Total_distance_travelled_NOR2|Average_speed_NOR2|Time_investigating_Piramidka_zone_NOR2|Latency_to_first_investigation_Piramidka_zone_NOR2|Time_investigating_Stakan_zone_NOR2|Latency_to_first_investigation_Stakan_zone_NOR2|Learning_T1mean|Learning_T1max|Learning_T1sum|Learning_T2mean|Learning_T2max|Learning_T2sum|Learning_T3mean|Learning_T3max|Learning_T3sum|EnduranceT|rear_support|rear_nosupport|Weight|Grip,False
0.0003,22,30.59090909090909,31.0,27,31,0.003703481858826922,0.0018181818181818182,0.00852802865422442,0.0018181818181818186,0.3090909090909091,0.1508991808147505,0.03217181344717959,0.08491334254955328,0.05585484221217169,0.011908292371564592,0.12595321598686435,0.059973238110045846,0.01278633732722737,0.017077840780079116,0.016425391364635493,0.0035019052053615446,0.1545105335761552,0.06385858549223009,0.013614696172399446,31,0.7488567208657502,0.16898628529807164,0.07322084825547975,0.03245325183874736,0.03245325183874736,0.6257323089203327,0.014555735244966478,0.007939338729931352,0.00029077785301653554,0.0028556364618841264,0.003245325183874736,0.00022465701625972503,OFT_distance|Average_speed_OFT|Total_time_mobile_OFT|Absolute_turn_angle_OFT|Time_inCenter_OFT|Total_distance_travelled_NOR1|Average_speed_NOR1|Time_investigating_Piramidka_NOR1|Latency_to_first_investigation_Piramidka_NOR1|Time_investigating_Stakan_NOR1|Latency_to_first_investigation_Stakan_NOR1|Total_distance_travelled_NOR2|Average_speed_NOR2|Time_investigating_Piramidka_zone_NOR2|Latency_to_first_investigation_Piramidka_zone_NOR2|Time_investigating_Stakan_zone_NOR2|Latency_to_first_investigation_Stakan_zone_NOR2|Learning_T1mean|Learning_T1max|Learning_T1sum|Learning_T2mean|Learning_T2max|Learning_T2sum|Learning_T3mean|Learning_T3max|Learning_T3sum|EnduranceT|rear_support|rear_nosupport|Weight|Grip,False
0.001,22,29.636363636363637,30.0,26,31,0.0039099601648022115,0.0,0.0,0.0,0.30909090909090914,0.1570838141735955,0.033490381709682146,0.08500251845689731,0.05582634924572529,0.011902217650707123,0.12188581378471873,0.0562593275425338,0.01199452893375313,0.014097092093626494,0.008201656255947227,0.0017485989890704224,0.15304916893711362,0.06384130246437843,0.013611011418480678,31,0.7336516374046738,0.1673309900078674,0.07256812590275982,0.03337098129052371,0.03337098129052371,0.6280335003797363,0.015074613170361125,0.007904086508297638,0.00029981087390514233,0.0027999660217013014,0.0033370981290523714,0.0007336516374046737,OFT_distance|Average_speed_OFT|Total_time_mobile_OFT|Absolute_turn_angle_OFT|Time_inCenter_OFT|Total_distance_travelled_NOR1|Average_speed_NOR1|Time_investigating_Piramidka_NOR1|Latency_to_first_investigation_Piramidka_NOR1|Time_investigating_Stakan_NOR1|Latency_to_first_investigation_Stakan_NOR1|Total_distance_travelled_NOR2|Average_speed_NOR2|Time_investigating_Piramidka_zone_NOR2|Latency_to_first_investigation_Piramidka_zone_NOR2|Time_investigating_Stakan_zone_NOR2|Latency_to_first_investigation_Stakan_zone_NOR2|Learning_T1mean|Learning_T1max|Learning_T1sum|Learning_T2mean|Learning_T2max|Learning_T2sum|Learning_T3mean|Learning_T3max|Learning_T3sum|EnduranceT|rear_support|rear_nosupport|Weight|Grip,False
0.003,22,27.045454545454547,27.5,22,31,0.004659654746785608,0.0,0.0,0.0,0.30454545454545456,0.16176783106919362,0.034489017467245454,0.08529975055331003,0.05598803952498888,0.01193669013407386,0.12162311501444706,0.05637511108662274,0.012019214068295083,0.01399749746589179,0.008161734586756167,0.0017400876606007767,0.14991889979737077,0.06340133851281551,0.01351721078883682,30,0.6988441142533565,0.1632316497554928,0.07054864344851704,0.03620181274903041,0.03620181274903041,0.6369280610885889,0.016504575237061253,0.00779065806344972,0.0003327464077584357,0.0026644571481899875,0.003620181274903041,0.0020965323427600694,OFT_distance|Average_speed_OFT|Total_time_mobile_OFT|Absolute_turn_angle_OFT|Time_inCenter_OFT|Total_distance_travelled_NOR1|Average_speed_NOR1|Time_investigating_Piramidka_NOR1|Latency_to_first_investigation_Piramidka_NOR1|Time_investigating_Stakan_NOR1|Latency_to_first_investigation_Stakan_NOR1|Total_distance_travelled_NOR2|Average_speed_NOR2|Time_investigating_Piramidka_zone_NOR2|Latency_to_first_investigation_Piramidka_zone_NOR2|Time_investigating_Stakan_zone_NOR2|Latency_to_first_investigation_Stakan_zone_NOR2|Learning_T1mean|Learning_T1max|Learning_T1sum|Learning_T2mean|Learning_T2max|Learning_T2sum|Learning_T3mean|Learning_T3sum|EnduranceT|rear_support|rear_nosupport|Weight|Grip,False
0.01,22,23.318181818181817,24.5,14,28,0.012567624306177942,0.0,0.0,0.0,0.3045454545454546,0.15879688352247412,0.03385560932202991,0.0859008286298501,0.056974486850617546,0.012147001410544967,0.12108032041690751,0.057093486414795995,0.012172372202873817,0.013690968498158746,0.00833888175105765,0.001777855562930218,0.13972931984238632,0.06209339173267229,0.01323835559835527,28,0.6074471873569072,0.1501036561794352,0.06158449713914199,0.04938315498943864,0.04660825240721136,0.6542925077757856,0.021075439425020704,0.007345953026067237,0.00046358826659711935,0.002253110759843409,0.004938315498943864,0.006074471873569072,OFT_distance|Average_speed_OFT|Total_time_mobile_OFT|Absolute_turn_angle_OFT|Time_inCenter_OFT|Average_speed_NOR1|Time_investigating_Piramidka_NOR1|Latency_to_first_investigation_Piramidka_NOR1|Time_investigating_Stakan_NOR1|Latency_to_first_investigation_Stakan_NOR1|Total_distance_travelled_NOR2|Average_speed_NOR2|Time_investigating_Piramidka_zone_NOR2|Latency_to_first_investigation_Piramidka_zone_NOR2|Time_investigating_Stakan_zone_NOR2|Latency_to_first_investigation_Stakan_zone_NOR2|Learning_T1mean|Learning_T1max|Learning_T1sum|Learning_T2mean|Learning_T2sum|Learning_T3mean|Learning_T3sum|EnduranceT|rear_support|rear_nosupport|Weight|Grip,False
0.03,22,17.363636363636363,17.5,9,24,0.042112700226114935,0.0,0.0,0.0,0.31818181818181823,0.1622354656674869,0.03458871749859425,0.08753042102396075,0.0574713828665718,0.012252939997100663,0.12115899959208307,0.05762698941585615,0.012286115424877711,0.013600300190597553,0.008789523430413112,0.0018739326917884978,0.12010632249192832,0.056406840261589666,0.012025978751127405,22,0.3424587078104507,0.09312907377145674,0.03873817794381417,0.14647672770059234,0.08097654689917252,0.7578512479946435,0.030088105065681207,0.0037095249186543744,0.0005898437045011336,0.0008673024381529433,0.014647672770059234,0.01027376123431352,OFT_distance|Average_speed_OFT|Total_time_mobile_OFT|Absolute_turn_angle_OFT|Time_inCenter_OFT|Average_speed_NOR1|Time_investigating_Piramidka_NOR1|Latency_to_first_investigation_Piramidka_NOR1|Latency_to_first_investigation_Stakan_NOR1|Time_investigating_Piramidka_zone_NOR2|Latency_to_first_investigation_Piramidka_zone_NOR2|Time_investigating_Stakan_zone_NOR2|Latency_to_first_investigation_Stakan_zone_NOR2|Learning_T1max|Learning_T2mean|Learning_T3mean|Learning_T3sum|EnduranceT|rear_support|rear_nosupport|Weight|Grip,True
0.1,22,8.136363636363637,8.0,2,14,0.205617934401317,0.0,0.0,0.0,0.35000000000000003,0.19210612146613626,0.04095716271287816,0.09184621916348684,0.06172086568742187,0.013158932778646758,0.1118649052964062,0.05381864364298599,0.011474173377971932,0.008109108669344068,0.007803001728302885,0.0016636055581982414,0.07166420508223857,0.037970439907622035,0.008095324988642676,10,0.14534993249607678,0.05862119813478849,0.03525882984118764,0.24491883176586904,0.12245941588293449,0.8020923206244358,0.04299644990065003,0.0030947921630178894,0.0005311368243617465,0.000343644487075813,0.024491883176586904,0.014534993249607678,OFT_distance|Time_inCenter_OFT|Average_speed_NOR1|Latency_to_first_investigation_Piramidka_NOR1|Time_investigating_Stakan_zone_NOR2|Latency_to_first_investigation_Stakan_zone_NOR2|Learning_T1max|EnduranceT|rear_support|Grip,False
0.3,22,2.3636363636363638,2.0,0,5,0.46653897990687,0.0,0.0,0.0,0.35,0.17113069358158486,0.03648518646202636,0.09758684835726035,0.06342560942763055,0.013522385365261992,0.10605010979221903,0.06093875822354523,0.012992186907081189,0.0018679217632959965,0.002279115876566387,0.0004859091375413987,0.014406175092711047,0.020073272948621906,0.004279636172247887,2,0.0017602672086012691,0.0017546938011259536,0.0017546849215117504,0.4889803186204703,0.13919525543388717,0.995701295883278,0.05155106803243798,0.0013588208319214737,0.0007658272808555252,3.078950335709848e-07,0.04889803186204703,0.0005280801625803807,OFT_distance|Average_speed_NOR1,False
