lambda1,seed,fold,active_count,V_pos,V_sign,V_margin,V_eq,V_var,V_w,train_slack_sum,train_slack_max,train_min_live_enri,validation_min_enri,solver_status
0.0,0,1,31,0.0,0.3,0.07529867213343139,0.09738760688643809,0.025509796052866632,0.15895746201435793,2.42880945565516e-10,1.3771578618114371e-10,0.6353452527090393,0.4675600728826048,optimal
0.0,0,2,31,0.0,0.1,0.022655321577278988,0.059976746997752295,0.013577587100876537,0.24049807228450856,1.7913704262198585e-08,1.3698245391483367e-08,0.41227677785400796,0.4587089024443891,optimal
0.0,1,1,31,0.0,0.4,0.16196685842863842,0.23049386081595427,0.010528505921239628,0.13994331955352182,9.206176243305526e-11,5.577284247035806e-11,0.738662985788237,0.7733394267518431,optimal
0.0,1,2,31,0.0,0.2,0.039790921174269585,0.11019390690801602,0.012932826554991082,0.16440486738341176,3.171657440385754e-12,9.632715215236186e-13,0.4684980561265777,0.645001968649846,optimal
0.0,1,3,31,0.04,0.4,0.06512157282332247,0.2549425302375156,0.10230598931986153,0.19313494229071076,3.478772793205619e-11,9.209044693845554e-12,0.47866731397080375,-1.5614285382845479,optimal
0.0,2,3,31,0.0,0.3,0.06287509129715288,0.08242959324797237,0.016017404696974966,0.22460133544365327,0.025026857797552947,0.025026845398391485,0.4808244704071061,0.5338901101035051,optimal
0.0,3,1,31,0.0,0.1,0.013689237815915911,0.09741861658844277,0.019946544131445882,0.24950007010159525,0.001370947407948051,0.0013709473887025844,0.31707235094659825,0.40301762720419254,optimal
0.0,3,2,31,0.0,0.3,0.07826979993286674,0.17468720650323458,0.010970870423282963,0.126552394857368,1.1171845099060318e-09,1.0671190052017758e-09,0.7437010298782017,0.6577906955179265,optimal
0.0,3,3,31,0.0,0.3,0.12419854605753344,0.10500817723202853,0.005822980411825059,0.12191500602597623,0.0,0.0,0.6830410695249151,0.7096528657874018,optimal
0.0,5,1,31,0.0,0.2,0.0339135747090077,0.10881819735366435,0.029020257205886118,0.21086970239724176,1.8035214218469263e-08,9.597238544742068e-09,0.3545316410731193,0.3647135987750795,optimal
0.0,5,2,31,0.0,0.6,0.0877365462649731,0.04270385731521897,0.019808721106629335,0.12488573088485383,7.04191270298285e-10,6.950644422375732e-10,0.7218255302468444,0.7035666094066259,optimal
0.0,5,3,31,0.0,0.4,0.19528186021737343,0.23111406170616536,0.00120879526225701,0.051933036209638635,2.1274880923134002e-10,1.884889251201483e-10,0.888396203276916,0.8955340069273499,optimal
0.0,6,1,31,0.0,0.3,0.07669096540232974,0.05850004156951621,0.011525153702675638,0.11791751792895387,3.805889812353098e-10,2.3753429922147615e-10,0.6713280408912072,0.7510117472683253,optimal
0.0,6,2,31,0.0,0.4,0.10262530647590615,0.18751040178086875,0.010826743661495447,0.1315118618739288,7.229882573099929e-12,1.939108014479465e-12,0.6791645318747086,0.6227580469048001,optimal
0.0,6,3,31,0.0,0.3,0.04400670587319676,0.1012311332643613,0.021104267284187062,0.25652387806475313,2.0132912673056308e-08,1.0052382877935676e-08,0.30155492183048804,0.33212595100096676,optimal
0.0,7,1,31,0.0,0.3,0.04548200365219993,0.19374122427072613,0.01568422422183349,0.18053760720279244,7.705899453678679e-12,2.150836585265919e-12,0.5769989874044628,0.5312438970667033,optimal
0.0,7,2,31,0.0,0.5,0.10834735563469773,0.05028303070593465,0.005818245980259103,0.05485192840964878,2.146633109591354e-09,2.0716389709283393e-09,0.8433121818731116,0.8625032579967582,optimal
0.0,8,1,31,0.0,0.2,0.0577960074575952,0.12563075493460438,0.0182662331147857,0.1852335465010881,1.079910677549793e-09,4.958044115014135e-10,0.37867866772242675,0.5638855399796077,optimal
0.0,8,2,31,0.0,0.0,0.012833568107466308,0.1437824323083703,0.031179104747354983,0.2205738741335387,0.05313197001882922,0.05313197001882922,0.33490815368629867,0.43114468286270347,optimal
0.0,8,3,31,0.0,0.6,0.17067844193407097,0.08716901846527834,0.0029803873612672025,0.08740394530922418,7.845456012684939e-09,4.6528826248090766e-09,0.6879684354047559,0.8562598262561729,optimal
0.0,9,1,31,0.0,0.3,0.08558253504001047,0.08097278874187405,0.010962416493700956,0.13159679116264753,3.1209555343317522e-09,2.942525428843733e-09,0.6813721360114744,0.6457249382987125,optimal
0.0,9,3,31,0.0,0.4,0.20256978829514943,0.1843373556966456,0.001675845080458852,0.04172602429610524,3.3283790280358882e-09,3.3283356903605884e-09,0.8337409465117898,0.8264029411573609,optimal
1e-05,0,1,31,0.0,0.3,0.0753000732115512,0.09738379348394403,0.025506516472463058,0.15892722625804986,6.395010394921177e-10,3.176856491430588e-10,0.6353619486306441,0.4675419005514806,optimal
1e-05,0,2,31,0.0,0.1,0.02266262392009044,0.05998034928534092,0.013577268163378805,0.24047736737234748,5.851789955552326e-22,4.422637219475145e-22,0.4122296457619463,0.45870391597798466,optimal
1e-05,1,1,31,0.0,0.4,0.16198454769806409,0.23050841110984943,0.010526412602252564,0.13991545229169383,6.216279101450888e-10,3.1346157506515444e-10,0.7387269793960773,0.7733769720937921,optimal
1e-05,1,2,31,0.0,0.2,0.039793379323918986,0.11019270277109573,0.012934499632357118,0.1643899582135555,1.9676353708535257e-18,9.838340382947173e-19,0.46847819519983225,0.6449804120607433,optimal
1e-05,1,3,31,0.04,0.4,0.06512292692012242,0.2543974271179533,0.10195484562126593,0.19311435790081125,2.2254466765961573e-21,1.706522596421105e-21,0.47868340044507585,-1.5565933475171807,optimal
1e-05,2,3,31,0.0,0.3,0.0628473707958092,0.08240843308725393,0.016012003535677433,0.22456101442999146,0.025053436098953285,0.025053436098953285,0.48082148041146167,0.5339456984045309,optimal
1e-05,3,1,31,0.0,0.1,0.01368992344986999,0.09741243219788295,0.01994601378322967,0.24946920306637163,0.0013902925063934797,0.0013902925063934797,0.31703733955851143,0.40298604937045346,optimal
1e-05,3,2,31,0.0,0.3,0.07827027900818101,0.1746678055003406,0.010971042344888457,0.12653316647922155,4.702594530849159e-10,4.0668492065018555e-10,0.7436828091435588,0.6577919478157231,optimal
1e-05,3,3,31,0.0,0.3,0.12419755978882949,0.10499343543956853,0.005822149165075977,0.12188120433154973,8.001083360962333e-30,1.0001354201202916e-30,0.6830503341648455,0.7096365844569974,optimal
1e-05,5,1,31,0.0,0.2,0.03391544499620135,0.10882239763694053,0.029022432342448015,0.21085377985377696,2.1375046967897123e-17,1.068791880670568e-17,0.35451227464883805,0.36469989228639854,optimal
1e-05,5,2,31,0.0,0.6,0.08774609109356601,0.042708319786775306,0.01980685399906053,0.12485342598466917,6.760262600815923e-21,4.741351755473183e-21,0.7218288739694309,0.7036331601228433,optimal
1e-05,5,3,30,0.0,0.4,0.19526534763499978,0.23110049336564653,0.0012086331181590689,0.05192641633556309,7.000947940842041e-30,1.0001354201202916e-30,0.8883618899646315,0.8954983975966402,optimal
1e-05,6,1,31,0.0,0.3,0.07669143520628402,0.05849462437571759,0.011525848467237596,0.11789589851356297,7.949870149697481e-18,3.974991059904312e-18,0.6712923111224891,0.750985309977007,optimal
1e-05,6,2,31,0.0,0.4,0.1026326162795935,0.18751637671718968,0.01082587119475499,0.1314850223654179,8.001083360962333e-30,1.0001354201202916e-30,0.6792052620857018,0.6228548750941558,optimal
1e-05,6,3,31,0.0,0.3,0.04400467946793273,0.1012344297365843,0.02110518538249406,0.25651188660995156,1.9846613918795727e-08,9.910587159055942e-09,0.3015624140757035,0.3321199015521139,optimal
1e-05,7,1,31,0.0,0.3,0.0454783271042251,0.19374091417372444,0.015685246135700593,0.18052145763050392,1.2994743662911425e-17,6.4970373798357684e-18,0.5769442501437504,0.5311782176490847,optimal
1e-05,7,2,31,0.0,0.5,0.10834355851127295,0.05027986555712341,0.005819789163836988,0.054823956422319055,5.164665053382006e-22,5.164664993373881e-22,0.8433446728395486,0.8625170336804329,optimal
1e-05,8,1,31,0.0,0.2,0.057806210711901417,0.1256396241866063,0.018265355006790236,0.18520931348290995,1.2397495499070775e-09,5.666336972820575e-10,0.3787283091730338,0.5639399770648319,optimal
1e-05,8,2,31,0.0,0.0,0.012837912526747102,0.1437834818353298,0.03117626005407227,0.2205493008668222,0.05315096829875372,0.05315096829875372,0.33492132527716856,0.4311971616518451,optimal
1e-05,8,3,31,0.0,0.6,0.17068172721163075,0.08715079646481637,0.0029796935027457745,0.08737211259552093,2.7173112111084745e-23,2.7173105110136804e-23,0.6879534710943811,0.8562979833305666,optimal
1e-05,9,1,31,0.0,0.3,0.08558954501168725,0.08097535140456467,0.010959903594324695,0.1315803053675442,1.551064669199707e-21,1.5510646631988944e-21,0.6813824677629378,0.6457606422108277,optimal
1e-05,9,3,30,0.0,0.4,0.20255836369361724,0.18431348019243324,0.0016741948784404056,0.04167626123814535,7.350408746249847e-23,7.350407846127969e-23,0.8337257769054872,0.8264408809947885,optimal
3e-05,0,1,31,0.0,0.3,0.07530287496910706,0.09737617183017896,0.025499962756648144,0.15886693773087623,2.628531372903901e-10,1.495787910153905e-10,0.6353953380799693,0.46750555954515016,optimal
3e-05,0,2,31,0.0,0.1,0.022677227808642186,0.05998757734387912,0.013576636308059808,0.24043599754638575,3.399121150266878e-21,2.6405792048917834e-21,0.41213538488007284,0.45869390351823647,optimal
3e-05,1,1,31,0.0,0.4,0.1620199276523343,0.23053751520617893,0.010522230136128732,0.13985976336130745,5.260637049424102e-11,3.1951113846108036e-11,0.7388549686593406,0.7734520723282489,optimal
3e-05,1,2,31,0.0,0.2,0.03979829577154499,0.11019029624464625,0.012937852105866407,0.16436028151707163,9.153302393005876e-18,4.576873109295081e-18,0.46843847586882537,0.6449373023392213,optimal
3e-05,1,3,31,0.04,0.4,0.0651256360440654,0.25330891655657223,0.10125528898208193,0.19307330649887394,1.5302487876536933e-21,1.1348929870975855e-21,0.4787155998879117,-1.5469310000719512,optimal
3e-05,2,3,31,0.0,0.3,0.06279195298349385,0.08236613773588347,0.016001214916062965,0.22448051584932277,0.02510655273591428,0.02510655273591428,0.4808152671944379,0.5340567619198551,optimal
3e-05,3,1,31,0.0,0.1,0.013691294454355324,0.09740006761211999,0.019944959201301026,0.24940756797481808,0.0014289790778164574,0.0014289790778164574,0.3169673237797711,0.4029229058074426,optimal
3e-05,3,2,31,0.0,0.3,0.07827123779060446,0.1746289987628212,0.010971391760715528,0.12649487956491498,1.0794158727575069e-09,1.0303103702898235e-09,0.7436463676951071,0.6577944749014282,optimal
3e-05,3,3,31,0.0,0.3,0.12419557585611851,0.1049639629662824,0.005820493743641634,0.12181373903244602,3.4816749088843995e-22,2.21346335199392e-22,0.6830688001493244,0.7096039584492744,optimal
3e-05,5,1,31,0.0,0.2,0.03391917639044302,0.10883082201101221,0.029026778646667046,0.21082207855127147,3.7551321665896345e-18,1.8776010174025822e-18,0.3544735544583629,0.364672591519683,optimal
3e-05,5,2,31,0.0,0.6,0.08776517999036017,0.04271725441016564,0.019803123712024476,0.1247890497022134,6.668916890384829e-21,4.719718151277506e-21,0.7218355714239344,0.703766277584161,optimal
3e-05,5,3,30,0.0,0.4,0.19523962477328247,0.23107218729106477,0.0012083595670734576,0.05191428622242669,6.555257810568362e-23,6.555257110473568e-23,0.8882910461738622,0.8954177545294811,optimal
3e-05,6,1,31,0.0,0.3,0.07669237770093856,0.05848379343127637,0.011527240520887085,0.11785278845705649,1.0291564610696134e-17,5.1467575229112195e-18,0.6712208599341605,0.750932451194213,optimal
3e-05,6,2,31,0.0,0.4,0.10264723738074907,0.1875283380968629,0.010824135482173968,0.13143144871655538,5.3189971263147785e-22,5.318997046303945e-22,0.6792867407240353,0.6230485482864005,optimal
3e-05,6,3,31,0.0,0.3,0.04400062719926053,0.1012410336395331,0.02110702791942338,0.2564879994450743,2.3284439561958615e-08,1.1622962943857848e-08,0.30157739991847277,0.3321078178919059,optimal
3e-05,7,1,31,0.0,0.3,0.04547097451328751,0.19374029677873345,0.01568729342256332,0.18048928948483456,1.1921254941424776e-17,5.960608865556481e-18,0.5768347803987492,0.5310468672242243,optimal
3e-05,7,2,31,0.0,0.5,0.10833596928761566,0.050273541771653794,0.005822880215739003,0.05476825242890845,4.894132134538769e-22,4.894132074530644e-22,0.8434096645001015,0.862544571506477,optimal
3e-05,8,1,31,0.0,0.2,0.05782661745054757,0.1256573981999045,0.018263615839902086,0.18516089011866166,1.0792356707023337e-09,4.953076330497996e-10,0.3788275950034299,0.5640488541882229,optimal
3e-05,8,2,31,0.0,0.0,0.012846606691841882,0.14378561475734705,0.031170585042848965,0.22050020424744324,0.053188951161589136,0.053188951161589136,0.33494756815080373,0.4313020296190523,optimal
3e-05,8,3,31,0.0,0.6,0.17068830020047682,0.08711435604675591,0.00297831328816014,0.08730877894975578,3.093640949803613e-23,3.093640249708819e-23,0.6879235704363534,0.8563743049153715,optimal
3e-05,9,1,31,0.0,0.3,0.0856035620830813,0.08098048486913882,0.010954888640864994,0.13154741240507778,2.5985001080753404e-21,1.739129120494109e-21,0.6814030182975419,0.645831903832627,optimal
3e-05,9,3,30,0.0,0.4,0.20253527121225717,0.18426595810513283,0.001670829459217026,0.04157757443122585,9.001218781082624e-30,1.0001354201202916e-30,0.8336939389378121,0.8265164912609003,optimal
0.0001,0,1,31,0.0,0.3,0.07531268139717869,0.09734954889468066,0.025477081307982808,0.15865785911837296,2.7442987014412686e-10,1.5651777821583033e-10,0.6355122030217912,0.46737836134290234,optimal
0.0001,0,2,31,0.0,0.1,0.02272834141857332,0.060012930181164985,0.013574500542367321,0.24029193903826004,1.5135442425746827e-21,1.3899864759682808e-21,0.4118054717935147,0.45865885990911737,optimal
0.0001,1,1,31,0.0,0.4,0.16214375589395352,0.23063938758602145,0.010507637458985614,0.13966535284317644,9.808347732272085e-10,5.956796103953062e-10,0.7393029308260595,0.773714914319163,optimal
0.0001,1,2,31,0.0,0.2,0.039815503338236115,0.11018188734641511,0.012949651961569325,0.16425790072799903,1.0814762792905319e-17,5.407548638932338e-18,0.4682994582103014,0.6447864183138943,optimal
0.0001,1,3,31,0.04,0.4,0.06513511797786568,0.24950765682572285,0.09882933286409955,0.1929309011383973,1.7843959685012015e-21,1.5555202357684736e-21,0.47882829793783777,-1.5131127840168577,optimal
0.0001,2,3,31,0.0,0.3,0.06259799064038991,0.08221827862628273,0.015963537189816624,0.2241998240924029,0.025292460965277416,0.025292460965277416,0.48079352093485395,0.5344454842234894,optimal
0.0001,3,1,31,0.0,0.1,0.013696092970053914,0.09735683577243957,0.019941329380435583,0.24919285046828357,0.0015643820777968976,0.0015643820777968976,0.31672226855417995,0.4027019033369037,optimal
0.0001,3,2,31,0.0,0.3,0.07827459279152472,0.17449319020546303,0.010972680881941192,0.12636272967594442,1.103609966282534e-09,1.053414950807817e-09,0.7435188224593783,0.6578032939442504,optimal
0.0001,3,3,31,0.0,0.3,0.12418863209163016,0.10486090067045524,0.005814751295720011,0.12157881934420499,8.001083360962333e-30,1.0001354201202916e-30,0.6831334310950007,0.7094897674222439,optimal
0.0001,5,1,31,0.0,0.2,0.033932236270288865,0.10886035414747709,0.029042046806583358,0.21071259623172625,6.2222456336529684e-18,3.1113187640912196e-18,0.3543380337916996,0.364577038836178,optimal
0.0001,5,2,30,0.0,0.6,0.0878307711449817,0.04275048010282522,0.019792634142603432,0.12456455347229198,7.93643718336922e-21,5.734492398751257e-21,0.7218472788414235,0.7041992085193012,optimal
0.0001,5,3,29,0.0,0.4,0.19519394130421996,0.23099587167582583,0.0012070560633809782,0.05187790677688908,7.000947940842041e-30,1.0001354201202916e-30,0.8880467683465948,0.8952507459925094,optimal
0.0001,6,1,31,0.0,0.3,0.07669567643222949,0.05844591138783785,0.011532141324624046,0.11770326382663479,2.1106953915099748e-18,1.0562258158968609e-18,0.6709707807750103,0.7507474454544346,optimal
0.0001,6,2,30,0.0,0.4,0.10271310524489596,0.18757734428260503,0.010820281410240119,0.13124879289551447,6.950182806123919e-22,6.950182726113086e-22,0.6795524130407599,0.623648311377824,optimal
0.0001,6,3,31,0.0,0.3,0.043986442205115515,0.10126428565433067,0.021113542914769978,0.2564053870329303,2.0211331200316103e-08,1.0096782398955934e-08,0.30162984500427414,0.3320654672327148,optimal
0.0001,7,1,31,0.0,0.3,0.0454452404450059,0.193738157600488,0.015694492572274007,0.1803780695140819,9.542605643293631e-18,4.770947351147608e-18,0.5764516362912442,0.5305871407372128,optimal
0.0001,7,2,31,0.0,0.5,0.10830940700481517,0.050251499707223264,0.005833772170648775,0.054575847388570166,3.2256248694967908e-22,3.2256248094886656e-22,0.8436371353120371,0.8626409538976318,optimal
0.0001,8,1,31,0.0,0.2,0.0578980407644021,0.12571997520690267,0.01825770725680139,0.18499185997880532,1.0876771515570046e-09,4.995028292082234e-10,0.37917509198887256,0.5644299206326309,optimal
0.0001,8,2,31,0.0,0.0,0.012877036269673648,0.14379311717437981,0.03115078388725563,0.22032855295630513,0.053321891181513315,0.053321891181513315,0.33503941820852723,0.43166906750427647,optimal
0.0001,8,3,31,0.0,0.6,0.17071130566143827,0.08698683694343987,0.0029735635158517535,0.08709062168144903,1.9356785711297144e-22,1.2323073628739984e-22,0.687818918133257,0.856641430462188,optimal
0.0001,9,1,31,0.0,0.3,0.08565262183296053,0.08099853067031364,0.010937389706323861,0.1314327750023975,2.154423424875326e-21,1.5098732566142654e-21,0.6814749451686569,0.6460813195089258,optimal
0.0001,9,3,30,0.0,0.4,0.20245444752749692,0.18410005563015738,0.0016592044355971246,0.04123692842599702,1.2860835716708875e-24,1.2860745704521064e-24,0.8335825060509491,0.8267811271922914,optimal
0.0003,0,1,31,0.0,0.3,0.07534069988457678,0.09727393796883863,0.02541219088614748,0.15807712960693657,3.272592354646489e-10,1.8856467023102812e-10,0.6358461034456415,0.46701493819061446,optimal
0.0003,0,2,31,0.0,0.1,0.02287438030409081,0.06008583431651829,0.013569047451166135,0.23988666647953155,7.452671940151636e-22,7.077644611831761e-22,0.4108628629747778,0.4585587353116354,optimal
0.0003,1,1,31,0.0,0.4,0.1624975546828425,0.23093054811709224,0.010466338151992103,0.13911420642279004,3.752206386166886e-10,2.0578906760743818e-10,0.7405828271453541,0.7744658944666557,optimal
0.0003,1,2,31,0.0,0.2,0.03986466781449639,0.11015798148356505,0.01298393325003832,0.16397816796511597,1.294333076408889e-17,6.471812190799607e-18,0.4679022649002331,0.6443553210986741,optimal
0.0003,1,3,30,0.04,0.4,0.06516169358705234,0.2198973283831219,0.0807788543833891,0.19253309049874462,1.400804923395582e-21,8.518213413984317e-22,0.47915755465323584,-1.2443982660826647,optimal
0.0003,2,3,31,0.0,0.2,0.06204381251723577,0.08179733196745767,0.015856593192578244,0.2234069225352186,0.025823627334886873,0.025823627334886873,0.4807313887646145,0.5355561193767309,optimal
0.0003,3,1,31,0.0,0.1,0.013709803014907073,0.09723369587485474,0.01993148317126142,0.24858801954499601,0.0019512477920263385,0.0019512477920263385,0.3160221107667762,0.40207046770679256,optimal
0.0003,3,2,31,0.0,0.3,0.07828417850629975,0.17410524060035135,0.010976924765034373,0.1260010631783909,1.1604582420944947e-09,1.1079213828823406e-09,0.7431544075004912,0.657828491143936,optimal
0.0003,3,3,31,0.0,0.3,0.12416879276452068,0.10456722325429642,0.005798785962503039,0.12091806484939326,2.929116512858947e-23,2.929115712750611e-23,0.6833180909397905,0.7091635073450147,optimal
0.0003,5,1,30,0.0,0.2,0.03398375545086922,0.10893627843684778,0.029086047467648573,0.21039527934392713,2.4875464640067747e-17,1.243803944320602e-17,0.3539515670903729,0.36437784470322176,optimal
0.0003,5,2,30,0.0,0.6,0.08801624811341777,0.042849271635371104,0.019767030931006416,0.12394181587557053,7.539557077328924e-21,5.3045544559769425e-21,0.7218622013712472,0.70538407900728,optimal
0.0003,5,3,27,0.0,0.4,0.19512689554795573,0.23080505959971942,0.0012018211148439168,0.05180267739796114,1.7104583203465212e-22,1.7104582503370418e-22,0.88741142527612,0.8950324040980836,optimal
0.0003,6,1,31,0.0,0.3,0.07670510137877498,0.058337902686929066,0.011546388900704743,0.11728777363554813,2.4801569221737013e-18,1.2400885971446339e-18,0.6702562688917243,0.7502188576264963,optimal
0.0003,6,2,30,0.0,0.4,0.102905374967759,0.18771977706172388,0.0108105248377892,0.1307370107280242,6.506521720195554e-22,6.506521640184721e-22,0.6803060670825554,0.6253402587473977,optimal
0.0003,6,3,31,0.0,0.3,0.043945911734400725,0.10133185623305362,0.02113272429027224,0.256177898761353,3.678914981227295e-09,1.6111130436553594e-09,0.3017796825042578,0.33194442399559887,optimal
0.0003,7,1,31,0.0,0.3,0.04537171453562988,0.19373223170726547,0.01571534996308568,0.18007205815038435,5.2264435242244305e-18,2.6132428552596962e-18,0.5753569388412303,0.5292736364886086,optimal
0.0003,7,2,31,0.0,0.5,0.10823351476824228,0.05018930537970646,0.005865520098271339,0.054048371622239355,2.6257373378430365e-22,2.6257372778349113e-22,0.8442870519175671,0.8629163321580736,optimal
0.0003,8,1,31,0.0,0.2,0.05810210778578222,0.12590191878320697,0.018242356113508985,0.18451279930737646,4.1555813832484883e-10,2.186042049896999e-10,0.3801679473702546,0.5655186888286481,optimal
0.0003,8,2,31,0.0,0.0,0.0129639779206215,0.14381487135356896,0.03109473530288652,0.21983972767187973,0.053701719809867786,0.053701719809867786,0.3353018469448805,0.43271774717634537,optimal
0.0003,8,3,31,0.0,0.6,0.17077703554989948,0.08662268947316411,0.002960686841324904,0.08649771447486851,1.7813752721372756e-22,1.5674958675102894e-22,0.6875199115529813,0.8574046463102354,optimal
0.0003,9,1,31,0.0,0.3,0.08579279254690117,0.08105076383606076,0.01088785048678814,0.1311094372177662,1.8365638403950738e-21,1.7252619029890764e-21,0.6816804505146997,0.6467939357269217,optimal
0.0003,9,3,30,0.0,0.4,0.20222352271389635,0.1836297035583022,0.0016273095994996205,0.04030584340739798,1.2351784554552124e-22,1.2351783654430246e-22,0.8332641263741977,0.8275372298534085,optimal
0.001,0,1,30,0.0,0.3,0.07550917402363862,0.09707143423307348,0.025178632161844006,0.15631855120680588,1.9733351298006825e-20,1.314512476934685e-20,0.6376544466109285,0.4658768381406664,optimal
0.001,0,2,31,0.0,0.1,0.02338551640340203,0.060346420266378216,0.013557534424363816,0.23854257974142906,7.550057481783146e-22,4.1355990848680723e-22,0.4075637321091994,0.4582082992204476,optimal
0.001,1,1,30,0.0,0.5,0.16397858085101782,0.23180817787653074,0.010399219712292964,0.13726834109246946,7.600037933608129e-10,4.808380183481475e-10,0.7452365029439398,0.7770392467633562,optimal
0.001,1,2,31,0.0,0.2,0.040036743481407344,0.11007570729870257,0.013110537601720753,0.16314942148204836,6.6672616240694026e-18,3.3336420887065383e-18,0.4665120883149938,0.6428464808454033,optimal
0.001,1,3,27,0.0,0.4,0.06521604525100747,0.13505868106726515,0.015957457358062664,0.19117123929496527,3.1756337039473222e-21,1.616711415163724e-21,0.48048459274536026,0.6299854851946151,optimal
0.001,2,3,31,0.0,0.2,0.06010418908619634,0.08034205647881752,0.015490533442674191,0.22073946065426717,0.02768270962851988,0.02768270962851988,0.4805139261687781,0.5394433424130763,optimal
0.001,3,1,31,0.0,0.1,0.013757788171893154,0.09680716264400495,0.0199031430276343,0.24657318100217374,0.003305277791829935,0.003305277791829935,0.31357155851086316,0.39986044300140444,optimal
0.001,3,2,28,0.0,0.3,0.07858111246980114,0.1727255551271149,0.011003493107343644,0.1250052688440092,1.1933124337052063e-08,8.44220487404529e-09,0.7432908258097765,0.6589075237260723,optimal
0.001,3,3,30,0.0,0.3,0.12390617233920923,0.10396353192172877,0.005790405301316603,0.11889922959795056,6.588335357091475e-23,4.952511148381505e-23,0.6844172821846914,0.7073329470402553,optimal
0.001,5,1,29,0.0,0.2,0.034255184740263026,0.10932038353074966,0.029239280488162652,0.20936335384486335,4.204713120983358e-17,2.1023560014707382e-17,0.35264234128239136,0.36412670163633987,optimal
0.001,5,2,29,0.0,0.6,0.088533099316044,0.04323742888136067,0.01968617159852223,0.12209059482629389,8.76518075946403e-21,6.177600332430001e-21,0.7214774241719999,0.7100181239770793,optimal
0.001,5,3,26,0.0,0.4,0.19481732296460236,0.23014096495865133,0.0011870124089986397,0.05163397646322866,7.000947940842041e-30,1.0001354201202916e-30,0.8852577262216264,0.8946593285747265,optimal
0.001,6,1,30,0.0,0.3,0.07687455911363641,0.057986619596228466,0.011580274358767663,0.11615512469544467,9.693426604410312e-18,4.8467813275741915e-18,0.6680461451958519,0.7490204299139371,optimal
0.001,6,2,28,0.0,0.4,0.1032612460156658,0.187477816850644,0.010772157446220045,0.129171489491436,7.109203626530747e-22,7.109203546519913e-22,0.6804748710826012,0.6292575820987437,optimal
0.001,6,3,31,0.0,0.3,0.043804065846254625,0.10158148841908135,0.02120648540590328,0.2554818563311811,3.2593187669687423e-10,2.0413625805533304e-10,0.3023041362136456,0.3315210242248037,optimal
0.001,7,1,29,0.0,0.2,0.04518174033868612,0.1938964952459541,0.015801652659174988,0.17918870461986547,4.776564509746487e-18,2.387843984011548e-18,0.5721164793650422,0.5252115379060108,optimal
0.001,7,2,30,0.0,0.5,0.10793262999982864,0.04998316099380534,0.005965809087045546,0.052451744526799356,4.090020160298112e-22,4.090020100289987e-22,0.8463695429136197,0.8638400098750076,optimal
0.001,8,1,31,0.0,0.2,0.05881634093426028,0.12657522241336608,0.018206481939063452,0.1828819634515883,3.1771298564511127e-09,1.0426368313332532e-09,0.3836429208095361,0.5693293565638617,optimal
0.001,8,2,31,0.0,0.0,0.013268273698938984,0.14389472639730289,0.03090470362640099,0.21814779019947492,0.05503112000910892,0.05503112000910892,0.33622034752211627,0.43638812602858723,optimal
0.001,8,3,30,0.0,0.6,0.1711237902743771,0.08528750156268139,0.002928146035865929,0.08475061553049185,4.0687196638197177e-22,2.3490182493151435e-22,0.6867529741067864,0.8604894504740469,optimal
0.001,9,1,31,0.0,0.3,0.08628339004569337,0.0812414152650954,0.010719803475200419,0.13002730926091785,1.5903172546355697e-21,1.4306926539327744e-21,0.6823997192258491,0.6492880924899078,optimal
0.001,9,3,28,0.0,0.4,0.20142844068591698,0.18266595223527474,0.0015470913932040867,0.038069920458795745,2.941541636818097e-23,2.941540736696219e-23,0.8322489701299,0.8293049281910685,optimal
0.003,0,1,28,0.0,0.3,0.07668941587124081,0.09644270005160543,0.024419860286482898,0.15262958571558274,2.994765009758677e-22,2.0862933785062473e-22,0.6417375542783554,0.465982952754153,optimal
0.003,0,2,29,0.0,0.1,0.024550109191137072,0.06073689424676387,0.013517079551238327,0.23576780063746056,0.0001777386082976383,0.0001777386082976383,0.4007380913461245,0.45782714935253466,optimal
0.003,1,1,27,0.0,0.5,0.16828901787755993,0.233825269240896,0.010208587917688536,0.13179190992286596,0.0009538444476186954,0.0009538444476186954,0.7583184304833057,0.7844563842134458,optimal
0.003,1,2,28,0.0,0.2,0.04028955430695001,0.11070093768712744,0.013529214169853332,0.16147421666265271,2.1261454304656755e-17,1.0630866594185317e-17,0.4667364413290417,0.6390043512849864,optimal
0.003,1,3,24,0.0,0.4,0.06568396188636565,0.13486730598553154,0.015869071609670066,0.18769693732218845,2.44664608178812e-21,1.53679279303373e-21,0.4808137821200168,0.6322114108041355,optimal
0.003,2,3,28,0.0,0.1,0.0548633485825303,0.07651526758662425,0.01449439617377215,0.21414362828980293,0.0328652885576243,0.0328652885576243,0.48016111265652794,0.5501849052453736,optimal
0.003,3,1,29,0.0,0.1,0.013523965584459317,0.09675044563978807,0.019890982429215127,0.24192405329825703,0.008045581357975298,0.008045581357975298,0.3054536462102996,0.3941442273203519,optimal
0.003,3,2,28,0.0,0.3,0.07966466923041379,0.16896939818332368,0.011104482795978947,0.12268147244835925,1.7251324090920345e-08,1.2508095132415758e-08,0.7448520479752276,0.6629547390016479,optimal
0.003,3,3,29,0.0,0.3,0.12245707244274781,0.10216669677989557,0.005801179889366028,0.11470325263953707,1.0514042198466458e-22,1.0514041398358121e-22,0.6872745953016723,0.7011967269956568,optimal
0.003,5,1,27,0.0,0.2,0.03515282872782331,0.11089480096806754,0.02965988355429372,0.20683184963639648,6.1837542459320806e-18,3.09189276116916e-18,0.35070967178572543,0.36481921139128937,optimal
0.003,5,2,27,0.0,0.6,0.0891434100121189,0.043356492389242676,0.01923026268550623,0.11959935537782204,1.2213463391026111e-20,8.613623695901787e-21,0.7231932574478623,0.718996683669189,optimal
0.003,5,3,23,0.0,0.4,0.1943802365589137,0.22930675613249946,0.0012008781852051549,0.050922156763491454,5.705360069235205e-23,5.705359369140411e-23,0.8808922321870686,0.8967478137270738,optimal
0.003,6,1,29,0.0,0.3,0.07780450482572679,0.05841340969996951,0.01166285796894539,0.11460054910262481,2.642138909079315e-18,1.32100867914993e-18,0.6677036519672637,0.7495702408753777,optimal
0.003,6,2,25,0.0,0.4,0.10391401624673202,0.1858419590146765,0.010630632094542963,0.12551841285625218,9.360732657777022e-22,9.360732577766189e-22,0.6768653052331165,0.6393662029396161,optimal
0.003,6,3,30,0.0,0.3,0.04311880420685119,0.10196024827261838,0.021540039392154552,0.2544216045742097,2.544361700641611e-11,1.518114029801221e-11,0.3040351978807795,0.33084936845839163,optimal
0.003,7,1,27,0.0,0.2,0.0450848496608227,0.19519180523712035,0.016024156858112523,0.17769644706933843,8.413974256547334e-18,4.206792019498829e-18,0.5683855538104556,0.5175656808495045,optimal
0.003,7,2,25,0.0,0.5,0.10790372443807934,0.04958697837776711,0.005889090535915446,0.048882123263292394,4.630689126777847e-22,4.630689066769722e-22,0.8490200182397742,0.8641176306329218,optimal
0.003,8,1,31,0.0,0.2,0.06039019189466273,0.12849870427670976,0.01810183201563326,0.17758281063911457,0.0021902210256396523,0.0021902210256396523,0.3961633299482308,0.5787791993672965,optimal
0.003,8,2,28,0.0,0.0,0.013689034240196508,0.1443858280967296,0.03045644304956704,0.2138261027939603,0.058279713155360055,0.058279713155360055,0.3390420893768358,0.44381394834743526,optimal
0.003,8,3,24,0.0,0.6,0.1715494914934898,0.08294163670602514,0.0029743781473869206,0.08198686850491155,1.7443726034697112e-22,1.7443725334602318e-22,0.6880960587680126,0.8584007143293879,optimal
0.003,9,1,27,0.0,0.3,0.08763825072793821,0.0821089781857672,0.010346594470287547,0.12715503893848173,1.9119986060225777e-21,1.5384166952422758e-21,0.6844427851474826,0.6566062999522913,optimal
0.003,9,3,22,0.0,0.4,0.20081405416606066,0.18224601755908607,0.0013930404688031908,0.036379619085554656,9.001218781082624e-30,1.0001354201202916e-30,0.8301243811907337,0.8308328925602886,optimal
0.01,0,1,24,0.0,0.3,0.08080588529228339,0.09675695965203111,0.02217076351456204,0.14491060359090244,7.247373837573812e-21,4.237140326513639e-21,0.6372851988110914,0.4643980778397897,optimal
0.01,0,2,28,0.0,0.1,0.02744953319605372,0.060591371067993754,0.012186118563132044,0.21796401967939152,0.025044456357716835,0.025044456357716835,0.4157010605419639,0.5064506550621304,optimal
0.01,1,1,19,0.0,0.5,0.17952283994558413,0.23736143117892383,0.006869466878454013,0.09415513449774378,0.03448674358534761,0.03448674358534761,0.8201237751383088,0.81890343388725,optimal
0.01,1,2,25,0.0,0.2,0.041079404320237586,0.11499094416610912,0.014893593107001132,0.1568809956410789,4.786032812009713e-18,2.393084473759296e-18,0.47432835669688544,0.6287867057195903,optimal
0.01,1,3,21,0.0,0.4,0.06951891585060736,0.136130335799939,0.015753876536390255,0.17828181595929318,6.202001072907453e-21,3.3849329408888055e-21,0.48450898047745317,0.6327343417053208,optimal
0.01,2,3,25,0.0,0.1,0.040377235153529055,0.06911548052492682,0.012343458094632394,0.19604166043488414,0.05108891640439037,0.05108891640439037,0.49018266754142803,0.592079472842917,optimal
0.01,3,1,26,0.0,0.1,0.012382917549070402,0.09806005243987335,0.020902424745991327,0.2321175849349397,0.02540891892199005,0.02540891892199005,0.2939059316209116,0.39209809644387683,optimal
0.01,3,2,25,0.0,0.4,0.08346180759432983,0.14789992561299908,0.010143103400013105,0.10459462911329338,0.018315985718036575,0.018315985718036575,0.7498205423064143,0.7224152656387901,optimal
0.01,3,3,27,0.0,0.3,0.11642907960953916,0.09587920691136212,0.006206439343715526,0.10377150838920046,6.913500796318004e-23,6.913499996209668e-23,0.6973986104184086,0.6848128894550725,optimal
0.01,5,1,25,0.0,0.2,0.03572480395752178,0.1143538818379367,0.03212174307941138,0.201190386572086,2.4317523405951544e-17,1.2159232086779509e-17,0.34727562270303713,0.3551519496245582,optimal
0.01,5,2,21,0.0,0.6,0.0876506625509644,0.04162799736749157,0.016340177770991178,0.1081809976244085,0.011919130467173713,0.011919130467173713,0.7558693226149878,0.7550314514741235,optimal
0.01,5,3,20,0.0,0.4,0.1951748212800933,0.22841894239195937,0.0014866645205664916,0.049490558417509045,2.904222169418716e-22,2.904222089407882e-22,0.8717193762681503,0.8901892534193878,optimal
0.01,6,1,26,0.0,0.3,0.08091555622732247,0.05841968810871177,0.012411428890188097,0.1111963618346711,4.40025428972554e-18,2.2012245363498865e-18,0.66859117031522,0.7507846233012094,optimal
0.01,6,2,24,0.0,0.4,0.10441496757430753,0.18910050654265528,0.010636043047539208,0.12090167693333866,2.114343598950904e-21,2.1143435909498206e-21,0.6715506463606076,0.6307381430894412,optimal
0.01,6,3,25,0.0,0.3,0.040616688191733676,0.10125051872546326,0.02310124093108988,0.2538738827944008,2.228324280424079e-11,1.233115441215073e-11,0.3153319269623487,0.3321045040034136,optimal
0.01,7,1,21,0.0,0.2,0.044897128946520995,0.19978803210654603,0.015443524513464672,0.1672460832764395,0.014706466202422202,0.007353233101211118,0.5711032252683506,0.5204975712813632,optimal
0.01,7,2,20,0.0,0.4,0.10680296866109537,0.04740529865747047,0.005815234765135559,0.04232732996250833,2.8336145957043245e-21,2.833614589703512e-21,0.8422003332711151,0.8491279902941737,optimal
0.01,8,1,26,0.0,0.2,0.06345678593469653,0.13174330979458038,0.01957279488994269,0.1624461534270023,0.01583717979639188,0.01583717979639188,0.4406794206936686,0.5942899223119104,optimal
0.01,8,2,26,0.0,0.0,0.014010908543190764,0.14630047512748434,0.029076262284557817,0.20056275243368166,0.06955393462433448,0.06955393462433448,0.3503459811155838,0.469517809499988,optimal
0.01,8,3,23,0.0,0.6,0.1722862634349624,0.07892387037361871,0.0035874753992316617,0.07620431917035562,8.453810620037678e-22,6.764290259503932e-22,0.6980881172734759,0.826690072962476,optimal
0.01,9,1,22,0.0,0.3,0.09251933038909291,0.0874986576188175,0.008886134079241567,0.11431179278918825,0.010126002635827726,0.010126002635827726,0.7094949660736894,0.7017845430430352,optimal
0.01,9,3,14,0.0,0.4,0.2003197256539655,0.18215016316507152,0.0012533386042403638,0.03739478905618204,9.001218781082624e-30,1.0001354201202916e-30,0.8289038196368438,0.8426916209833218,optimal
0.03,0,1,17,0.0,0.3,0.09179116027022334,0.09935720334074921,0.02067206817274503,0.1370120689223861,5.7187540349910834e-18,2.8512979583202974e-18,0.6041935410237982,0.5144132285825865,optimal
0.03,0,2,24,0.0,0.1,0.02979888846691487,0.07190029213404148,0.009363685186316613,0.18693608129310754,0.07736148565331075,0.06847881772994859,0.4907273451705081,0.6206663360407854,optimal
0.03,1,1,15,0.0,0.5,0.18428587495010257,0.23802433731349126,0.007604278549204611,0.07114557093752759,0.0632806501987935,0.0632806501987935,0.8584286919435193,0.8267685809093271,optimal
0.03,1,2,16,0.0,0.2,0.04310020024418175,0.12275669957039295,0.01704429139240349,0.14809992487904358,2.5686662497430397e-18,1.2853019888040356e-18,0.45454546223291903,0.6336378019684756,optimal
0.03,1,3,17,0.0,0.4,0.06877078853508942,0.1463811394187385,0.013270762502420728,0.14017839567749235,0.0354542098414822,0.0354542098414822,0.498513381953134,0.632364066059395,optimal
0.03,2,3,20,0.0,0.1,0.031877551783097924,0.07917177467993607,0.01168203809285222,0.17510200876652807,0.08192798053828154,0.07863970571874354,0.5243067989174324,0.6312407880534534,optimal
0.03,3,1,21,0.0,0.1,0.014247877988594407,0.08134740044258654,0.020114564846931245,0.18886276509477037,0.12569559691949858,0.07889851482993931,0.35568215707402007,0.49152577189114766,optimal
0.03,3,2,15,0.0,0.4,0.08586433596441168,0.11413749147203667,0.011164274507163953,0.0705481913911037,0.0713748345489976,0.0713748345489976,0.7284734328808635,0.8378503012343246,optimal
0.03,3,3,19,0.0,0.3,0.1110071350050015,0.09344267235129437,0.008318319311348424,0.09480582527572295,1.9047179514333547e-20,1.90471795073326e-20,0.7269858629742495,0.6619875852513645,optimal
0.03,5,1,21,0.0,0.2,0.03492292319838257,0.12310632884891129,0.039431233358499636,0.19329122411891672,3.1335526264843187e-09,1.2790174729250299e-09,0.33612906135576837,0.32563425625336917,optimal
0.03,5,2,14,0.0,0.6,0.08792565631106215,0.03520578188673564,0.013085499479344306,0.09287324947809142,0.030238972163353556,0.030238972163353556,0.815226400033453,0.7989558048568195,optimal
0.03,5,3,13,0.0,0.4,0.19861963413960393,0.2279709654817579,0.002308964406491705,0.04640106933299005,1.0505631647723933e-18,1.0505631647643922e-18,0.8759687790823504,0.8661761350627024,optimal
0.03,6,1,23,0.0,0.3,0.08788926234386202,0.06013770180824178,0.015208994501747071,0.10975520861817517,1.5313896524022724e-17,7.656693314662627e-18,0.6599524427203107,0.7481395927643486,optimal
0.03,6,2,19,0.0,0.4,0.10471893540813682,0.18705978462129175,0.008408332704725668,0.09198306218978389,0.040709732817168706,0.040709732817168706,0.6573013315836531,0.6262017894326729,optimal
0.03,6,3,18,0.0,0.2,0.038250276090178184,0.0972212429706069,0.022716456924094065,0.24127136036450664,0.0212919750158208,0.016836173772750856,0.36060734942846984,0.38484037155122475,optimal
0.03,7,1,18,0.0,0.3,0.04654712790366711,0.20676923645756976,0.010679093215821743,0.12042806255393722,0.11458139077396362,0.05729069538698185,0.6640735097675766,0.6241495175792637,optimal
0.03,7,2,15,0.0,0.4,0.10422860775698835,0.041409758602100416,0.008918432311031633,0.042633377103199345,3.9936014363605386e-21,3.993601429359591e-21,0.8389040140283563,0.8208881123885315,optimal
0.03,8,1,19,0.0,0.4,0.07157007557278819,0.14173245243720012,0.019867555023643443,0.1347483607943351,0.07763569205907267,0.05188815316603596,0.5035832316781176,0.6479491609031305,optimal
0.03,8,2,21,0.0,0.0,0.013897831808526311,0.14970656062872303,0.02649050753854122,0.17285990919911218,0.10628283790262082,0.1036651670056468,0.3805064041056333,0.490803211298912,optimal
0.03,8,3,9,0.0,0.6,0.17196254918157883,0.07226552568516922,0.003555802910458134,0.05471165384073304,0.034532503920538866,0.034532503920538866,0.774216678905094,0.7907890249290918,optimal
0.03,9,1,16,0.0,0.3,0.10560082116592188,0.09923258349020474,0.007961643467364747,0.08702829096985074,0.0461115394880728,0.0461115394880728,0.7577837493477487,0.8122026336790122,optimal
0.03,9,3,12,0.0,0.5,0.19879174843882297,0.17716105738404736,0.0013398057899964915,0.04166343402111001,9.001218781082624e-30,1.0001354201202916e-30,0.8263117026581748,0.8580682620904929,optimal
0.1,0,1,11,0.0,0.5,0.10503015503551372,0.08351387968533207,0.017032015871395915,0.10497852384682091,0.12923628447536703,0.08550222255041617,0.6415895837984634,0.7544977774913789,optimal
0.1,0,2,11,0.0,0.1,0.027441585352729815,0.09397311983724187,0.009363229760693273,0.12154487663723722,0.31375136175613566,0.17610132636636724,0.6446668361694206,0.7867897708935365,optimal
0.1,1,1,5,0.0,0.6,0.17503751960363306,0.22674158195542723,0.0017864769200604232,0.0163740265942112,0.20020093713769654,0.11298211075524814,0.9577377825624623,0.9499036168017442,optimal
0.1,1,2,8,0.0,0.3,0.04509078921535701,0.11312698801412738,0.01069881204191981,0.09940994557503517,0.14553595940648578,0.07276797970324289,0.49088568560486445,0.6762451614878624,optimal
0.1,1,3,8,0.0,0.3,0.07777851069804899,0.1316912840113587,0.014380128569285812,0.11866304589784979,0.10733478775710799,0.07175246730093192,0.5430107144067764,0.6091558825254342,optimal
0.1,2,3,10,0.0,0.1,0.024393103310199792,0.056322148623589405,0.003364305898940963,0.06445772763148098,0.4500363233773557,0.24598722356217478,0.7870294132435206,0.8387462171052382,optimal
0.1,3,1,10,0.0,0.1,0.01860369053684226,0.06370322522450621,0.014626550892689138,0.12670136016783914,0.3397241233977902,0.1527496406397983,0.5091837085838385,0.6352215838407381,optimal
0.1,3,2,8,0.0,0.4,0.09357185873783508,0.09529780520475778,0.01286781365641898,0.04314726430349575,0.12478775732313184,0.09827359781566268,0.7809598447743363,0.8529618991613679,optimal
0.1,3,3,7,0.0,0.4,0.13959234550281688,0.08789191379200784,0.0017086822820647123,0.025715856648887255,0.18113920689630594,0.0914798614191493,0.9225747184242203,0.8893785453535568,optimal
0.1,5,1,10,0.0,0.2,0.03103519099302433,0.0956534583549341,0.034366786147805035,0.13676499547086418,0.26667329130079254,0.09499286416366126,0.4994963953599515,0.3783158884985893,optimal
0.1,5,2,7,0.0,0.5,0.08372101989745644,0.027692282823316056,0.0069626775987171735,0.05998947974058605,0.1353461102128794,0.09342410216116376,0.7835855968570556,0.8720059766335446,optimal
0.1,5,3,6,0.0,0.6,0.2085818467955008,0.22226055353108526,0.0016153027343671226,0.02382509324569448,0.07753738862961229,0.05021028755332502,0.9369417564488018,0.9371197316953578,optimal
0.1,6,1,11,0.0,0.4,0.0989945259413858,0.09657261048288145,0.0133894761513137,0.10286526641894002,0.07137156729672153,0.05941155327032043,0.7190299026044131,0.7174730122609535,optimal
0.1,6,2,2,0.0,0.6,0.11243615933598745,0.14910872090503194,0.002096537894457804,0.03769123028750246,0.22602788829225257,0.11495556933185651,0.8719798797196813,0.864210654503126,optimal
0.1,6,3,14,0.0,0.1,0.025335728752572107,0.11215024611258903,0.005013941414669878,0.10118729733581594,0.45673530704218,0.1958711787791083,0.6936622866238359,0.7777750136524941,optimal
0.1,7,1,9,0.0,0.2,0.05440303128679784,0.20508967184037555,0.004107806158494664,0.06546287423106259,0.27953609816497194,0.1365270442973184,0.7333471534580864,0.7781337236062427,optimal
0.1,7,2,8,0.0,0.5,0.12500680081553234,0.04106941744507423,0.0040939518393743645,0.038098403453600174,0.024949265547513876,0.024949265547513876,0.8371952435498371,0.7900510412277038,optimal
0.1,8,1,6,0.0,0.3,0.06419367674961671,0.09596130658914721,0.003464890802019175,0.04816033725021879,0.35298490221366796,0.18687359398135514,0.7768704069202319,0.8104134199309292,optimal
0.1,8,2,13,0.0,0.0,0.0016147492190346114,0.09093477256501907,0.011421579493511356,0.10507535127134096,0.36541452544371433,0.1827072627218572,0.5884829193737415,0.6220751760385079,optimal
0.1,8,3,5,0.0,0.4,0.16992016597416876,0.08857611563448878,0.0020737167343550258,0.0417717850769618,0.08239448085489494,0.08239448085489494,0.8094351772909465,0.8419932253331639,optimal
0.1,9,1,6,0.0,0.6,0.1351591266046555,0.11049469210804092,0.0022061534953129584,0.041575665451407846,0.19287699030239575,0.10434007279884545,0.9079446640677915,0.9200752181835419,optimal
0.1,9,3,4,0.0,0.5,0.20367524123800157,0.17320212178060473,0.0017595543677022608,0.053152105272395625,1.243394817675715e-20,1.2433948167755932e-20,0.8248796121879725,0.8456083191861385,optimal
0.3,0,1,2,0.0,0.4,0.11138205911481039,0.022815615568041837,0.0015730121933549797,0.001605228565089864,0.5601396755594376,0.1851303559808145,0.9961720398804504,0.9965022905640073,optimal
0.3,0,2,5,0.0,0.1,0.025458819301899006,0.09801128639457797,0.0006101460940480727,0.045476985549546975,0.6703982756001718,0.21908290527960125,0.8336192989258727,0.8695358213864177,optimal
0.3,1,1,0,0.0,0.5,0.16333333300595068,0.2000000003096318,8.963806687460208e-18,2.601744288056582e-10,0.24444444387150896,0.1277777775566385,0.9999999994177458,0.9999999993522897,optimal
0.3,1,2,4,0.0,0.3,0.04338697589405201,0.12620861861998836,0.005401967721432001,0.03975595877640423,0.5058555731245291,0.1679778852197319,0.7754593114873093,0.8579494503961476,optimal
0.3,1,3,2,0.0,0.4,0.07046204776855186,0.14129338992876234,0.005789408683859008,0.04815613933447402,0.4889015112112321,0.13157653357252183,0.855535855361214,0.8896299521323543,optimal
0.3,2,3,2,0.0,0.1,0.040070632867664116,0.03321248387356081,3.349720281464602e-05,0.0016677365605335475,0.7529872675941711,0.2868971993476057,0.9959409158074575,0.9964651096823701,optimal
0.3,3,1,3,0.0,0.2,0.023652539392499304,0.036540185578126466,0.0018781543420955012,0.026228756877031443,0.9225750363024389,0.29363719633275853,0.8723889298424423,0.8716673910807264,optimal
0.3,3,2,2,0.0,0.3,0.09341991732387807,0.13527996742604084,0.0027265945387753058,0.0019462777176954148,0.3127616294296114,0.13135179796965812,0.9899108818102706,0.9895945167847296,optimal
0.3,3,3,2,0.0,0.4,0.15583203990933361,0.08939001498985887,0.001321751271565564,0.001982519587825659,0.24366259675347185,0.10276080756429667,0.9954248854581198,0.9958201424105216,optimal
0.3,5,1,5,0.0,0.2,0.028954401490759663,0.09000614459288396,0.008459595131135351,0.052264719417529165,0.8734910154484821,0.26136798427665037,0.8276841142984667,0.7305180158710378,optimal
0.3,5,2,3,0.0,0.3,0.0743508924009731,0.0038550185106015046,0.0016188196843490484,0.0017857589847409792,0.3671539504998609,0.13072707005489068,0.9964372842649425,0.9970739830040648,optimal
0.3,5,3,2,0.0,0.6,0.19499832220949026,0.2024816056951849,2.6662048557003213e-05,6.396243338968465e-06,0.14285864197855014,0.10000201680460805,0.9128468807496712,0.9690245383156726,optimal
0.3,6,1,1,0.0,0.3,0.10208443818013088,0.09008083893126652,0.0012520566880254594,0.001385143692351038,0.4689955001705698,0.1644072197084166,0.9966422692017062,0.99695621443297,optimal
0.3,6,2,1,0.0,0.5,0.11979764174297262,0.16167784283588815,0.00030550152167744003,0.0007294040295335511,0.28984089045750866,0.1585606074633196,0.9874831959142993,0.9981392485352127,optimal
0.3,6,3,3,0.0,0.2,0.04478277430658385,0.11950253140862613,0.00018414602680184007,0.0011294615133093668,0.8859613176467895,0.2866680001879054,0.9971421361830196,0.9975353971145559,optimal
0.3,7,1,1,0.0,0.5,0.09136119313761237,0.20034377761294261,0.0001897679914791568,0.001556509611376709,0.526260917127062,0.12703403489829265,0.9962443635378324,0.9967890700635923,optimal
0.3,7,2,4,0.0,0.5,0.11941693474295403,0.02922765323458064,0.003003123700397812,0.031719826476181004,0.07918995105431102,0.045518184838839244,0.8392927286657736,0.839122719896324,optimal
0.3,8,1,3,0.0,0.4,0.07273427496728005,0.09397197910550968,0.0006866072902265989,0.009253131034555091,0.5352464562841791,0.23691862938381797,0.9279417779472895,0.9382607631437513,optimal
0.3,8,2,5,0.0,0.0,0.001977395589168532,0.07372044841595297,0.004442078685124299,0.05025990275153667,0.7486707434276345,0.2439902438521324,0.7634823356053059,0.8021864805653531,optimal
0.3,8,3,1,0.0,0.6,0.20611971224308795,0.09354957157388123,0.0015645007431396142,1.942114144960312e-05,0.23335055513710187,0.1333410497102891,0.9999580076547872,0.9999602501928421,optimal
0.3,9,1,0,0.0,0.3,0.13333333324082572,0.08944271227261667,1.2363361582657175e-16,6.895868863676175e-11,0.3111111109696549,0.12777777780524502,0.9999999998407473,0.9999999998238468,optimal
0.3,9,3,1,0.0,0.6,0.23000098502924943,0.20249072855029482,2.6887233653088433e-05,6.573846006594664e-06,0.10000049830286152,0.09999842559963189,0.9124954938266969,0.9688960717222219,optimal
