lambda1,feature,weight,active
0.0,Absolute_turn_angle_OFT,0.05156196221024188,True
0.0,Average_speed_NOR1,1.3174908150053091e-06,True
0.0,Average_speed_NOR2,0.011439799693885122,True
0.0,Average_speed_OFT,-0.07350057860695285,True
0.0,EnduranceT,0.007151672688236118,True
0.0,Grip,0.056790849199864164,True
0.0,Latency_to_first_investigation_Piramidka_NOR1,-0.033274293135213205,True
0.0,Latency_to_first_investigation_Piramidka_zone_NOR2,-0.012229243216832459,True
0.0,Latency_to_first_investigation_Stakan_NOR1,0.008363528580950021,True
0.0,Latency_to_first_investigation_Stakan_zone_NOR2,0.03856268042738335,True
0.0,Learning_T1max,-0.03986582855976473,True
0.0,Learning_T1mean,0.012784770306868922,True
0.0,Learning_T1sum,0.012784770306868982,True
0.0,Learning_T2max,-0.014396251388357135,True
0.0,Learning_T2mean,0.034365434920941795,True
0.0,Learning_T2sum,0.021649901487948542,True
0.0,Learning_T3max,0.006283088401479577,True
0.0,Learning_T3mean,-0.026396039318681078,True
0.0,Learning_T3sum,-0.023701510213830837,True
0.0,OFT_distance,0.001296594823801127,True
0.0,Time_inCenter_OFT,-0.037836064179713004,True
0.0,Time_investigating_Piramidka_NOR1,0.003499361236311658,True
0.0,Time_investigating_Piramidka_zone_NOR2,-0.02547457688584945,True
0.0,Time_investigating_Stakan_NOR1,0.013570414137473166,True
0.0,Time_investigating_Stakan_zone_NOR2,0.022657697897500932,True
0.0,Total_distance_travelled_NOR1,-0.009568426069800328,True
0.0,Total_distance_travelled_NOR2,0.014239133138659966,True
0.0,Total_time_mobile_OFT,-0.030130848954877977,True
0.0,Weight,0.022108278804805016,True
0.0,rear_nosupport,-0.023351775710937172,True
0.0,rear_support,0.06653633069076573,True
1e-05,Absolute_turn_angle_OFT,0.051559752635796874,True
1e-05,Average_speed_NOR1,1.3173396719479132e-06,True
1e-05,Average_speed_NOR2,0.011428539269808753,True
1e-05,Average_speed_OFT,-0.07349126180160652,True
1e-05,EnduranceT,0.0071514147390519785,True
1e-05,Grip,0.05679232396512089,True
1e-05,Latency_to_first_investigation_Piramidka_NOR1,-0.033278828425445335,True
1e-05,Latency_to_first_investigation_Piramidka_zone_NOR2,-0.012232869232650946,True
1e-05,Latency_to_first_investigation_Stakan_NOR1,0.008359020493474294,True
1e-05,Latency_to_first_investigation_Stakan_zone_NOR2,0.03856286705978768,True
1e-05,Learning_T1max,-0.03985808716672504,True
1e-05,Learning_T1mean,0.012775686187013963,True
1e-05,Learning_T1sum,0.012775686187013883,True
1e-05,Learning_T2max,-0.014367646753490127,True
1e-05,Learning_T2mean,0.03435240411838736,True
1e-05,Learning_T2sum,0.021644826266447204,True
1e-05,Learning_T3max,0.006243495796252089,True
1e-05,Learning_T3mean,-0.0263787356968126,True
1e-05,Learning_T3sum,-0.02368420276338264,True
1e-05,OFT_distance,0.0012969633706043193,True
1e-05,Time_inCenter_OFT,-0.037843452422349246,True
1e-05,Time_investigating_Piramidka_NOR1,0.003497616484441951,True
1e-05,Time_investigating_Piramidka_zone_NOR2,-0.025464184994797873,True
1e-05,Time_investigating_Stakan_NOR1,0.0135602447115042,True
1e-05,Time_investigating_Stakan_zone_NOR2,0.02266524857488165,True
1e-05,Total_distance_travelled_NOR1,-0.009551337473523411,True
1e-05,Total_distance_travelled_NOR2,0.014229713141570613,True
1e-05,Total_time_mobile_OFT,-0.030127737034013516,True
1e-05,Weight,0.022102312678260166,True
1e-05,rear_nosupport,-0.02334748705913958,True
1e-05,rear_support,0.0665307058851693,True
3e-05,Absolute_turn_angle_OFT,0.05155528735003702,True
3e-05,Average_speed_NOR1,1.31703802769499e-06,True
3e-05,Average_speed_NOR2,0.011406015887548856,True
3e-05,Average_speed_OFT,-0.07347261259152885,True
3e-05,EnduranceT,0.007150894674742889,True
3e-05,Grip,0.056795267601144755,True
3e-05,Latency_to_first_investigation_Piramidka_NOR1,-0.03328787840621827,True
3e-05,Latency_to_first_investigation_Piramidka_zone_NOR2,-0.012240110957507797,True
3e-05,Latency_to_first_investigation_Stakan_NOR1,0.008349997991313791,True
3e-05,Latency_to_first_investigation_Stakan_zone_NOR2,0.03856322438419042,True
3e-05,Learning_T1max,-0.03984258869216998,True
3e-05,Learning_T1mean,0.012757516947221343,True
3e-05,Learning_T1sum,0.012757516947221343,True
3e-05,Learning_T2max,-0.014310431314993212,True
3e-05,Learning_T2mean,0.03432632749835997,True
3e-05,Learning_T2sum,0.0216346642166652,True
3e-05,Learning_T3max,0.006164303908131843,True
3e-05,Learning_T3mean,-0.026344117162685168,True
3e-05,Learning_T3sum,-0.023649577794689115,True
3e-05,OFT_distance,0.001297699917300948,True
3e-05,Time_inCenter_OFT,-0.03785820314977722,True
3e-05,Time_investigating_Piramidka_NOR1,0.003494119376821432,True
3e-05,Time_investigating_Piramidka_zone_NOR2,-0.02544337360215189,True
3e-05,Time_investigating_Stakan_NOR1,0.013539903832856576,True
3e-05,Time_investigating_Stakan_zone_NOR2,0.022680333220448937,True
3e-05,Total_distance_travelled_NOR1,-0.009517150295882569,True
3e-05,Total_distance_travelled_NOR2,0.014210867683803778,True
3e-05,Total_time_mobile_OFT,-0.03012150125050275,True
3e-05,Weight,0.022090383240718096,True
3e-05,rear_nosupport,-0.023338908875960244,True
3e-05,rear_support,0.06651944296154332,True
0.0001,Absolute_turn_angle_OFT,0.051539658849877476,True
0.0001,Average_speed_NOR1,1.3159822728097553e-06,True
0.0001,Average_speed_NOR2,0.011327184049639243,True
0.0001,Average_speed_OFT,-0.07340734035625683,True
0.0001,EnduranceT,0.0071490744496610905,True
0.0001,Grip,0.05680557032722839,True
0.0001,Latency_to_first_investigation_Piramidka_NOR1,-0.03331955333892355,True
0.0001,Latency_to_first_investigation_Piramidka_zone_NOR2,-0.01226545699450677,True
0.0001,Latency_to_first_investigation_Stakan_NOR1,0.008318419233752063,True
0.0001,Latency_to_first_investigation_Stakan_zone_NOR2,0.0385644750196,True
0.0001,Learning_T1max,-0.03978834403122755,True
0.0001,Learning_T1mean,0.012693924607947419,True
0.0001,Learning_T1sum,0.012693924607947429,True
0.0001,Learning_T2max,-0.014110177280253948,True
0.0001,Learning_T2mean,0.03423505932826394,True
0.0001,Learning_T2sum,0.021599097042428315,True
0.0001,Learning_T3max,0.00588713229971078,True
0.0001,Learning_T3mean,-0.026222952293239166,True
0.0001,Learning_T3sum,-0.02352839040426153,True
0.0001,OFT_distance,0.0013002778307391516,True
0.0001,Time_inCenter_OFT,-0.037909830695775075,True
0.0001,Time_investigating_Piramidka_NOR1,0.003481879500149629,True
0.0001,Time_investigating_Piramidka_zone_NOR2,-0.025370533727890908,True
0.0001,Time_investigating_Stakan_NOR1,0.013468710757589942,True
0.0001,Time_investigating_Stakan_zone_NOR2,0.022733129479934385,True
0.0001,Total_distance_travelled_NOR1,-0.009397495174139719,True
0.0001,Total_distance_travelled_NOR2,0.014144908581619774,True
0.0001,Total_time_mobile_OFT,-0.03009967600821509,True
0.0001,Weight,0.022048630209320876,True
0.0001,rear_nosupport,-0.023308885234832478,True
0.0001,rear_support,0.06648002272885233,True
0.0003,Absolute_turn_angle_OFT,0.05149500599227887,True
0.0003,Average_speed_NOR1,1.312965830280501e-06,True
0.0003,Average_speed_NOR2,0.011101950227040332,True
0.0003,Average_speed_OFT,-0.07322084825547975,True
0.0003,EnduranceT,0.007143873806570271,True
0.0003,Grip,0.05683500668746727,True
0.0003,Latency_to_first_investigation_Piramidka_NOR1,-0.03341005314665288,True
0.0003,Latency_to_first_investigation_Piramidka_zone_NOR2,-0.012337874243075293,True
0.0003,Latency_to_first_investigation_Stakan_NOR1,0.008228194212147079,True
0.0003,Latency_to_first_investigation_Stakan_zone_NOR2,0.03856804826362738,True
0.0003,Learning_T1max,-0.03963335928567773,True
0.0003,Learning_T1mean,0.01251223221002189,True
0.0003,Learning_T1sum,0.012512232210021972,True
0.0003,Learning_T2max,-0.013538022895284753,True
0.0003,Learning_T2mean,0.033974293127989705,True
0.0003,Learning_T2sum,0.021497476544608672,True
0.0003,Learning_T3max,0.005095213418507602,True
0.0003,Learning_T3mean,-0.025876766951964853,True
0.0003,Learning_T3sum,-0.023182140717325554,True
0.0003,OFT_distance,0.001307643297705445,True
0.0003,Time_inCenter_OFT,-0.038057337970054714,True
0.0003,Time_investigating_Piramidka_NOR1,0.0034469084239444345,True
0.0003,Time_investigating_Piramidka_zone_NOR2,-0.025162419801430844,True
0.0003,Time_investigating_Stakan_NOR1,0.013265301971113863,True
0.0003,Time_investigating_Stakan_zone_NOR2,0.02288397593560708,True
0.0003,Total_distance_travelled_NOR1,-0.009055623397731595,True
0.0003,Total_distance_travelled_NOR2,0.013956454003951135,True
0.0003,Total_time_mobile_OFT,-0.030037318173107473,True
0.0003,Weight,0.021929335833900214,True
0.0003,rear_nosupport,-0.023223103403038767,True
0.0003,rear_support,0.06636739349259237,True
0.001,Absolute_turn_angle_OFT,0.05133872099068354,True
0.001,Average_speed_NOR1,1.302408281428129e-06,True
0.001,Average_speed_NOR2,0.010313631847944323,True
0.001,Average_speed_OFT,-0.07256812590275982,True
0.001,EnduranceT,0.007125671555752287,True
0.001,Grip,0.05693803394830341,True
0.001,Latency_to_first_investigation_Piramidka_NOR1,-0.03372680247370565,True
0.001,Latency_to_first_investigation_Piramidka_zone_NOR2,-0.012591334613065082,True
0.001,Latency_to_first_investigation_Stakan_NOR1,0.007912406636529671,True
0.001,Latency_to_first_investigation_Stakan_zone_NOR2,0.03858055461772315,True
0.001,Learning_T1max,-0.03909091267625336,True
0.001,Learning_T1mean,0.011876308817282643,True
0.001,Learning_T1sum,0.011876308817282646,True
0.001,Learning_T2max,-0.01153548254789254,True
0.001,Learning_T2mean,0.03306161142703002,True
0.001,Learning_T2sum,0.021141804802239785,True
0.001,Learning_T3max,0.0023234973342969433,True
0.001,Learning_T3mean,-0.02466511825750487,True
0.001,Learning_T3sum,-0.02197026681304979,True
0.001,OFT_distance,0.001333422432087478,True
0.001,Time_inCenter_OFT,-0.03857361343003347,True
0.001,Time_investigating_Piramidka_NOR1,0.003324509657226252,True
0.001,Time_investigating_Piramidka_zone_NOR2,-0.024434021058820674,True
0.001,Time_investigating_Stakan_NOR1,0.012553371218447485,True
0.001,Time_investigating_Stakan_zone_NOR2,0.02341193853046148,True
0.001,Total_distance_travelled_NOR1,-0.007859072180303059,True
0.001,Total_distance_travelled_NOR2,0.01329686298211092,True
0.001,Total_time_mobile_OFT,-0.029819065750230977,True
0.001,Weight,0.021511805519927873,True
0.001,rear_nosupport,-0.022922866991760753,True
0.001,rear_support,0.06597319116568241,True
0.003,Absolute_turn_angle_OFT,0.050763878935576795,True
0.003,Average_speed_NOR1,1.377185005837253e-06,True
0.003,Average_speed_NOR2,0.008305007050517945,True
0.003,Average_speed_OFT,-0.07054864344851704,True
0.003,EnduranceT,0.0069640431519530374,True
0.003,Grip,0.05695828396202244,True
0.003,Latency_to_first_investigation_Piramidka_NOR1,-0.03462494782176507,True
0.003,Latency_to_first_investigation_Piramidka_zone_NOR2,-0.01305145372526573,True
0.003,Latency_to_first_investigation_Stakan_NOR1,0.007111358791906123,True
0.003,Latency_to_first_investigation_Stakan_zone_NOR2,0.038517683247199695,True
0.003,Learning_T1max,-0.037532317894571836,True
0.003,Learning_T1mean,0.0099962862674603,True
0.003,Learning_T1sum,0.009996286267460306,True
0.003,Learning_T2max,-0.006014898567807117,True
0.003,Learning_T2mean,0.030256835612156127,True
0.003,Learning_T2sum,0.019688064858394593,True
0.003,Learning_T3max,7.107465528789028e-23,False
0.003,Learning_T3mean,-0.023337464395775158,True
0.003,Learning_T3sum,-0.020547648169636275,True
0.003,OFT_distance,0.001398669463964513,True
0.003,Time_inCenter_OFT,-0.04010362864882697,True
0.003,Time_investigating_Piramidka_NOR1,0.0029633508763469945,True
0.003,Time_investigating_Piramidka_zone_NOR2,-0.022551657839630986,True
0.003,Time_investigating_Stakan_NOR1,0.010497280687546559,True
0.003,Time_investigating_Stakan_zone_NOR2,0.025012827740648808,True
0.003,Total_distance_travelled_NOR1,-0.004426868131481407,True
0.003,Total_distance_travelled_NOR2,0.011624378696084344,True
0.003,Total_time_mobile_OFT,-0.029195191010684806,True
0.003,Weight,0.020425143087732408,True
0.003,rear_nosupport,-0.02214250992549974,True
0.003,rear_support,0.06428612879191747,True
0.01,Absolute_turn_angle_OFT,0.0472975792359786,True
0.01,Average_speed_NOR1,2.083132683683206e-06,True
0.01,Average_speed_NOR2,0.002483785810328579,True
0.01,Average_speed_OFT,-0.06158449713914199,True
0.01,EnduranceT,0.006233923939001698,True
0.01,Grip,0.05540592989473393,True
0.01,Latency_to_first_investigation_Piramidka_NOR1,-0.03673166241168421,True
0.01,Latency_to_first_investigation_Piramidka_zone_NOR2,-0.013582133686833116,True
0.01,Latency_to_first_investigation_Stakan_NOR1,0.003989774196555434,True
0.01,Latency_to_first_investigation_Stakan_zone_NOR2,0.037440362030417215,True
0.01,Learning_T1max,-0.030422321289832258,True
0.01,Learning_T1mean,0.002821805582196784,True
0.01,Learning_T1sum,0.0028218055821968195,True
0.01,Learning_T2max,-2.0260636761217025e-23,False
0.01,Learning_T2mean,0.026555520483983942,True
0.01,Learning_T2sum,0.01756792675663686,True
0.01,Learning_T3max,-8.034494596305946e-23,False
0.01,Learning_T3mean,-0.020118944334273785,True
0.01,Learning_T3sum,-0.017138241658799597,True
0.01,OFT_distance,0.0015738959801312757,True
0.01,Time_inCenter_OFT,-0.04416111881554452,True
0.01,Time_investigating_Piramidka_NOR1,0.0017594503444813513,True
0.01,Time_investigating_Piramidka_zone_NOR2,-0.016095003484600606,True
0.01,Time_investigating_Stakan_NOR1,0.0058618588139452915,True
0.01,Time_investigating_Stakan_zone_NOR2,0.02884762612863368,True
0.01,Total_distance_travelled_NOR1,-7.0822318758479e-23,False
0.01,Total_distance_travelled_NOR2,0.007516574076084717,True
0.01,Total_time_mobile_OFT,-0.025557738014469603,True
0.01,Weight,0.016607812819890214,True
0.01,rear_nosupport,-0.01953742553313854,True
0.01,rear_support,0.057730386180708956,True
0.03,Absolute_turn_angle_OFT,0.016824278731895667,True
0.03,Average_speed_NOR1,3.3738118059440997e-06,True
0.03,Average_speed_NOR2,1.4611220825647347e-22,False
0.03,Average_speed_OFT,-0.028084862056892222,True
0.03,EnduranceT,0.010866831109431903,True
0.03,Grip,0.03873817794381417,True
0.03,Latency_to_first_investigation_Piramidka_NOR1,-0.02494827670685175,True
0.03,Latency_to_first_investigation_Piramidka_zone_NOR2,-0.000972195771075381,True
0.03,Latency_to_first_investigation_Stakan_NOR1,0.00295084834486469,True
0.03,Latency_to_first_investigation_Stakan_zone_NOR2,0.02770676393436512,True
0.03,Learning_T1max,-0.014553006160286461,True
0.03,Learning_T1mean,-4.141517532891305e-23,False
0.03,Learning_T1sum,-4.141521503311254e-23,False
0.03,Learning_T2max,1.231527763698529e-23,False
0.03,Learning_T2mean,0.02182886727229172,True
0.03,Learning_T2sum,7.854884674272987e-23,False
0.03,Learning_T3max,8.447816171245627e-24,False
0.03,Learning_T3mean,-0.012091521567979215,True
0.03,Learning_T3sum,-0.010612018357692848,True
0.03,OFT_distance,0.0011776558616549125,True
0.03,Time_inCenter_OFT,-0.03577739782013338,True
0.03,Time_investigating_Piramidka_NOR1,0.00014772432513041517,True
0.03,Time_investigating_Piramidka_zone_NOR2,-0.0039233013283040295,True
0.03,Time_investigating_Stakan_NOR1,-8.06488171416633e-23,False
0.03,Time_investigating_Stakan_zone_NOR2,0.029737766808527726,True
0.03,Total_distance_travelled_NOR1,1.76857013680622e-22,False
0.03,Total_distance_travelled_NOR2,-5.076597689052964e-23,False
0.03,Total_time_mobile_OFT,-0.011841522681561741,True
0.03,Weight,0.0041198581448201625,True
0.03,rear_nosupport,-0.011379634303087319,True
0.03,rear_support,0.03417282476798391,True
0.1,Absolute_turn_angle_OFT,1.8077435390937217e-19,False
0.1,Average_speed_NOR1,4.443557149137904e-06,True
0.1,Average_speed_NOR2,2.3783252933115806e-20,False
0.1,Average_speed_OFT,7.284107974851178e-21,False
0.1,EnduranceT,0.026355304291836162,True
0.1,Grip,0.03525882984118764,True
0.1,Latency_to_first_investigation_Piramidka_NOR1,-0.016461878390377972,True
0.1,Latency_to_first_investigation_Piramidka_zone_NOR2,-2.6788373133320564e-20,False
0.1,Latency_to_first_investigation_Stakan_NOR1,-7.948033814648672e-20,False
0.1,Latency_to_first_investigation_Stakan_zone_NOR2,0.020015135602111246,True
0.1,Learning_T1max,-0.01637390941032902,True
0.1,Learning_T1mean,4.0409221408127337e-20,False
0.1,Learning_T1sum,4.048862855388302e-20,False
0.1,Learning_T2max,4.01551314617017e-20,False
0.1,Learning_T2mean,1.2382987326077594e-19,False
0.1,Learning_T2sum,8.931812555254183e-20,False
0.1,Learning_T3max,2.0484336834004456e-20,False
0.1,Learning_T3mean,1.3201923885654188e-21,False
0.1,Learning_T3sum,4.0058549540199764e-20,False
0.1,OFT_distance,0.0022546417113695786,True
0.1,Time_inCenter_OFT,-0.02311471097113749,True
0.1,Time_investigating_Piramidka_NOR1,1.6792640646515112e-19,False
0.1,Time_investigating_Piramidka_zone_NOR2,2.5874434926561345e-20,False
0.1,Time_investigating_Stakan_NOR1,5.2854152444332514e-20,False
0.1,Time_investigating_Stakan_zone_NOR2,0.0012732378758411385,True
0.1,Total_distance_travelled_NOR1,-9.656542093032428e-20,False
0.1,Total_distance_travelled_NOR2,2.0572038877132217e-20,False
0.1,Total_time_mobile_OFT,1.3719893174699303e-19,False
0.1,Weight,-3.619793611514379e-20,False
0.1,rear_nosupport,-9.033166264511744e-20,False
0.1,rear_support,0.004237840844737401,True
0.3,Absolute_turn_angle_OFT,-2.17815548790222e-21,False
0.3,Average_speed_NOR1,5.582287089518723e-06,True
0.3,Average_speed_NOR2,-3.887764965170322e-21,False
0.3,Average_speed_OFT,-3.4276828617439985e-21,False
0.3,EnduranceT,-2.5721431540483237e-21,False
0.3,Grip,3.1404003636711374e-22,False
0.3,Latency_to_first_investigation_Piramidka_NOR1,3.8519629690309104e-21,False
0.3,Latency_to_first_investigation_Piramidka_zone_NOR2,3.252816991690228e-21,False
0.3,Latency_to_first_investigation_Stakan_NOR1,3.0663531513796237e-21,False
0.3,Latency_to_first_investigation_Stakan_zone_NOR2,4.061954442072345e-21,False
0.3,Learning_T1max,-5.022221709245231e-21,False
0.3,Learning_T1mean,-5.27565394518495e-21,False
0.3,Learning_T1sum,-5.275653963538614e-21,False
0.3,Learning_T2max,-4.110805823198996e-21,False
0.3,Learning_T2mean,-4.459896182337336e-21,False
0.3,Learning_T2sum,-4.653958905088459e-21,False
0.3,Learning_T3max,-3.513885623117095e-21,False
0.3,Learning_T3mean,-3.46581235203382e-21,False
0.3,Learning_T3sum,-3.421016373534113e-21,False
0.3,OFT_distance,0.0017546849215117504,True
0.3,Time_inCenter_OFT,-1.3750505815039003e-21,False
0.3,Time_investigating_Piramidka_NOR1,-5.549616815856971e-21,False
0.3,Time_investigating_Piramidka_zone_NOR2,-3.0133163485985357e-21,False
0.3,Time_investigating_Stakan_NOR1,-3.904756200848354e-21,False
0.3,Time_investigating_Stakan_zone_NOR2,-3.4042131036090404e-21,False
0.3,Total_distance_travelled_NOR1,-3.967746116644471e-21,False
0.3,Total_distance_travelled_NOR2,-3.843142947712487e-21,False
0.3,Total_time_mobile_OFT,-3.2606526240085253e-21,False
0.3,Weight,-2.6735175886363303e-21,False
0.3,rear_nosupport,-3.079751303299738e-21,False
0.3,rear_support,-2.2181284699575025e-21,False
