feature,median,q10,q90,positive_frequency,negative_frequency,zero_frequency,final_sign_agreement
OFT_distance,4.103914855098795e-05,-5.184958181513356e-05,0.00026749491575287784,0.6363636363636364,0.36363636363636365,0.0,0.6363636363636364
Average_speed_OFT,-3.2989420473567845,-7.217925980535786,-0.5649838164782353,0.0,1.0,0.0,1.0
Total_time_mobile_OFT,-0.00012039101671010286,-0.00027540611548460735,6.01403727049578e-05,0.2727272727272727,0.7272727272727273,0.0,0.7272727272727273
Absolute_turn_angle_OFT,3.133814165494178e-06,7.520955934506089e-07,6.602190205641527e-06,0.9545454545454546,0.045454545454545456,0.0,0.9545454545454546
Time_inCenter_OFT,-0.0004936278534252499,-0.0008963778371500424,-0.00013178400776508146,0.0,1.0,0.0,1.0
Total_distance_travelled_NOR1,-0.0008026641286974898,-0.00420186273535008,0.0012077314439793547,0.45454545454545453,0.5454545454545454,0.0,0.5454545454545454
Average_speed_NOR1,0.000775659098936564,-0.000973928225404766,0.005575873668666838,0.6363636363636364,0.36363636363636365,0.0,0.6363636363636364
Time_investigating_Piramidka_NOR1,-0.0008860307045028303,-0.00327409069057273,0.0032553154614084544,0.36363636363636365,0.6363636363636364,0.0,0.6363636363636364
Latency_to_first_investigation_Piramidka_NOR1,-0.00017635774869080182,-0.00036230772648510355,1.8342328003265287e-05,0.13636363636363635,0.8636363636363636,0.0,0.8636363636363636
Time_investigating_Stakan_NOR1,-0.0003045817988963144,-0.0037388174337354275,0.0031386520337138464,0.4090909090909091,0.5909090909090909,0.0,0.4090909090909091
Latency_to_first_investigation_Stakan_NOR1,3.243883712177086e-05,-0.00011145354987077613,0.0001135381749534353,0.7272727272727273,0.2727272727272727,0.0,0.7272727272727273
Total_distance_travelled_NOR2,0.0010854593514588876,-0.0007034991482913256,0.003019414967238941,0.8636363636363636,0.13636363636363635,0.0,0.8636363636363636
Average_speed_NOR2,0.19382142537812108,-1.776879535336645,1.815739011300985,0.5909090909090909,0.4090909090909091,0.0,0.5909090909090909
Time_investigating_Piramidka_zone_NOR2,-0.0008805799509535497,-0.0034045819322009664,0.004141983969617106,0.4090909090909091,0.5909090909090909,0.0,0.5909090909090909
Latency_to_first_investigation_Piramidka_zone_NOR2,-2.3136602551536014e-05,-0.00017287452326718726,5.1464867777314206e-05,0.22727272727272727,0.7727272727272727,0.0,0.7727272727272727
Time_investigating_Stakan_zone_NOR2,0.0004606354786276034,-0.0024986429659776335,0.0038245706518233147,0.5454545454545454,0.45454545454545453,0.0,0.5454545454545454
Latency_to_first_investigation_Stakan_zone_NOR2,0.000127875122487857,-8.125520982228424e-05,0.00028355463197523293,0.7727272727272727,0.22727272727272727,0.0,0.7727272727272727
Learning_T1mean,-0.0004457615943537763,-0.0023420567880502573,0.0011115951326915233,0.3181818181818182,0.6818181818181818,0.0,0.3181818181818182
Learning_T1max,-0.00035678270638883587,-0.0033191038599056986,0.0025789162438087103,0.4090909090909091,0.5909090909090909,0.0,0.5909090909090909
Learning_T1sum,-0.00011144039858844434,-0.000585514197012565,0.00027789878317288153,0.3181818181818182,0.6818181818181818,0.0,0.3181818181818182
Learning_T2mean,0.0008920509662041927,-0.0004079938599174971,0.00213203668426383,0.8181818181818182,0.18181818181818182,0.0,0.8181818181818182
Learning_T2max,0.0001710794791030371,-0.0015947368721665061,0.0015794721768466985,0.5909090909090909,0.4090909090909091,0.0,0.4090909090909091
Learning_T2sum,2.1877312707138078e-05,-0.0001753456748454809,0.0003503615197910735,0.5,0.5,0.0,0.5
Learning_T3mean,-0.0006247736004692589,-0.0014520577226852006,4.853137226975375e-05,0.13636363636363635,0.8636363636363636,0.0,0.8636363636363636
Learning_T3max,-0.00015756579941223156,-0.0008286135465739528,0.001097950583980579,0.45454545454545453,0.5454545454545454,0.0,0.45454545454545453
Learning_T3sum,-0.00017771283122190192,-0.00029045483693839076,-5.82448031889962e-05,0.09090909090909091,0.9090909090909091,0.0,0.9090909090909091
EnduranceT,0.00021423479295496357,-3.35857254925083e-05,0.0004911171910411877,0.7272727272727273,0.2727272727272727,0.0,0.7272727272727273
rear_support,0.003128643259350752,-0.0007431912301267134,0.005871966830783399,0.8181818181818182,0.18181818181818182,0.0,0.8181818181818182
rear_nosupport,-0.0005657188906466608,-0.00279041380549501,0.00053939329094112,0.2727272727272727,0.7272727272727273,0.0,0.7272727272727273
Weight,-0.0012204040636211587,-0.010600825130390712,0.008720318225371292,0.45454545454545453,0.5454545454545454,0.0,0.45454545454545453
