state,group,week,mean_eNRI,N,O,D,I
LPS^0,LPS,0,0.9843859864538926,14,14,0,0
LPS^16,LPS,16,0.8112193071467781,14,12,2,0
LPS^24,LPS,24,0.6781151313600278,14,11,3,1
MCC^0,MCC,0,0.9992794691285009,14,14,0,1
MCC^16,MCC,16,0.7864215654217191,14,11,3,0
MCC^24,MCC,24,0.7781151313600279,14,11,3,0
PBS^0,PBS,0,1.0,11,11,0,0
PBS^16,PBS,16,0.8077142188742997,11,9,2,1
PBS^24,PBS,24,0.7085347454736781,11,8,3,0
run^0,run,0,0.9964068919131532,15,15,0,1
run^16,run,16,0.797729454103458,15,12,3,1
run^24,run,24,0.7781151313600279,15,12,3,0
