component,explained_variance,explained_variance_ratio,explained_variance_percent,cumulative_explained_variance_ratio,cumulative_explained_variance_percent
PC1,360.58220138737363,0.906357082142683,90.63570821426829,0.906357082142683,90.63570821426829
PC2,13.18466746565349,0.033140894606590275,3.3140894606590274,0.9394979767492733,93.94979767492732
PC3,7.093839132402214,0.01783102802216902,1.783102802216902,0.9573290047714423,95.73290047714423
PC4,3.170958461234138,0.007970500616674264,0.7970500616674264,0.9652995053881166,96.52995053881166
PC5,1.8357996254982494,0.004614454028965521,0.4614454028965521,0.9699139594170821,96.99139594170822
PC6,1.755619198379768,0.004412913027528268,0.4412913027528268,0.9743268724446104,97.43268724446104
PC7,1.4288715425970322,0.0035916022397169526,0.3591602239716953,0.9779184746843274,97.79184746843274
PC8,1.2750026351419657,0.003204838352157138,0.3204838352157138,0.9811233130364845,98.11233130364845
PC9,0.8290081062721498,0.002083789397764123,0.20837893977641228,0.9832071024342486,98.32071024342486
PC10,0.755181232112459,0.0018982186458256288,0.18982186458256287,0.9851053210800742,98.51053210800742
PC11,0.7237510618259678,0.0018192159736956522,0.18192159736956523,0.9869245370537698,98.69245370537698
PC12,0.6566241582333998,0.0016504862243088498,0.16504862243088497,0.9885750232780787,98.85750232780786
PC13,0.6139393655220743,0.0015431940062657853,0.15431940062657853,0.9901182172843445,99.01182172843444
PC14,0.6085900356581915,0.0015297479654235227,0.15297479654235227,0.991647965249768,99.1647965249768
PC15,0.5414956337549468,0.0013610999120721497,0.13610999120721498,0.9930090651618401,99.300906516184
PC16,0.47280053435540786,0.0011884283558785615,0.11884283558785615,0.9941974935177186,99.41974935177186
PC17,0.4426183944286425,0.0011125627247642379,0.11125627247642379,0.9953100562424828,99.53100562424828
PC18,0.4021263521910707,0.0010107821900866075,0.10107821900866075,0.9963208384325695,99.63208384325695
PC19,0.31225525722970104,0.0007848827888273438,0.07848827888273438,0.9971057212213968,99.71057212213968
PC20,0.2818823845890998,0.0007085377332008943,0.07085377332008942,0.9978142589545977,99.78142589545978
PC21,0.2386497509260775,0.0005998684656957442,0.05998684656957442,0.9984141274202935,99.84141274202935
PC22,0.18818888407403817,0.0004730303581395948,0.047303035813959476,0.9988871577784331,99.8887157778433
PC23,0.14602574640434968,0.0003670493688249701,0.036704936882497013,0.999254207147258,99.9254207147258
PC24,0.13450186952915147,0.0003380830266722264,0.033808302667222644,0.9995922901739303,99.95922901739303
PC25,0.1026339605420058,0.00025798005738409964,0.025798005738409964,0.9998502702313143,99.98502702313144
PC26,0.03869812402230184,9.727135348971039e-05,0.00972713534897104,0.999947541584804,99.9947541584804
PC27,0.009158063364332121,2.3019648659964386e-05,0.0023019648659964387,0.999970561233464,99.9970561233464
PC28,0.0048031477355981135,1.2073160987943819e-05,0.001207316098794382,0.9999826343944519,99.9982634394452
PC29,0.004000472775827928,1.0055562416391651e-05,0.0010055562416391652,0.9999926899568683,99.99926899568683
PC30,0.002908204168823475,7.310043131880249e-06,0.0007310043131880248,1.0000000000000002,100.00000000000003
PC31,3.5934336274138925e-30,9.032431453590596e-33,9.032431453590596e-31,1.0000000000000002,100.00000000000003
